timestamp,track_id,range_m,azimuth_deg,elevation_deg,rcs_dbsm,radial_velocity_mps,velocity_n_mps,velocity_e_mps,velocity_d_mps,relative_n_m,relative_e_m,relative_d_m,latitude,longitude,altitude,num_inliers,time_under_track,gps_week,gps_seconds
2025-10-07T19:43:02.923868+00:00,491,478.793518,23.7069397,-3.76011753,-15.9523363,-0.604747057,0.450653285,1.47390926,-2.53940725,364.717926,-310.197388,-1.29655921,35.7282639,-78.6953583,87.8165588,977.0,465.608582,2387,243782.9238682226
2025-10-07T19:43:03.180120+00:00,491,478.63913,23.7473545,-3.68054175,-15.9523363,-0.600217938,0.450653285,1.47390926,-2.53940725,364.833405,-309.819672,-1.94728565,35.7282639,-78.6953583,88.4672852,977.0,465.864838,2387,243783.18011950815
2025-10-07T19:43:03.436371+00:00,491,478.485901,23.7877884,-3.60091281,-15.9523363,-0.595684409,0.450653285,1.47390926,-2.53940725,364.948883,-309.442,-2.59801197,35.7282639,-78.6953506,89.1180115,977.0,466.121094,2387,243783.43637079393
2025-10-07T19:43:03.692622+00:00,491,478.333862,23.8282394,-3.52123141,-15.9523363,-0.591146588,0.450653285,1.47390926,-2.53940725,365.064362,-309.064301,-3.24873829,35.7282677,-78.6953506,89.7687378,977.0,466.37735,2387,243783.69262207948
2025-10-07T19:43:03.948873+00:00,491,478.182953,23.8687115,-3.44149756,-15.9523363,-0.586604416,0.450653285,1.47390926,-2.53940725,365.17984,-308.686615,-3.89946461,35.7282677,-78.695343,90.4194641,977.0,466.633575,2387,243783.94887336527
2025-10-07T19:43:04.205125+00:00,491,478.033203,23.9092,-3.36171198,-15.9523363,-0.582058,0.450653285,1.47390926,-2.53940725,365.295319,-308.308929,-4.55019093,35.7282677,-78.695343,91.0701904,977.0,466.889832,2387,243784.20512465082
2025-10-07T19:43:04.461376+00:00,491,477.884644,23.9497089,-3.2818749,-15.9523363,-0.577507317,0.450653285,1.47390926,-2.53940725,365.410797,-307.931244,-5.20091724,35.7282677,-78.6953354,91.7209167,977.0,467.146088,2387,243784.4613759366
2025-10-07T19:43:04.717627+00:00,491,477.737244,23.9902363,-3.20198679,-15.9523363,-0.57295239,0.450653285,1.47390926,-2.53940725,365.526276,-307.553528,-5.85164356,35.7282715,-78.6953354,92.3716431,977.0,467.402344,2387,243784.7176272224
2025-10-07T19:43:04.973879+00:00,491,477.591,24.0307827,-3.1220479,-15.9523363,-0.56839329,0.450653285,1.47390926,-2.53940725,365.641754,-307.175842,-6.50237036,35.7282715,-78.6953278,93.0223694,977.0,467.6586,2387,243784.97387850794
2025-10-07T19:43:05.230130+00:00,491,477.445953,24.0713463,-3.04205871,-15.9523363,-0.563829958,0.450653285,1.47390926,-2.53940725,365.757233,-306.798157,-7.15309668,35.7282715,-78.6953278,93.6730957,977.0,467.914856,2387,243785.23012979372
2025-10-07T19:43:05.486381+00:00,491,477.302032,24.1119289,-2.96201968,-15.9523363,-0.559262514,0.450653285,1.47390926,-2.53940725,365.872711,-306.420471,-7.80382299,35.7282753,-78.6953201,94.323822,977.0,468.171112,2387,243785.4863810795
2025-10-07T19:43:05.742632+00:00,491,477.159302,24.1525288,-2.88193083,-15.9523363,-0.554690957,0.450653285,1.47390926,-2.53940725,365.98819,-306.042786,-8.45454884,35.7282753,-78.6953125,94.9745483,977.0,468.427338,2387,243785.7426323653
2025-10-07T19:43:05.998884+00:00,491,477.017761,24.1931496,-2.80179286,-15.9523363,-0.550115287,0.450653285,1.47390926,-2.53940725,366.103668,-305.66507,-9.10527515,35.7282753,-78.6953125,95.6252747,977.0,468.683594,2387,243785.99888365084
2025-10-07T19:43:06.255135+00:00,491,476.87738,24.2337875,-2.72160625,-15.9523363,-0.545535624,0.450653285,1.47390926,-2.53940725,366.219177,-305.287384,-9.75600243,35.7282753,-78.6953049,96.276,977.0,468.93985,2387,243786.25513493663
2025-10-07T19:43:06.511386+00:00,491,476.738159,24.2744446,-2.64137125,-15.9523363,-0.540951848,0.450653285,1.47390926,-2.53940725,366.334656,-304.909698,-10.4067287,35.7282791,-78.6953049,96.9267273,977.0,469.196106,2387,243786.51138622218
2025-10-07T19:43:06.767638+00:00,491,476.600128,24.3151188,-2.56108809,-15.9523363,-0.536364138,0.450653285,1.47390926,-2.53940725,366.450134,-304.532,-11.0574551,35.7282791,-78.6953,97.5774536,977.0,469.452362,2387,243786.7676375075
2025-10-07T19:43:07.023889+00:00,491,476.463287,24.3558121,-2.48075747,-15.9523363,-0.531772435,0.450653285,1.47390926,-2.53940725,366.565613,-304.154327,-11.7081814,35.7282791,-78.6953,98.2281799,977.0,469.708618,2387,243787.02388879305
2025-10-07T19:43:07.280140+00:00,491,476.327606,24.3965244,-2.40037942,-15.9523363,-0.527176797,0.450653285,1.47390926,-2.53940725,366.681091,-303.776642,-12.3589077,35.7282791,-78.6952896,98.8789062,977.0,469.964844,2387,243787.28014008884
2025-10-07T19:43:07.536391+00:00,491,476.193115,24.437254,-2.31995487,-15.9523363,-0.522577226,0.450653285,1.47390926,-2.53940725,366.79657,-303.398926,-13.009634,35.7282829,-78.6952896,99.5296326,977.0,470.2211,2387,243787.53639137463
2025-10-07T19:43:07.792643+00:00,491,476.059784,24.4780025,-2.23948359,-15.9523363,-0.517973781,0.450653285,1.47390926,-2.53940725,366.912048,-303.02124,-13.6603603,35.7282829,-78.695282,100.180359,977.0,470.477356,2387,243787.7926426604
2025-10-07T19:43:08.048894+00:00,491,475.927643,24.5187683,-2.15896654,-15.9523363,-0.51336652,0.450653285,1.47390926,-2.53940725,367.027527,-302.643555,-14.3110867,35.7282829,-78.6952744,100.831085,977.0,470.733612,2387,243788.0488939462
2025-10-07T19:43:08.305145+00:00,491,475.796692,24.5595531,-2.07840371,-15.9523363,-0.508755386,0.450653285,1.47390926,-2.53940725,367.143,-302.265869,-14.961813,35.7282867,-78.6952744,101.481812,977.0,470.989868,2387,243788.30514523198
2025-10-07T19:43:08.561397+00:00,491,475.666901,24.6003551,-1.9977957,-15.9523363,-0.504140496,0.450653285,1.47390926,-2.53940725,367.258484,-301.888184,-15.6125393,35.7282867,-78.6952667,102.132538,977.0,471.246124,2387,243788.561396518
2025-10-07T19:43:08.817648+00:00,491,475.5383,24.6411762,-1.91714299,-15.9523363,-0.499521822,0.450653285,1.47390926,-2.53940725,367.373962,-301.510468,-16.2632656,35.7282867,-78.6952667,102.783264,977.0,471.50235,2387,243788.81764780378
2025-10-07T19:43:09.073899+00:00,491,475.410889,24.6820164,-1.83644569,-15.9523363,-0.494899422,0.450653285,1.47390926,-2.53940725,367.489441,-301.132782,-16.9139919,35.7282867,-78.6952591,103.43399,977.0,471.758606,2387,243789.07389908956
2025-10-07T19:43:09.330150+00:00,491,475.284668,24.7228737,-1.75570452,-15.9523363,-0.490273327,0.450653285,1.47390926,-2.53940725,367.604919,-300.755096,-17.5647182,35.7282906,-78.6952591,104.084717,977.0,472.014862,2387,243789.33015037535
2025-10-07T19:43:09.586402+00:00,491,475.159637,24.7637482,-1.67491972,-15.9523363,-0.485643536,0.450653285,1.47390926,-2.53940725,367.720398,-300.377411,-18.2154446,35.7282906,-78.6952515,104.735443,977.0,472.271118,2387,243789.58640166136
2025-10-07T19:43:09.842653+00:00,491,475.035797,24.8046417,-1.59409177,-15.9523363,-0.481010139,0.450653285,1.47390926,-2.53940725,367.835876,-299.999725,-18.8661709,35.7282906,-78.6952515,105.386169,977.0,472.527374,2387,243789.84265294715
2025-10-07T19:43:10.098904+00:00,491,474.913116,24.8455524,-1.51322103,-15.9523363,-0.476373106,0.450653285,1.47390926,-2.53940725,367.951385,-299.62204,-19.5168972,35.7282906,-78.6952438,106.036896,977.0,472.78363,2387,243790.09890423316
2025-10-07T19:43:10.355156+00:00,491,474.791626,24.8864822,-1.43230796,-15.9523363,-0.471732527,0.450653285,1.47390926,-2.53940725,368.066864,-299.244324,-20.1676235,35.7282944,-78.6952438,106.687622,977.0,473.039886,2387,243790.35515552896
2025-10-07T19:43:10.611407+00:00,491,474.671356,24.9274292,-1.35135293,-15.9523363,-0.467088372,0.450653285,1.47390926,-2.53940725,368.182343,-298.866638,-20.8183498,35.7282944,-78.6952362,107.338348,977.0,473.296112,2387,243790.61140681474
2025-10-07T19:43:10.867658+00:00,491,474.552246,24.9683952,-1.27035642,-15.9523363,-0.462440729,0.450653285,1.47390926,-2.53940725,368.297821,-298.488953,-21.4690762,35.7282944,-78.6952286,107.989075,977.0,473.552368,2387,243790.86765810076
2025-10-07T19:43:11.123909+00:00,491,474.434357,25.0093784,-1.18931878,-15.9523363,-0.4577896,0.450653285,1.47390926,-2.53940725,368.4133,-298.111267,-22.1198025,35.7283,-78.6952286,108.639801,977.0,473.808624,2387,243791.12390938654
2025-10-07T19:43:11.380161+00:00,491,474.317627,25.0503788,-1.10824037,-15.9523363,-0.453135,0.450653285,1.47390926,-2.53940725,368.528778,-297.733582,-22.7705288,35.7283,-78.6952209,109.290527,977.0,474.06488,2387,243791.3801606714
2025-10-07T19:43:11.636412+00:00,491,474.202118,25.0913982,-1.02712178,-15.9523363,-0.448477,0.450653285,1.47390926,-2.53940725,368.644257,-297.355865,-23.4212551,35.7283,-78.6952209,109.941254,977.0,474.321136,2387,243791.63641195695
2025-10-07T19:43:11.892663+00:00,491,477.421387,15.9942322,-6.25245905,-13.4429779,0.315362573,-3.30734038,-3.34631634,0.823338628,318.340302,-355.376434,17.2694473,35.7278442,-78.6958618,69.2505493,978.0,474.577393,2387,243791.89266324273
2025-10-07T19:43:12.148915+00:00,491,477.499359,15.8742256,-6.27435637,-13.4429779,0.285946965,-3.29398799,-3.28275037,0.796496511,317.643707,-356.096161,17.4254227,35.7278404,-78.6958694,69.094574,978.0,474.833618,2387,243792.14891451687
2025-10-07T19:43:12.405166+00:00,491,477.574158,15.7313795,-6.30268478,-13.4429779,0.297846824,-3.29398799,-3.28275037,0.796496511,316.799622,-356.937378,17.6295261,35.7278328,-78.6958771,68.8904724,978.0,475.089874,2387,243792.40516580266
2025-10-07T19:43:12.661417+00:00,491,477.652,15.588563,-6.33096457,-13.4429779,0.30974102,-3.29398799,-3.28275037,0.796496511,315.955536,-357.778595,17.8336296,35.7278252,-78.6958847,68.6863708,978.0,475.34613,2387,243792.6614170882
2025-10-07T19:43:12.917668+00:00,491,477.73291,15.4457788,-6.35919619,-13.4429779,0.321629256,-3.29398799,-3.28275037,0.796496511,315.11145,-358.619781,18.0377331,35.7278175,-78.6959,68.4822617,978.0,475.602386,2387,243792.917668374
2025-10-07T19:43:13.173920+00:00,491,477.816833,15.3030281,-6.38737917,-13.4429779,0.333511353,-3.29398799,-3.28275037,0.796496511,314.267365,-359.461,18.2418365,35.7278099,-78.6959076,68.2781601,978.0,475.858643,2387,243793.17391965978
2025-10-07T19:43:13.430171+00:00,491,477.903839,15.1603127,-6.41551256,-13.4429779,0.345387101,-3.29398799,-3.28275037,0.796496511,313.423279,-360.302216,18.44594,35.7278023,-78.6959152,68.0740585,978.0,476.114899,2387,243793.43017094556
2025-10-07T19:43:13.686422+00:00,491,477.993866,15.0176344,-6.44359636,-13.4429779,0.357256204,-3.29398799,-3.28275037,0.796496511,312.579193,-361.143433,18.6500435,35.7277946,-78.6959229,67.8699493,978.0,476.371124,2387,243793.6864222311
2025-10-07T19:43:13.942674+00:00,491,478.086914,14.8749952,-6.47162962,-13.4429779,0.369118512,-3.29398799,-3.28275037,0.796496511,311.735107,-361.984619,18.854147,35.727787,-78.6959305,67.6658478,978.0,476.62738,2387,243793.9426735169
2025-10-07T19:43:14.198925+00:00,491,478.183044,14.7323961,-6.49961185,-13.4429779,0.380973786,-3.29398799,-3.28275037,0.796496511,310.891022,-362.825836,19.0582485,35.7277794,-78.6959457,67.4617462,978.0,476.883636,2387,243794.19892480268
2025-10-07T19:43:14.455176+00:00,491,478.282166,14.5898399,-6.52754259,-13.4429779,0.392821819,-3.29398799,-3.28275037,0.796496511,310.046936,-363.667053,19.262352,35.7277718,-78.6959534,67.2576447,978.0,477.139893,2387,243794.45517608846
2025-10-07T19:43:14.711427+00:00,491,478.384369,14.4473276,-6.55542183,-13.4429779,0.404662341,-3.29398799,-3.28275037,0.796496511,309.20282,-364.50827,19.4664555,35.7277641,-78.695961,67.0535431,978.0,477.396149,2387,243794.71142737425
2025-10-07T19:43:14.967679+00:00,491,478.489563,14.3048611,-6.58324909,-13.4429779,0.416495174,-3.29398799,-3.28275037,0.796496511,308.358734,-365.349457,19.6705589,35.7277565,-78.6959686,66.8494415,978.0,477.652405,2387,243794.96767866003
2025-10-07T19:43:15.223930+00:00,491,478.597809,14.1624422,-6.61102343,-13.4429779,0.42832011,-3.29398799,-3.28275037,0.796496511,307.514648,-366.190674,19.8746624,35.7277489,-78.6959839,66.6453323,978.0,477.908661,2387,243795.22392994582
2025-10-07T19:43:15.480181+00:00,491,478.709076,14.020072,-6.63874435,-13.4429779,0.440136909,-3.29398799,-3.28275037,0.796496511,306.670563,-367.031891,20.0787659,35.7277412,-78.6959915,66.4412308,978.0,478.164886,2387,243795.4801812316
2025-10-07T19:43:15.736433+00:00,491,479.683929,11.7008333,-7.0614,-12.7800207,0.648325,-4.4480896,-4.17353439,1.09048057,292.104431,-379.782959,23.1645679,35.7276077,-78.6961288,63.3554306,979.0,478.421143,2387,243795.73643251738
2025-10-07T19:43:15.992684+00:00,491,479.827759,11.5312901,-7.09308958,-12.7800207,0.670137107,-4.41428947,-4.15281,1.0770328,291.062317,-380.748871,23.4030666,35.7276,-78.6961441,63.1169281,979.0,478.677399,2387,243795.99268380317
2025-10-07T19:43:16.248935+00:00,491,480.002045,11.3462534,-7.12938881,-12.7800207,0.690122545,-4.41428947,-4.15281,1.0770328,289.931152,-381.813049,23.6790581,35.7275887,-78.6961517,62.8409424,979.0,478.933655,2387,243796.24893508895
2025-10-07T19:43:16.505186+00:00,491,479.121918,10.9051971,-7.63136482,-13.2520323,0.113595381,-4.89670181,-3.69316268,1.47775149,286.268494,-383.19519,27.7416401,35.7275543,-78.696167,58.7783585,980.0,479.189911,2387,243796.50518637474
2025-10-07T19:43:16.761438+00:00,491,479.152313,10.7197962,-7.67921448,-13.2520323,0.142267987,-4.88611126,-3.6952877,1.47376645,285.034454,-384.125336,28.107914,35.7275467,-78.6961823,58.4120789,980.0,479.446167,2387,243796.76143766052
2025-10-07T19:43:17.017689+00:00,491,478.608124,12.3219213,-7.06141138,-12.2088633,-0.0211547781,-3.66659141,-2.81161523,0.72615248,295.508667,-375.766418,23.2375946,35.7276382,-78.6960831,63.2824059,981.0,479.702393,2387,243797.0176889463
2025-10-07T19:43:17.273940+00:00,491,478.604034,12.1795473,-7.08738565,-12.2088633,-0.00587356696,-3.66810179,-2.81711769,0.729321778,294.567932,-376.487488,23.4250469,35.7276306,-78.6960907,63.0949554,981.0,479.958649,2387,243797.27394023232
2025-10-07T19:43:17.530192+00:00,491,478.323975,11.6203804,-7.31976318,-13.2816305,-0.715271115,-4.53343821,-2.50404978,1.04190707,290.641296,-379.057495,25.2365704,35.7275963,-78.6961212,61.283432,982.0,480.214905,2387,243797.5301915181
2025-10-07T19:43:17.786443+00:00,491,478.66452,11.7524061,-7.19491673,-14.0949078,0.877072871,-3.30001497,-3.59862733,0.821207643,291.767242,-378.687317,24.2393017,35.7276039,-78.6961212,62.2806969,983.0,480.471161,2387,243797.7864428039
2025-10-07T19:43:18.042694+00:00,491,478.886902,11.6040773,-7.22211409,-14.0949078,0.842752874,-3.33070159,-3.56295657,0.818720579,290.917358,-379.607758,24.4482288,35.7275963,-78.6961288,62.0717697,983.0,480.727417,2387,243798.04269408967
2025-10-07T19:43:18.298945+00:00,491,479.104492,11.4560709,-7.24938774,-14.0949078,0.855451882,-3.33070159,-3.56295657,0.818720579,290.063873,-380.520782,24.6580257,35.7275887,-78.6961365,61.861969,983.0,480.983673,2387,243798.29894537546
2025-10-07T19:43:18.555197+00:00,491,479.325317,11.3081818,-7.27658844,-14.0949078,0.868133485,-3.33070159,-3.56295657,0.818720579,289.210358,-381.433777,24.8678246,35.727581,-78.6961517,61.6521759,983.0,481.239899,2387,243798.555196661
2025-10-07T19:43:18.811448+00:00,491,479.549408,11.1604109,-7.30371618,-14.0949078,0.880797446,-3.33070159,-3.56295657,0.818720579,288.356873,-382.346802,25.0776234,35.7275734,-78.6961594,61.4423714,983.0,481.496155,2387,243798.8114479468
2025-10-07T19:43:19.067699+00:00,491,479.776733,11.0127621,-7.33077049,-14.0949078,0.893443584,-3.33070159,-3.56295657,0.818720579,287.503387,-383.259796,25.2874203,35.7275658,-78.696167,61.2325745,983.0,481.752411,2387,243799.06769923234
2025-10-07T19:43:19.323951+00:00,491,480.007294,10.8652363,-7.35775089,-14.0949078,0.906071544,-3.33070159,-3.56295657,0.818720579,286.649872,-384.172821,25.4972191,35.7275581,-78.6961823,61.0227814,983.0,482.008667,2387,243799.3239505179
2025-10-07T19:43:19.580202+00:00,491,479.756836,10.4376278,-7.85244894,-14.2755527,0.528054774,-3.99976754,-3.45118475,1.86270976,283.435028,-385.95166,29.5385475,35.7275314,-78.6962,56.9814491,984.0,482.264923,2387,243799.58020180368
2025-10-07T19:43:19.836453+00:00,491,479.889526,10.2760983,-7.91169,-14.2755527,0.543072045,-4.00143719,-3.45044041,1.86263537,282.406464,-386.833069,30.0122242,35.72752,-78.6962051,56.5077744,984.0,482.521179,2387,243799.83645308923
2025-10-07T19:43:20.092704+00:00,491,479.292419,11.7486172,-5.11279058,-13.6943674,0.397062778,-1.65328479,-1.85596311,-4.33236361,292.800476,-379.39682,6.86801624,35.7276154,-78.6961288,79.6519852,985.0,482.777435,2387,243800.092704375
2025-10-07T19:43:20.348956+00:00,491,479.098785,11.163723,-4.54957,-12.5401592,0.356255949,-2.43761683,-2.31752,-5.24486923,288.925781,-382.169312,2.04253483,35.727581,-78.6961594,84.4774628,986.0,483.033661,2387,243800.34895566056
2025-10-07T19:43:20.605207+00:00,491,479.575226,9.58713531,-4.89839649,-12.0133562,0.411661118,-4.53143501,-3.7879374,-4.06056929,278.554077,-390.356506,4.672719,35.7274857,-78.6962509,81.8472824,987.0,483.289917,2387,243800.60520694635
2025-10-07T19:43:20.861458+00:00,491,479.152,9.7757,-4.67290688,-11.1164675,0.239027813,-4.05949354,-3.24291277,-4.2954154,279.626495,-389.085785,2.8166666,35.7274971,-78.6962357,83.703331,988.0,483.546173,2387,243800.86145823213
2025-10-07T19:43:21.117710+00:00,491,479.216522,9.61345387,-4.54473066,-11.1164675,0.263914645,-4.05883789,-3.24320936,-4.29495096,278.586426,-389.91684,1.71654975,35.7274857,-78.6962433,84.8034515,988.0,483.802429,2387,243801.11770951768
2025-10-07T19:43:21.373961+00:00,491,478.984131,9.84720516,-4.28055763,-10.6522942,0.159155741,-3.42945361,-2.66267776,-4.66739559,280.0737,-388.567017,-0.450799048,35.7275,-78.696228,86.9707947,989.0,484.058685,2387,243801.37396080347
2025-10-07T19:43:21.630212+00:00,491,478.992065,9.75939,-3.96952152,-10.1248865,0.184081182,-3.33822036,-2.58490658,-5.17186975,279.523651,-388.960876,-3.06609154,35.7274971,-78.6962357,89.5860901,990.0,484.314941,2387,243801.63021208925
2025-10-07T19:43:21.886463+00:00,491,478.911652,9.66892,-3.64656663,-9.93228817,0.196393207,-3.27954674,-2.50670981,-5.69014788,278.895752,-389.281525,-5.78032,35.7274895,-78.6962357,92.3003159,991.0,484.571167,2387,243801.88646337503
2025-10-07T19:43:22.142715+00:00,491,478.808319,10.0568113,-3.53131461,-9.53262806,0.156940907,-2.30494499,-1.77442205,-5.50158119,281.468384,-387.283386,-6.67255497,35.7275124,-78.6962128,93.1925507,992.0,484.827423,2387,243802.1427146606
2025-10-07T19:43:22.398966+00:00,491,478.851196,9.96378422,-3.36468363,-9.53262806,0.17753382,-2.30563784,-1.77478325,-5.50127554,280.877258,-387.738495,-8.0820713,35.7275085,-78.6962204,94.602066,992.0,485.083679,2387,243802.39896594637
2025-10-07T19:43:22.655217+00:00,491,478.803,9.72815514,-3.41130328,-9.21584892,0.154818341,-2.62971115,-1.98351562,-4.80633926,279.251709,-388.858582,-7.73390818,35.7274933,-78.696228,94.2539062,993.0,485.339935,2387,243802.65521723215
2025-10-07T19:43:22.911469+00:00,491,478.932465,9.24106598,-3.30173564,-8.67479706,0.227500737,-3.39473319,-2.56813145,-4.70228148,276.022156,-391.294983,-8.73663425,35.7274628,-78.6962585,95.2566299,994.0,485.596191,2387,243802.91146851794
2025-10-07T19:43:23.167720+00:00,491,478.986908,8.76627064,-3.03096104,-8.47788715,0.258332163,-4.12433243,-3.02854,-5.14933968,272.816284,-393.544128,-11.08078,35.7274361,-78.6962814,97.6007767,995.0,485.852448,2387,243803.16771980372
2025-10-07T19:43:23.423971+00:00,491,478.928314,8.72416878,-2.95854,-8.15024471,0.202866659,-3.91484618,-2.81197309,-4.86914253,272.495697,-393.677216,-11.6915064,35.7274323,-78.6962814,98.2115,996.0,486.108673,2387,243803.4239710895
2025-10-07T19:43:23.680222+00:00,491,478.983582,8.57335091,-2.81235528,-8.15024471,0.228192732,-3.91446614,-2.81199956,-4.86919689,271.492798,-394.397675,-12.9392633,35.7274246,-78.6962891,99.459259,996.0,486.364929,2387,243803.6802223753
2025-10-07T19:43:23.936474+00:00,491,479.00296,8.55849457,-2.99391866,-8.23312092,0.202192083,-3.6303246,-2.63376045,-3.76466608,271.398773,-394.532654,-11.4251175,35.7274208,-78.6963,97.9451141,997.0,486.621185,2387,243803.93647366107
2025-10-07T19:43:24.192725+00:00,491,479.029572,8.52253819,-2.94222307,-7.95047808,0.201275811,-3.41715527,-2.48489928,-3.55888653,271.167511,-394.711029,-11.8636599,35.7274208,-78.6963,98.3836594,998.0,486.877441,2387,243804.19272494686
2025-10-07T19:43:24.448976+00:00,491,479.058716,8.40427,-2.72464275,-8.08327293,0.213833392,-3.39875484,-2.44806743,-3.92702,270.371216,-395.232758,-13.7019482,35.7274132,-78.6963043,100.221939,999.0,487.133698,2387,243804.44897623264
2025-10-07T19:43:24.705228+00:00,491,479.111084,8.48872375,-3.06137395,-8.10147762,0.206936896,-2.94361162,-2.2038424,-2.42306828,270.978058,-394.968445,-10.87535,35.727417,-78.6963,97.3953476,1000.0,487.389954,2387,243804.70522751866
2025-10-07T19:43:24.961479+00:00,491,479.165436,8.37452126,-2.98935437,-8.10147762,0.217239782,-2.94392323,-2.20395565,-2.42433906,270.223511,-395.533325,-11.4972448,35.7274132,-78.6963043,98.0172424,1000.0,487.64621,2387,243804.96147880444
2025-10-07T19:43:25.217730+00:00,491,479.203094,8.93871593,-3.02554226,-8.01003742,0.195679173,-1.60261047,-1.29919457,-2.03826809,274.122131,-392.898743,-11.102129,35.7274475,-78.6962738,97.6221237,1001.0,487.902435,2387,243805.21773008906
2025-10-07T19:43:25.473981+00:00,491,479.26712,9.00895214,-2.83123446,-8.10933685,0.20991978,-1.33707523,-1.11215889,-2.45622039,274.643677,-392.563538,-12.7162323,35.7274513,-78.6962738,99.2362289,1002.0,488.158691,2387,243805.4739813746
2025-10-07T19:43:25.730233+00:00,491,479.349731,9.15986633,-2.67945647,-8.05895,0.233252242,-0.932687283,-0.845754504,-2.68974853,275.724518,-391.8638,-13.9617395,35.7274628,-78.6962662,100.481735,1003.0,488.414948,2387,243805.73023266016
2025-10-07T19:43:25.986484+00:00,491,479.353241,9.17590714,-2.663028,-8.05718803,0.213462159,-0.843170643,-0.765393734,-2.4851079,275.836182,-391.784698,-14.0964499,35.7274628,-78.6962662,100.61644,1004.0,488.671204,2387,243805.98648394572
2025-10-07T19:43:26.242735+00:00,491,479.408447,9.13967,-2.58780432,-8.05718803,0.217408,-0.843444,-0.765555084,-2.48512769,275.619843,-391.981,-14.7332821,35.727459,-78.6962662,101.253281,1004.0,488.92746,2387,243806.2427352315
2025-10-07T19:43:26.498987+00:00,491,479.442719,9.52492142,-2.43181705,-8.18942,0.225117713,-0.0784277692,-0.221541286,-2.71299291,278.266418,-390.100037,-15.97188,35.7274857,-78.6962433,102.491875,1005.0,489.183716,2387,243806.49898651705
2025-10-07T19:43:26.755238+00:00,491,479.516632,9.60410404,-2.17484975,-8.13165379,0.247475073,0.079028137,-0.097466588,-3.23872757,278.840698,-389.687256,-18.109169,35.7274895,-78.6962433,104.629166,1006.0,489.439941,2387,243806.7552378026
2025-10-07T19:43:27.011489+00:00,491,479.695496,10.1937952,-2.41803789,-8.05217552,0.291852325,1.16616035,0.580410242,-2.17024279,282.95,-387.02951,-15.9756622,35.7275276,-78.6962128,102.495659,1007.0,489.696198,2387,243807.01148908839
2025-10-07T19:43:27.267740+00:00,491,479.839325,10.714551,-1.93988812,-8.21965,0.345034182,2.00827575,1.24155045,-3.38843,286.525024,-384.387604,-19.8842354,35.7275581,-78.6961823,106.404228,1008.0,489.952454,2387,243807.26774037394
2025-10-07T19:43:27.523992+00:00,491,479.928864,10.7841129,-1.83503222,-8.21965,0.354044348,2.00753784,1.24099982,-3.38784719,287.039093,-384.069855,-20.752079,35.727562,-78.6961746,107.272079,1008.0,490.20871,2387,243807.52399165972
2025-10-07T19:43:27.780243+00:00,491,479.954285,11.20364,-1.79054415,-8.35224628,0.325687587,2.57709122,1.72213757,-3.18913364,289.858551,-381.962372,-21.0448742,35.7275887,-78.6961517,107.564873,1009.0,490.464966,2387,243807.78024294527
2025-10-07T19:43:28.036494+00:00,491,480.021851,11.6326838,-1.82268584,-8.28829193,0.313204348,3.13270807,2.17014408,-2.78109789,292.756714,-379.850281,-20.6945286,35.7276154,-78.6961288,107.214523,1010.0,490.721222,2387,243808.03649423106
2025-10-07T19:43:28.292746+00:00,491,480.079895,11.6827898,-2.17356849,-8.19972706,0.27467227,3.00776696,2.04353809,-1.47898579,293.140961,-379.776306,-17.7502079,35.7276192,-78.6961288,104.270203,1011.0,490.977448,2387,243808.2927455166
2025-10-07T19:43:28.548997+00:00,491,480.144562,11.293992,-2.04811096,-8.23499393,0.24215959,2.1280694,1.40114498,-1.73593307,290.590515,-381.758453,-18.8796329,35.7275963,-78.6961517,105.399628,1012.0,491.233704,2387,243808.5489968024
2025-10-07T19:43:28.805248+00:00,491,480.207306,11.3705397,-1.99343479,-8.23499393,0.247464374,2.1285882,1.40124059,-1.73648703,291.136108,-381.399261,-19.3248825,35.7276,-78.6961517,105.844879,1012.0,491.48996,2387,243808.80524808817
2025-10-07T19:43:29.061499+00:00,491,480.193695,10.6474495,-1.82483947,-8.07167912,0.213927805,0.703831673,0.371516258,-2.11998749,286.278564,-384.960815,-20.8746796,35.7275543,-78.6961899,107.394676,1013.0,491.746216,2387,243809.06149937373
2025-10-07T19:43:29.317751+00:00,491,480.164062,10.7281647,-1.72839737,-7.67323637,0.190380871,0.79298377,0.478412539,-2.21255422,286.796631,-384.494263,-21.6653919,35.727562,-78.6961823,108.185394,1014.0,492.002472,2387,243809.3177506595
2025-10-07T19:43:29.574002+00:00,491,480.1828,10.5535975,-1.86274195,-7.56345367,0.183336705,0.430710256,0.176356927,-1.60294831,285.643,-385.435211,-20.5745449,35.7275505,-78.6961899,107.094543,1015.0,492.258728,2387,243809.5740019453
2025-10-07T19:43:29.830253+00:00,491,480.284973,10.2086296,-1.64503145,-7.72509527,0.218915105,-0.230396137,-0.315411359,-2.15078688,283.359436,-387.138733,-22.4655437,35.7275314,-78.6962128,108.985542,1016.0,492.514984,2387,243809.83025323108
2025-10-07T19:43:30.086505+00:00,491,480.34137,10.1958952,-1.57981396,-7.72509527,0.221340403,-0.22980611,-0.314872026,-2.15057445,283.300934,-387.219147,-23.0165253,35.7275276,-78.6962128,109.536522,1016.0,492.77121,2387,243810.08650451686
2025-10-07T19:43:30.342756+00:00,491,480.41275,10.2459126,-1.46715271,-8.12052345,0.227579147,-0.110930279,-0.221731156,-2.29581714,283.670898,-386.979919,-23.9540462,35.7275314,-78.6962128,110.474045,1017.0,493.027466,2387,243810.34275580265
2025-10-07T19:43:30.599007+00:00,491,480.471405,10.2376823,-1.39747441,-8.12052345,0.230360314,-0.110672668,-0.221530348,-2.29536796,283.642761,-387.036499,-24.5419064,35.7275314,-78.6962128,111.061905,1017.0,493.283722,2387,243810.59900708843
2025-10-07T19:43:30.855258+00:00,491,480.530792,10.2294197,-1.32777476,-8.12052345,0.233174175,-0.110672668,-0.221530348,-2.29536796,283.61441,-387.093292,-25.1300983,35.7275314,-78.6962128,111.650093,1017.0,493.539978,2387,243810.8552583742
2025-10-07T19:43:31.111510+00:00,491,480.630188,10.2754984,-1.17743063,-8.57522202,0.26394397,-0.00172388402,-0.156780794,-2.52766,283.967285,-386.874359,-26.3858681,35.7275352,-78.6962128,112.905869,1018.0,493.796234,2387,243811.11150965976
2025-10-07T19:43:31.367761+00:00,491,480.69809,10.2709026,-1.10078418,-8.57522202,0.266999096,-0.00207605143,-0.156707466,-2.52671742,283.966553,-386.914581,-27.032341,35.7275352,-78.6962128,113.552338,1018.0,494.05249,2387,243811.36776094578
2025-10-07T19:43:31.624012+00:00,491,480.742798,10.2432308,-1.10306025,-9.04052925,0.273459047,-0.0339345969,-0.202852607,-2.31570268,283.805969,-387.088745,-27.0208893,35.7275352,-78.6962128,113.540886,1019.0,494.308716,2387,243811.62401223156
2025-10-07T19:43:31.880264+00:00,491,480.900726,10.5658855,-1.75926447,-9.14404869,0.310783178,0.579264104,0.0634176359,-0.380763561,286.145935,-385.908081,-21.4704704,35.7275543,-78.6962,107.990463,1020.0,494.564972,2387,243811.88026351735
2025-10-07T19:43:32.136515+00:00,491,481.000885,10.7390575,-1.43723416,-9.18205929,0.330644041,0.840715528,0.28891322,-1.18846512,287.344421,-384.983398,-24.1420116,35.7275658,-78.6961899,110.66201,1021.0,494.821228,2387,243812.13651480313
2025-10-07T19:43:32.392766+00:00,491,480.939453,10.4847031,-1.18288183,-9.25025272,0.309320778,0.357735813,0.000425566279,-1.77716517,285.565033,-386.086426,-26.3183384,35.7275505,-78.6962,112.838333,1022.0,495.077484,2387,243812.39276608892
2025-10-07T19:43:32.649017+00:00,491,481.018921,10.4922934,-1.12892735,-9.25025272,0.31084016,0.357716352,0.00059825991,-1.77664542,285.656708,-386.086304,-26.7734337,35.7275505,-78.6962,113.293427,1022.0,495.33374,2387,243812.6490173747
2025-10-07T19:43:32.905269+00:00,491,481.098785,10.4998798,-1.07496989,-9.25025272,0.312537968,0.357716352,0.00059825991,-1.77664542,285.748383,-386.086151,-27.2287,35.7275505,-78.6962,113.748695,1022.0,495.59,2387,243812.90526866048
2025-10-07T19:43:33.161520+00:00,491,481.095154,10.9462671,-0.97295469,-8.69797516,0.312300563,1.06760728,0.548827052,-1.87953389,288.738,-383.795502,-27.9988766,35.7275772,-78.6961746,114.518875,1023.0,495.846222,2387,243813.1615199565
2025-10-07T19:43:33.417771+00:00,491,481.161285,10.8178444,-0.815284729,-8.36899376,0.340739906,0.811263621,0.345388114,-2.15228367,287.891418,-384.413025,-29.3486786,35.7275696,-78.6961823,115.868675,1024.0,496.102478,2387,243813.4177712423
2025-10-07T19:43:33.674023+00:00,491,481.225159,10.9159164,-0.656131864,-8.00456619,0.362028182,0.939124346,0.443814367,-2.39973927,288.563354,-383.885864,-30.6676,35.7275772,-78.6961746,117.187599,1025.0,496.358734,2387,243813.67402252808
2025-10-07T19:43:33.930274+00:00,491,481.318298,10.9452667,-0.582842886,-8.00456619,0.365245,0.938817441,0.443979472,-2.39919567,288.803864,-383.772156,-31.2821388,35.7275772,-78.6961746,117.802132,1025.0,496.615,2387,243813.9302738141
2025-10-07T19:43:34.186525+00:00,491,481.383209,10.9243231,-0.30952087,-7.73887205,0.370299876,0.829784036,0.41896221,-2.96373415,288.651093,-383.774231,-33.5809326,35.7275772,-78.6961746,120.100922,1026.0,496.871246,2387,243814.18652509988
2025-10-07T19:43:34.442776+00:00,491,481.468048,10.8643055,-0.0256829597,-7.46530199,0.37531805,0.646767199,0.345145881,-3.52471495,288.238495,-383.973663,-35.9766388,35.7275734,-78.6961746,122.496635,1027.0,497.127502,2387,243814.44277638567
2025-10-07T19:43:34.699028+00:00,491,481.579681,11.0544538,0.205594927,-7.2206707,0.381869555,0.961517513,0.630435824,-3.87855935,289.529144,-382.957611,-37.8861,35.7275848,-78.696167,124.406097,1028.0,497.383759,2387,243814.69902767168
2025-10-07T19:43:34.955279+00:00,491,481.636475,11.0783224,0.145706534,-7.09742832,0.340044796,0.937928796,0.606507838,-3.32409692,289.737946,-382.920441,-37.3841934,35.7275887,-78.696167,123.90419,1029.0,497.639984,2387,243814.95527895747
2025-10-07T19:43:35.211530+00:00,491,481.724518,11.1099205,0.247282848,-7.09742832,0.346769869,0.937945902,0.606229365,-3.32427359,289.978241,-382.765167,-38.2360611,35.7275887,-78.696167,124.756058,1029.0,497.89624,2387,243815.21153024232
2025-10-07T19:43:35.467782+00:00,491,482.084625,11.0720587,0.51148963,-7.5143075,0.491381526,0.850155234,0.432023078,-3.85173297,289.872131,-383.067291,-40.4869919,35.7275887,-78.696167,127.006989,1030.0,498.152496,2387,243815.4677815281
2025-10-07T19:43:35.724033+00:00,491,482.132843,11.2356138,0.323350549,-7.27307,0.423463583,1.14161718,0.625890493,-2.86102176,291.048187,-382.401917,-38.8818474,35.7276,-78.6961594,125.40184,1031.0,498.408752,2387,243815.72403281365
2025-10-07T19:43:35.980284+00:00,491,482.215912,11.1254234,0.623931289,-7.15585804,0.408551395,0.780600905,0.462269932,-3.55745125,290.278442,-382.823914,-41.4303246,35.7275925,-78.696167,127.950317,1032.0,498.665,2387,243815.98028409944
2025-10-07T19:43:36.236535+00:00,491,482.254547,11.3023043,0.658068955,-6.84742594,0.374545544,1.09874988,0.726119936,-3.30315661,291.478363,-381.932129,-41.685276,35.7276039,-78.6961517,128.205261,1033.0,498.921265,2387,243816.23653537358
2025-10-07T19:43:36.492787+00:00,491,482.35144,11.3399353,0.758908153,-6.84742594,0.381415367,1.09873962,0.725823104,-3.30314398,291.759857,-381.746216,-42.5317078,35.7276039,-78.6961517,129.051697,1033.0,499.17749,2387,243816.49278665936
2025-10-07T19:43:36.749038+00:00,491,482.388672,11.3502817,0.985704064,-6.78802,0.350697428,0.994613349,0.749696136,-3.71369553,291.782776,-381.559,-44.4341087,35.7276039,-78.6961517,130.954102,1034.0,499.433746,2387,243816.74903794492
2025-10-07T19:43:37.005289+00:00,491,482.428894,11.5415678,1.04771411,-6.50828838,0.321936607,1.32483423,1.02895641,-3.53150511,293.066803,-380.567657,-44.9196777,35.7276192,-78.6961365,131.439667,1035.0,499.69,2387,243817.0052892307
2025-10-07T19:43:37.261541+00:00,491,482.489197,11.5141525,0.927812338,-6.22881937,0.300653547,1.17644739,0.845808625,-2.78956723,292.957947,-380.843811,-43.925621,35.7276154,-78.6961441,130.445618,1036.0,499.946259,2387,243817.26154051648
2025-10-07T19:43:37.517792+00:00,491,482.53183,11.5419083,1.06336224,-5.97675,0.296836585,1.13089573,0.844764888,-2.95791984,293.126587,-380.635437,-45.0603676,35.7276192,-78.6961365,131.580368,1037.0,500.202515,2387,243817.51779180203
2025-10-07T19:43:37.774043+00:00,491,482.608643,11.5827198,1.15391481,-5.97675,0.302553296,1.13096547,0.844777703,-2.95820189,293.416412,-380.418976,-45.8185387,35.7276192,-78.6961365,132.338531,1037.0,500.458771,2387,243817.77404308782
2025-10-07T19:43:38.030294+00:00,491,482.66391,11.4887877,1.13438356,-5.74567509,0.30364877,0.844531059,0.577074409,-2.60731268,292.828644,-380.958374,-45.6787338,35.7276154,-78.6961441,132.19873,1038.0,500.715,2387,243818.0302943736
2025-10-07T19:43:38.286546+00:00,491,482.740967,11.5493698,1.05844951,-5.45487881,0.331515282,0.955126166,0.563569427,-2.09783506,293.305084,-380.765839,-45.0372124,35.7276192,-78.6961441,131.557205,1039.0,500.971252,2387,243818.2865456594
2025-10-07T19:43:38.542797+00:00,491,482.839386,11.4894028,1.14547229,-5.27423191,0.361236811,0.75955826,0.388712883,-2.18507051,292.935608,-381.085358,-45.7882195,35.7276154,-78.6961441,132.308212,1040.0,501.227509,2387,243818.54279694517
2025-10-07T19:43:38.799048+00:00,491,482.943848,11.5377111,1.08591878,-5.14251184,0.382031322,0.846453369,0.377293348,-1.76500916,293.341522,-380.965149,-45.2889214,35.7276192,-78.6961441,131.808914,1041.0,501.483765,2387,243818.79904823072
2025-10-07T19:43:39.055300+00:00,491,483.041931,11.5638466,1.13939559,-5.14251184,0.383780569,0.846331596,0.377619,-1.76551306,293.558441,-380.868286,-45.7416191,35.727623,-78.6961441,132.261612,1041.0,501.740021,2387,243819.0552995165
2025-10-07T19:43:39.311551+00:00,491,483.148956,11.4414215,1.33093822,-5.05044127,0.40076068,0.491496503,0.147679791,-2.23869038,292.739624,-381.433167,-47.3833199,35.7276154,-78.6961517,133.90332,1042.0,501.996277,2387,243819.3115508023
2025-10-07T19:43:39.567802+00:00,491,483.21991,11.4022141,1.2736702,-4.85812902,0.384614974,0.381435066,0.0302363057,-1.82897675,292.53952,-381.734039,-46.9174957,35.7276115,-78.6961517,133.4375,1043.0,502.252533,2387,243819.56780208807
2025-10-07T19:43:39.824053+00:00,491,483.320862,11.356102,1.17356551,-4.63576317,0.387207061,0.280665517,-0.116045654,-1.31802046,292.325,-382.126038,-46.0961266,35.7276115,-78.6961594,132.616119,1044.0,502.508759,2387,243819.82405337386
2025-10-07T19:43:40.080305+00:00,491,483.410767,11.356472,1.24440074,-4.34668541,0.385883063,0.266848445,-0.109816112,-1.4252758,292.358185,-382.141144,-46.6993484,35.7276115,-78.6961594,133.219345,1045.0,502.765,2387,243820.08030465964
2025-10-07T19:43:40.336556+00:00,491,483.509766,11.3599,1.28686321,-4.34668541,0.386901259,0.266938597,-0.109683976,-1.42554045,292.426666,-382.169159,-47.0647812,35.7276115,-78.6961594,133.584778,1045.0,503.021271,2387,243820.33655595544
2025-10-07T19:43:40.592807+00:00,491,483.568542,11.3543682,1.37423515,-4.27537251,0.362803072,0.224041,-0.0906075239,-1.57521844,292.394897,-382.175934,-47.8052406,35.7276115,-78.6961594,134.325241,1046.0,503.277527,2387,243820.59280724145
2025-10-07T19:43:40.849059+00:00,491,483.641571,11.329937,1.38145936,-4.07696915,0.353790045,0.161686078,-0.143024445,-1.44461882,292.272522,-382.352814,-47.8779449,35.7276115,-78.6961594,134.397949,1047.0,503.533783,2387,243820.84905852724
2025-10-07T19:43:41.105310+00:00,491,483.774292,11.0850353,1.52470267,-4.06831694,0.377085388,-0.414918512,-0.559496582,-1.79894137,290.654297,-383.591858,-49.1420898,35.7275963,-78.6961746,135.662094,1048.0,503.790039,2387,243821.10530981302
2025-10-07T19:43:41.361561+00:00,491,483.856964,11.0059919,1.66672814,-4.12434196,0.370928317,-0.570411325,-0.622963309,-2.10054731,290.118774,-383.943604,-50.3585434,35.7275925,-78.6961746,136.87854,1049.0,504.046265,2387,243821.3615610988
2025-10-07T19:43:41.617812+00:00,491,483.952362,10.9793844,1.72898138,-4.12434196,0.373601049,-0.569942832,-0.622722626,-2.10001922,289.972961,-384.103027,-50.8964233,35.7275887,-78.6961823,137.416412,1049.0,504.302521,2387,243821.6178123846
2025-10-07T19:43:41.874064+00:00,491,484.155182,11.167984,1.45480859,-4.71800232,0.423816949,0.0204342958,-0.397351116,-0.964283526,291.467255,-383.527496,-48.5771637,35.7276039,-78.6961746,135.097168,1050.0,504.558777,2387,243821.8740636706
2025-10-07T19:43:42.130315+00:00,491,484.272217,11.2884493,1.64047217,-4.75657177,0.422339052,0.288205326,-0.121244825,-1.47370505,292.280914,-382.856171,-50.1259155,35.7276115,-78.696167,136.645905,1051.0,504.815033,2387,243822.13031495546
2025-10-07T19:43:42.386566+00:00,491,484.432709,10.9209471,1.81636596,-4.70773792,0.450938076,-0.576059937,-0.741217673,-1.93949282,289.832306,-384.707916,-51.6927147,35.7275887,-78.6961823,138.212708,1052.0,505.071289,2387,243822.386566241
2025-10-07T19:43:42.642818+00:00,491,484.548553,10.8922138,1.87331533,-4.70773792,0.453309029,-0.575520337,-0.740919471,-1.93893623,289.685059,-384.897583,-52.1893349,35.7275887,-78.6961899,138.70932,1052.0,505.327545,2387,243822.64281752656
2025-10-07T19:43:42.899069+00:00,491,484.665,10.8634577,1.93026412,-4.70773792,0.455653191,-0.575520337,-0.740919471,-1.93893623,289.537598,-385.087433,-52.6861877,35.7275848,-78.6961899,139.206177,1052.0,505.583771,2387,243822.8990688121
2025-10-07T19:43:43.155320+00:00,491,484.738831,10.8163328,2.0093627,-4.50082827,0.433339328,-0.634267747,-0.743371665,-2.00629663,289.230865,-385.316864,-53.3682747,35.727581,-78.6961899,139.888275,1053.0,505.840027,2387,243823.15532008625
2025-10-07T19:43:43.411571+00:00,491,484.827637,10.9802008,2.00271177,-4.06753397,0.422735363,-0.208975255,-0.442481637,-1.79163778,290.395447,-384.562683,-53.2905312,35.7275925,-78.6961823,139.810532,1054.0,506.096283,2387,243823.41157137204
2025-10-07T19:43:43.667823+00:00,491,484.942596,10.8635483,2.13679194,-3.90044546,0.439052194,-0.436530024,-0.591603458,-2.04761481,289.619965,-385.12915,-54.4532051,35.7275848,-78.6961899,140.973206,1055.0,506.352539,2387,243823.6678226576
2025-10-07T19:43:43.924074+00:00,491,485.047424,11.0128078,2.30238533,-3.60929251,0.437253982,-0.0840453729,-0.273000419,-2.3571825,290.622223,-384.30838,-55.8285217,35.7275963,-78.6961823,142.348511,1056.0,506.608795,2387,243823.92407394337
2025-10-07T19:43:44.180325+00:00,491,485.159821,11.004137,2.37244272,-3.60929251,0.440094262,-0.0843072236,-0.273223102,-2.35671544,290.600494,-384.37851,-56.4322243,35.7275963,-78.6961823,142.952225,1056.0,506.865051,2387,243824.18032522892
2025-10-07T19:43:44.436577+00:00,491,485.250366,11.1576471,2.39367366,-3.60081863,0.429054737,0.273206472,-0.0118292309,-2.19063783,291.682343,-383.649261,-56.5913658,35.7276039,-78.6961746,143.111359,1057.0,507.121307,2387,243824.4365765147
2025-10-07T19:43:44.692828+00:00,491,485.351685,11.2442188,2.47910905,-3.55821013,0.436741561,0.451848954,0.127774447,-2.24880338,292.289246,-383.209412,-57.3047142,35.7276115,-78.696167,143.824707,1058.0,507.377533,2387,243824.69282780026
2025-10-07T19:43:44.949079+00:00,491,485.467102,11.1743288,2.63812065,-3.52643204,0.448699355,0.256404161,0.0171037354,-2.54929829,291.814819,-383.510529,-58.6693611,35.7276077,-78.6961746,145.189362,1059.0,507.633789,2387,243824.94907908604
2025-10-07T19:43:45.205330+00:00,491,485.578918,11.1669264,2.74308085,-3.48530674,0.45458886,0.224165618,0.00568137318,-2.64425063,291.78302,-383.537933,-59.5669975,35.7276039,-78.6961746,146.08699,1060.0,507.890045,2387,243825.20533037183
2025-10-07T19:43:45.461582+00:00,491,485.695831,11.1705904,2.82200336,-3.48530674,0.458125353,0.224200428,0.00574408146,-2.64393044,291.840485,-383.536469,-60.2443581,35.7276077,-78.6961746,146.764359,1060.0,508.146301,2387,243825.46158165738
2025-10-07T19:43:45.717833+00:00,491,485.802765,11.1007395,2.94147205,-3.51878953,0.458528101,0.0448631607,-0.102033049,-2.78274584,291.375,-383.862213,-61.2760162,35.7276039,-78.6961746,147.796021,1061.0,508.402557,2387,243825.71783294316
2025-10-07T19:43:45.974084+00:00,491,485.90564,11.0063505,2.96989202,-3.43071818,0.447402358,-0.161743104,-0.270191312,-2.6088779,290.784393,-384.396667,-61.5464096,35.7275963,-78.6961823,148.066406,1062.0,508.658813,2387,243825.97408422895
2025-10-07T19:43:46.230336+00:00,491,486.054749,10.7889423,3.26462436,-3.48375988,0.470169157,-0.68162483,-0.548589408,-3.34399962,289.251434,-385.325623,-64.0859375,35.727581,-78.6961899,150.605927,1063.0,508.915039,2387,243826.23033551473
2025-10-07T19:43:46.486587+00:00,491,486.15448,10.903861,3.41040587,-3.44514847,0.448491752,-0.371881843,-0.255989552,-3.4824779,290.013977,-384.673462,-65.3025894,35.7275887,-78.6961823,151.822586,1064.0,509.171295,2387,243826.4865868005
2025-10-07T19:43:46.742838+00:00,491,486.270294,10.8878202,3.5142839,-3.44514847,0.455049217,-0.37172249,-0.256185114,-3.48188615,289.918762,-384.739136,-66.1945267,35.7275887,-78.6961823,152.714523,1064.0,509.427551,2387,243826.74283808607
2025-10-07T19:43:46.999089+00:00,491,486.362946,11.0942144,3.48194075,-3.4739027,0.4139027,0.156004623,0.10934709,-3.00197983,291.389069,-383.795746,-65.8951263,35.7276039,-78.6961746,152.415131,1065.0,509.683807,2387,243826.99908937185
2025-10-07T19:43:47.255341+00:00,491,486.436584,11.029664,3.52714944,-3.38447809,0.382161766,-0.0140908407,-0.00193228759,-2.85462117,290.972015,-384.136,-66.2978439,35.7276,-78.6961823,152.817841,1066.0,509.940063,2387,243827.25534066765
2025-10-07T19:43:47.511592+00:00,491,486.531586,11.0088882,3.74186444,-3.35699272,0.367311209,-0.102802202,0.0391433425,-3.28294802,290.769867,-384.090546,-68.1201324,35.7275963,-78.6961746,154.640137,1067.0,510.19632,2387,243827.51159195343
2025-10-07T19:43:47.767843+00:00,491,486.588348,11.1183615,3.78488636,-3.22414374,0.327095896,0.150913745,0.249794379,-3.08128476,291.520325,-383.531281,-68.4683838,35.7276039,-78.6961746,154.988373,1068.0,510.452545,2387,243827.7678432392
2025-10-07T19:43:48.024095+00:00,491,486.672943,11.1243763,3.87753773,-3.22414374,0.332442313,0.150918275,0.249346286,-3.08131075,291.558899,-383.467499,-69.2579651,35.7276039,-78.6961746,155.777954,1068.0,510.708801,2387,243828.024094525
2025-10-07T19:43:48.280346+00:00,491,486.704834,11.2355032,3.94401574,-3.25933623,0.285727143,0.370989472,0.463045478,-2.9786222,292.290466,-382.852356,-69.7994385,35.7276115,-78.696167,156.319427,1069.0,510.965057,2387,243828.28034580962
2025-10-07T19:43:48.536597+00:00,491,486.753479,11.3912792,3.95123053,-3.0504837,0.254632682,0.695108891,0.700682223,-2.68830824,293.36618,-382.083954,-69.8362427,35.7276192,-78.6961594,156.356232,1070.0,511.221313,2387,243828.53659709517
2025-10-07T19:43:48.792848+00:00,491,486.817505,11.2347631,3.87256742,-3.0421102,0.234909907,0.295847327,0.318995893,-2.16768837,292.394379,-383.022308,-69.215065,35.7276115,-78.696167,155.735062,1071.0,511.47757,2387,243828.79284838072
2025-10-07T19:43:49.049100+00:00,491,486.851471,11.3974342,3.99285793,-3.00575161,0.20734863,0.614576697,0.636992872,-2.33606958,293.442413,-382.083801,-70.1990204,35.7276192,-78.6961594,156.719009,1072.0,511.733826,2387,243829.04909966627
2025-10-07T19:43:49.305351+00:00,491,486.905121,11.4222,4.06375647,-3.00575161,0.21090731,0.614582598,0.636665404,-2.33631873,293.599792,-381.920746,-70.7978134,35.727623,-78.6961517,157.31781,1072.0,511.990082,2387,243829.30535094018
2025-10-07T19:43:49.561602+00:00,491,487.185547,11.7183018,4.02594566,-3.90421414,0.486539751,1.43834841,0.863860369,-1.99297988,295.783203,-380.653778,-70.4611053,35.7276421,-78.6961441,156.98111,1073.0,512.246338,2387,243829.56160222596
2025-10-07T19:43:49.817854+00:00,491,487.040558,11.741992,3.90739655,-4.7957778,0.0013234379,1.10747921,1.10353398,-1.33732474,295.923767,-380.546936,-69.4383469,35.7276421,-78.6961365,155.958344,1074.0,512.502563,2387,243829.81785351151
2025-10-07T19:43:50.074105+00:00,491,487.041473,11.787837,3.94933867,-4.7957778,0.00524329254,1.10817313,1.10213733,-1.33857501,296.207367,-380.264496,-69.7819366,35.7276459,-78.6961365,156.301941,1074.0,512.75885,2387,243830.07410479707
2025-10-07T19:43:50.330356+00:00,491,486.973022,11.605999,3.85903621,-4.67783165,-0.0408606865,0.607997,0.692268848,-0.936602,294.997345,-381.249878,-69.0494461,35.7276344,-78.6961441,155.569443,1075.0,513.015076,2387,243830.33035608262
2025-10-07T19:43:50.586607+00:00,491,486.963562,11.6326952,3.88853145,-4.67783165,-0.0375836492,0.609764338,0.690888286,-0.938110054,295.154022,-381.072693,-69.2907944,35.7276344,-78.6961441,155.810791,1075.0,513.271301,2387,243830.5866073684
2025-10-07T19:43:50.842859+00:00,491,486.946228,11.6269646,3.94081545,-4.76361322,-0.0463926,0.53026545,0.654202,-1.00694442,295.074615,-381.032104,-69.7291641,35.7276344,-78.6961441,156.249161,1076.0,513.527588,2387,243830.84285865395
2025-10-07T19:43:51.099110+00:00,491,486.982544,11.769659,4.12133265,-4.85023451,-0.0315417908,0.753044486,0.893814683,-1.4256376,295.947571,-380.124054,-71.2232132,35.7276421,-78.6961365,157.74321,1077.0,513.783813,2387,243831.09910993974
2025-10-07T19:43:51.355361+00:00,491,486.95697,11.7858143,4.20730782,-5.53176546,-0.0714124665,0.681976,0.913388312,-1.53446,295.988312,-379.924805,-71.9387512,35.7276421,-78.6961288,158.45874,1078.0,514.0401,2387,243831.3553612253
2025-10-07T19:43:51.611613+00:00,491,487.168823,11.4889889,4.62921667,-6.15465736,0.152916268,0.0607240386,0.367612392,-2.60356832,293.858643,-381.141724,-75.5748062,35.727623,-78.6961441,162.094803,1079.0,514.296326,2387,243831.61161251107
2025-10-07T19:43:51.867864+00:00,491,487.208374,11.4953947,4.70801783,-6.15465736,0.156069458,0.0608809106,0.368183792,-2.60281825,293.874542,-381.047272,-76.2413712,35.727623,-78.6961441,162.761353,1079.0,514.552551,2387,243831.86786379662
2025-10-07T19:43:52.124115+00:00,491,487.24884,11.5017643,4.78685474,-6.15465736,0.159692645,0.0608809106,0.368183792,-2.60281825,293.890137,-380.952911,-76.9083405,35.727623,-78.6961441,163.428345,1079.0,514.808838,2387,243832.1241150824
2025-10-07T19:43:52.380366+00:00,491,488.083069,11.3446903,4.86865711,-6.31084919,1.24058855,0.353336155,-0.73533994,-2.83891392,293.279541,-382.316254,-77.7591705,35.7276192,-78.6961594,164.279175,1080.0,515.065063,2387,243832.3803663682
2025-10-07T19:43:52.636618+00:00,491,488.405975,11.3376007,4.94878626,-6.31084919,1.25828,0.36043936,-0.747362256,-2.84045,293.372,-382.509094,-78.4860764,35.7276192,-78.6961594,165.006073,1080.0,515.32135,2387,243832.63661765374
2025-10-07T19:43:52.892869+00:00,491,489.847,11.1159048,3.99960542,-6.77719545,2.95598745,1.09619749,-2.89065266,-0.155384406,293.331604,-385.878143,-70.7438736,35.7276192,-78.6962,157.26387,1081.0,515.577576,2387,243832.89286893953
2025-10-07T19:43:53.149120+00:00,491,490.612488,11.0896664,3.98953342,-6.77719545,2.9832952,1.1117208,-2.91517043,-0.143233672,293.617065,-386.627258,-70.7742767,35.727623,-78.6962051,157.294281,1081.0,515.833862,2387,243833.14912023532
2025-10-07T19:43:53.405372+00:00,491,491.94458,11.3808403,3.68528581,-6.91804504,3.92266941,2.45844531,-3.25968575,0.867292762,296.577087,-386.501526,-68.3232117,35.7276497,-78.6962051,154.843201,1082.0,516.090088,2387,243833.4053715211
2025-10-07T19:43:53.661623+00:00,491,493.181732,11.2184696,3.3580389,-7.17967892,4.35769653,2.4083724,-4.00111771,1.82193756,296.392731,-388.662,-65.7377319,35.7276459,-78.696228,152.257721,1083.0,516.346313,2387,243833.66162280666
2025-10-07T19:43:53.917874+00:00,491,494.497833,11.3802261,3.25510597,-7.3151226,4.61700916,2.99857736,-3.89601946,1.95264721,298.3479,-388.962219,-65.0003357,35.7276649,-78.6962357,151.520325,1084.0,516.6026,2387,243833.91787409244
2025-10-07T19:43:54.174125+00:00,491,495.719666,11.4567127,3.02658701,-7.15474367,4.74888563,3.29339361,-3.91157341,2.4936223,299.728912,-389.754,-63.185482,35.7276764,-78.6962433,149.705475,1085.0,516.858826,2387,243834.17412537822
2025-10-07T19:43:54.430377+00:00,491,496.937,11.4655733,2.93446088,-7.15474367,4.75324774,3.29281569,-3.91113901,2.4936254,300.572571,-390.756287,-62.5464745,35.727684,-78.6962509,149.066467,1085.0,517.115112,2387,243834.430376664
2025-10-07T19:43:54.686628+00:00,491,498.24588,11.4064417,2.99528432,-7.36514,4.86243296,3.16319227,-4.06480598,1.94077909,300.925446,-392.036407,-63.2478142,35.7276878,-78.6962662,149.767807,1086.0,517.371338,2387,243834.6866279498
2025-10-07T19:43:54.942879+00:00,491,499.577026,11.3505096,2.88629055,-7.30683947,4.95596838,3.0797298,-4.25832605,2.04738832,301.397186,-393.48761,-62.4857,35.7276917,-78.6962814,149.005692,1087.0,517.627625,2387,243834.94287923558
2025-10-07T19:43:55.199131+00:00,491,500.847107,11.3481493,2.80736136,-7.30683947,4.95880604,3.07942414,-4.25753307,2.04786348,302.18631,-394.578461,-61.9606323,35.7277,-78.6963,148.480621,1087.0,517.88385,2387,243835.19913052136
2025-10-07T19:43:55.455382+00:00,491,502.194824,11.2854357,2.80645514,-7.50584221,5.03092527,2.96144271,-4.39534855,1.76975834,302.562958,-395.973328,-62.1322975,35.7277031,-78.696312,148.652298,1088.0,518.140076,2387,243835.45538180714
2025-10-07T19:43:55.711633+00:00,491,503.483887,11.2779083,2.73590469,-7.50584221,5.03287125,2.96102262,-4.3944068,1.77029049,303.321777,-397.099152,-61.6782494,35.7277107,-78.6963196,148.198242,1088.0,518.396362,2387,243835.71163309293
2025-10-07T19:43:55.967884+00:00,491,504.850555,11.2297544,2.958359,-7.6853,5.089499,2.84801507,-4.4083581,0.798644185,303.696198,-398.211395,-63.7998695,35.7277145,-78.6963348,150.31987,1089.0,518.652588,2387,243835.9678843787
2025-10-07T19:43:56.224136+00:00,491,506.226379,11.1945972,3.38841772,-7.71036577,5.13260555,2.72600031,-4.30945063,-0.735031545,304.04776,-399.036865,-67.7473068,35.7277145,-78.6963425,154.267303,1090.0,518.908875,2387,243836.22413566333
2025-10-07T19:43:56.480387+00:00,491,507.575745,11.1355,3.4347651,-7.88858,5.15473318,2.62461424,-4.38824368,-0.885779381,304.415771,-400.366,-68.3467484,35.7277184,-78.6963577,154.86673,1091.0,519.1651,2387,243836.48038694912
2025-10-07T19:43:56.736638+00:00,491,508.953827,11.3878698,3.36907411,-8.02300358,5.17820263,3.25746417,-3.97697735,-0.644377589,307.061,-400.171051,-67.9021225,35.7277451,-78.6963577,154.422119,1092.0,519.421326,2387,243836.73663823467
2025-10-07T19:43:56.992890+00:00,491,510.280701,11.3925781,3.36781096,-8.02300358,5.17810345,3.25711632,-3.97713518,-0.644170582,307.895508,-401.190277,-68.0670166,35.7277527,-78.6963654,154.587,1092.0,519.677612,2387,243836.99288952022
2025-10-07T19:43:57.249141+00:00,491,511.634705,11.3504725,3.04414678,-8.01579857,5.18127489,3.21769357,-4.1747613,0.362692118,308.589417,-402.823273,-65.3917542,35.7277565,-78.6963882,151.911743,1093.0,519.933838,2387,243837.24914080577
2025-10-07T19:43:57.505392+00:00,491,512.950195,11.3200712,2.76486325,-7.88338757,5.16322708,3.17986465,-4.29657793,1.14491248,309.310364,-404.308228,-63.0863304,35.7277641,-78.6964,149.606323,1094.0,520.190125,2387,243837.50539209132
2025-10-07T19:43:57.761643+00:00,491,514.336,11.4955482,3.02910781,-7.99265575,5.15193701,3.50636077,-3.88119841,0.156375885,311.260101,-404.176819,-65.5726,35.7277794,-78.6964,152.09259,1095.0,520.44635,2387,243837.7616433771
2025-10-07T19:43:58.017895+00:00,491,515.632629,11.7394772,2.80748606,-8.27308941,5.10223198,4.01648855,-3.51825857,0.809527576,313.897888,-404.087189,-63.7077179,35.7278061,-78.6963959,150.227722,1096.0,520.702637,2387,243838.01789466265
2025-10-07T19:43:58.274146+00:00,491,516.940369,11.7692308,2.7670002,-8.27308941,5.10427856,4.01630735,-3.51898789,0.809236407,314.926788,-404.989136,-63.5004959,35.7278137,-78.6964111,150.020493,1096.0,520.958862,2387,243838.2741459482
2025-10-07T19:43:58.530397+00:00,491,518.144775,11.8901577,2.43688416,-8.31179333,5.01465082,4.19880104,-3.38747334,1.73622882,316.687042,-405.590698,-60.6592827,35.727829,-78.6964188,147.179276,1097.0,521.215088,2387,243838.530397234
2025-10-07T19:43:58.786649+00:00,491,519.381958,12.273592,2.30220962,-8.24647236,4.95458555,4.90750933,-2.7679,1.9833914,320.242432,-404.550751,-59.5073357,35.7278633,-78.6964,146.027328,1098.0,521.471375,2387,243838.78664851954
2025-10-07T19:43:59.042900+00:00,491,520.633,12.0741615,2.3495245,-8.1925354,4.88070917,4.27484226,-3.1250608,1.59143794,319.567078,-406.596832,-60.1219254,35.7278557,-78.6964264,146.641922,1099.0,521.7276,2387,243839.04289980532
2025-10-07T19:43:59.299151+00:00,491,521.802917,12.3146334,2.22601819,-8.14709759,4.80922222,4.66632509,-2.74200988,1.81780887,322.064056,-406.278076,-59.0863571,35.7278786,-78.6964264,145.606354,1100.0,521.983887,2387,243839.29915109088
2025-10-07T19:43:59.555402+00:00,491,523.036133,12.3711195,2.16066885,-8.14709759,4.81458521,4.66655779,-2.74273372,1.81759679,323.259766,-406.981049,-58.6207047,35.72789,-78.696434,145.140701,1100.0,522.240112,2387,243839.55540237666
2025-10-07T19:43:59.811654+00:00,491,524.146545,12.1691036,2.11651945,-8.2179966,4.70838118,4.02730131,-3.10607219,1.73757708,322.51532,-409.028351,-58.3893433,35.7278824,-78.6964569,144.909332,1101.0,522.496399,2387,243839.81165366244
2025-10-07T19:44:00.067905+00:00,491,525.275085,12.2187414,2.19187021,-8.30251312,4.65061331,3.99834633,-2.99334288,1.29564619,323.532776,-409.557068,-59.1901627,35.72789,-78.6964569,145.710144,1102.0,522.752625,2387,243840.067904948
2025-10-07T19:44:00.324156+00:00,491,526.459045,12.1492586,2.24024844,-8.38413906,4.63346481,3.73492074,-3.1350348,0.966262162,323.737701,-410.827576,-59.7807236,35.7278938,-78.6964722,146.30072,1103.0,523.00885,2387,243840.32415623378
2025-10-07T19:44:00.580408+00:00,491,527.565796,12.1662531,2.08312201,-8.35231304,4.59809542,3.70582461,-3.16178465,1.35141206,324.6138,-411.744324,-58.4653625,35.7279,-78.6964874,144.985352,1104.0,523.265137,2387,243840.58040751956
2025-10-07T19:44:00.836659+00:00,491,528.744446,12.1940117,2.03179693,-8.35231304,4.60041809,3.70607376,-3.16181397,1.35132527,325.563599,-412.554504,-58.1191063,35.7279091,-78.6964951,144.639099,1104.0,523.521362,2387,243840.8366588051
2025-10-07T19:44:01.092910+00:00,491,529.86676,12.1826773,1.96468937,-8.49913502,4.58555,3.61270022,-3.22111988,1.40311158,326.202271,-413.557556,-57.6283379,35.7279167,-78.6965,144.148331,1105.0,523.777649,2387,243841.0929100909
2025-10-07T19:44:01.349161+00:00,491,531.015,12.2579355,1.92398942,-8.36209297,4.59597206,3.72883606,-3.13474321,1.36933327,327.47522,-414.061127,-57.3612556,35.7279282,-78.6965103,143.881256,1106.0,524.033875,2387,243841.34916137668
2025-10-07T19:44:01.605413+00:00,491,532.218384,12.2172489,2.00008059,-8.24611187,4.62896442,3.5763216,-3.24177694,0.942728698,327.886536,-415.161713,-58.2029266,35.727932,-78.6965256,144.722916,1107.0,524.2901,2387,243841.60541266247
2025-10-07T19:44:01.861664+00:00,491,533.4151,12.2492428,2.00685167,-8.11449242,4.65933657,3.60741162,-3.23400235,0.787674,328.854736,-415.905,-58.3891373,35.7279396,-78.6965332,144.909134,1108.0,524.546387,2387,243841.86166394825
2025-10-07T19:44:02.117915+00:00,491,534.609131,12.2727671,1.97153854,-8.11449242,4.66014481,3.6072669,-3.23374414,0.788068712,329.779144,-416.733643,-58.1870155,35.7279472,-78.6965408,144.707016,1108.0,524.802612,2387,243842.11791523403
2025-10-07T19:44:02.374167+00:00,491,535.84552,12.1826057,2.10938573,-8.08473,4.71024227,3.35634518,-3.41775703,0.200174883,329.816467,-418.086884,-59.6232262,35.7279472,-78.6965561,146.143219,1109.0,525.058899,2387,243842.37416651842
2025-10-07T19:44:02.630418+00:00,491,537.099548,12.052949,1.92658615,-8.00576496,4.76252842,3.08987188,-3.7648561,0.723328829,329.71521,-419.987366,-58.0896492,35.7279472,-78.6965714,144.60965,1110.0,525.315125,2387,243842.63041780397
2025-10-07T19:44:02.886669+00:00,491,538.401184,12.2214117,1.77968609,-7.90420246,4.83454466,3.52162433,-3.56348467,1.10689044,331.824127,-420.166748,-56.8197098,35.7279663,-78.696579,143.339706,1111.0,525.571411,2387,243842.88666908952
2025-10-07T19:44:03.142920+00:00,491,539.647888,12.2871513,1.85918963,-7.80413389,4.87292385,3.63880873,-3.46544528,0.694786727,333.044,-420.683411,-57.6804314,35.7279778,-78.6965866,144.200424,1112.0,525.827637,2387,243843.1429203632
2025-10-07T19:44:03.399172+00:00,491,540.896545,12.3070173,1.82647741,-7.80413389,4.87338734,3.63835096,-3.46521473,0.694926083,333.976257,-421.571411,-57.5023117,35.7279854,-78.6965942,144.022308,1112.0,526.083862,2387,243843.39917164875
2025-10-07T19:44:03.655423+00:00,491,542.201965,12.0813866,2.04414153,-7.96779394,4.95363855,3.09014869,-3.88616109,-0.171926349,333.005798,-423.699432,-59.7404327,35.7279778,-78.6966171,146.260437,1113.0,526.340149,2387,243843.65542293407
2025-10-07T19:44:03.911674+00:00,491,543.53833,12.1894865,1.82686472,-8.06099415,5.03199673,3.41429067,-3.82316518,0.519383848,334.731476,-424.318604,-57.8141823,35.727993,-78.6966248,144.334183,1114.0,526.596375,2387,243843.9116742194
2025-10-07T19:44:04.167925+00:00,491,544.895508,11.9735708,1.89972281,-8.30788708,5.08962917,2.91912127,-4.23770094,0.15537186,333.918304,-426.572815,-58.697216,35.7279854,-78.6966476,145.217224,1115.0,526.852661,2387,243844.1679254926
2025-10-07T19:44:04.424177+00:00,491,546.189392,11.9947538,1.69210362,-8.45254803,5.09885836,3.02074504,-4.25061417,0.785974622,334.961609,-427.656433,-56.8642273,35.727993,-78.6966629,143.384216,1116.0,527.108887,2387,243844.42417677792
2025-10-07T19:44:04.680428+00:00,491,547.496,11.9891233,1.65647852,-8.45254803,5.09937906,3.02068758,-4.25019884,0.78563869,335.735748,-428.745422,-56.6630821,35.728,-78.6966705,143.183075,1116.0,527.365173,2387,243844.68042806324
2025-10-07T19:44:04.936679+00:00,491,548.818115,11.9337549,1.89617622,-8.57187939,5.10243,2.86654687,-4.25609064,-0.126371026,336.022949,-429.880981,-59.0952148,35.7280045,-78.6966858,145.615204,1117.0,527.621399,2387,243844.9366793488
2025-10-07T19:44:05.192931+00:00,491,550.123291,12.0631504,1.73093069,-8.44217777,5.10188198,3.20243144,-4.0601511,0.389152735,337.874725,-430.296753,-57.6285057,35.7280197,-78.6966858,144.148499,1118.0,527.877625,2387,243845.1929306341
2025-10-07T19:44:05.449182+00:00,491,551.462952,12.0981321,1.4977088,-8.39961433,5.11750317,3.31850171,-4.07254553,1.07632983,339.061798,-431.3526,-55.5284653,35.7280312,-78.6967,142.048462,1119.0,528.133911,2387,243845.44918191942
2025-10-07T19:44:05.705433+00:00,491,552.771362,12.3149137,1.56817257,-8.35574722,5.10326529,3.76984143,-3.65249753,0.722969,341.480713,-431.020966,-56.2850876,35.728054,-78.6966934,142.805084,1120.0,528.390137,2387,243845.70543320497
2025-10-07T19:44:05.961684+00:00,491,554.079224,12.3338957,1.53554082,-8.35574722,5.10429049,3.76953626,-3.65283895,0.722875416,342.446472,-431.957153,-56.0998955,35.7280617,-78.6967087,142.619888,1120.0,528.646423,2387,243845.9616844903
2025-10-07T19:44:06.217936+00:00,491,555.396606,12.2709522,1.60516369,-8.38625908,5.08055305,3.55584288,-3.74938798,0.380369127,342.752197,-433.297302,-56.9194794,35.7280655,-78.6967239,143.439468,1121.0,528.902649,2387,243846.21793577584
2025-10-07T19:44:06.474187+00:00,491,556.75354,12.7162571,1.68017864,-8.36775875,5.07934237,4.49778891,-2.94911098,0.0931850076,346.944672,-431.598663,-57.6757431,35.7281036,-78.6967,144.19574,1122.0,529.158875,2387,243846.4741870614
2025-10-07T19:44:06.730438+00:00,491,558.044128,12.6109486,1.62104607,-8.3780117,5.02671289,4.13553715,-3.19294333,0.231872305,346.973633,-433.293854,-57.2624931,35.7281036,-78.6967239,143.782501,1123.0,529.415161,2387,243846.7304383467
2025-10-07T19:44:06.986690+00:00,491,559.295044,12.7704611,1.90950787,-8.35852051,4.96502542,4.32691288,-2.81983709,-0.772768915,348.83728,-433.01889,-60.1510735,35.7281189,-78.6967163,146.671066,1124.0,529.671387,2387,243846.98668963226
2025-10-07T19:44:07.242941+00:00,491,560.567627,12.812211,1.91679668,-8.35852051,4.96682119,4.32714319,-2.8205297,-0.772035539,349.946045,-433.741791,-60.3485,35.7281303,-78.6967239,146.8685,1124.0,529.927673,2387,243847.24294091781
2025-10-07T19:44:07.499192+00:00,491,561.752563,12.7821608,1.76544058,-8.30658054,4.88570499,4.13972425,-2.94127,-0.238210693,350.525726,-434.989258,-59.0084419,35.7281342,-78.6967392,145.528442,1125.0,530.183899,2387,243847.49919220313
2025-10-07T19:44:07.755443+00:00,491,562.959656,12.6190071,1.76841056,-8.16588497,4.84093571,3.66338301,-3.2646,-0.280361205,350.026245,-436.921051,-59.2045441,35.7281303,-78.6967621,145.724548,1126.0,530.440186,2387,243847.75544348868
2025-10-07T19:44:08.011695+00:00,491,564.19873,12.6981897,1.84748685,-8.1030426,4.82641363,3.77134585,-3.11971712,-0.559256077,351.369415,-437.320251,-60.0893517,35.7281418,-78.6967697,146.609344,1127.0,530.696411,2387,243848.01169477424
2025-10-07T19:44:08.267946+00:00,491,565.377197,12.7338495,2.04753232,-8.08412743,4.79430199,3.74035168,-3.00745249,-1.22594786,352.283051,-437.816406,-62.1677742,35.7281494,-78.6967697,148.687775,1128.0,530.952637,2387,243848.2679460698
2025-10-07T19:44:08.524197+00:00,491,566.605896,12.7600536,2.0663662,-8.08412743,4.79521704,3.7405138,-3.00769281,-1.22528636,353.241608,-438.587189,-62.481411,35.7281609,-78.6967773,149.001404,1128.0,531.208923,2387,243848.52419735535
2025-10-07T19:44:08.780449+00:00,491,567.803772,12.7920542,1.8939538,-8.02399158,4.76956177,3.77036619,-3.04303527,-0.572786212,354.31842,-439.48819,-60.9075699,35.7281685,-78.6967926,147.427567,1129.0,531.465149,2387,243848.7804486409
2025-10-07T19:44:09.036700+00:00,491,569.045593,12.6981068,1.7316035,-7.95548,4.76250267,3.51915407,-3.31230283,-0.0234319847,354.440613,-441.190491,-59.4614487,35.7281685,-78.6968079,145.981445,1130.0,531.721436,2387,243849.03669992645
2025-10-07T19:44:09.292951+00:00,491,570.36261,12.4717503,2.02242,-8.20812893,4.78547764,2.92671108,-3.67188072,-1.07825875,353.362579,-443.326141,-62.532814,35.7281609,-78.6968307,149.052811,1131.0,531.977661,2387,243849.292951212
2025-10-07T19:44:09.549202+00:00,491,571.651855,11.9979277,1.83007181,-8.24093914,4.80331039,1.88506103,-4.60404825,-0.410682946,350.539,-447.438873,-60.8828545,35.7281342,-78.6968765,147.402847,1132.0,532.233948,2387,243849.5492024978
2025-10-07T19:44:09.805454+00:00,491,572.882812,11.9633312,1.82663918,-8.24093914,4.80429602,1.88605678,-4.60345602,-0.410834432,351.022736,-448.618134,-60.9882164,35.728138,-78.6968918,147.508209,1132.0,532.490173,2387,243849.80545378334
2025-10-07T19:44:10.061705+00:00,491,574.128052,12.2803326,1.61009955,-8.26500893,4.80192804,2.72803736,-4.0416851,0.33811456,354.383545,-447.847931,-58.8860283,35.7281685,-78.6968842,145.406021,1133.0,532.746399,2387,243850.0617050689
2025-10-07T19:44:10.317956+00:00,491,575.352234,12.5446014,1.69708145,-8.24690533,4.79148293,3.33037519,-3.50479221,-0.00579323899,357.18,-447.07373,-59.8143806,35.7281952,-78.6968765,146.334381,1134.0,533.002686,2387,243850.31795635467
2025-10-07T19:44:10.574208+00:00,491,576.631104,12.4572611,1.91676664,-8.39964867,4.79592133,3.06829858,-3.61274767,-0.79771179,357.183197,-448.395874,-62.1670189,35.7281952,-78.6968918,148.687012,1135.0,533.258911,2387,243850.57420764022
2025-10-07T19:44:10.830459+00:00,491,577.773621,12.5713949,2.05045676,-8.45301056,4.75307083,3.27194238,-3.33480859,-1.21109021,358.726349,-448.433594,-63.6012383,35.7282104,-78.6968918,150.121246,1136.0,533.515198,2387,243850.83045892578
2025-10-07T19:44:11.086710+00:00,491,578.991699,12.5829029,2.0682478,-8.45301056,4.75354099,3.27190089,-3.33514595,-1.21040976,359.564697,-449.288361,-63.9110527,35.7282181,-78.6969,150.431046,1136.0,533.771423,2387,243851.08671021156
2025-10-07T19:44:11.342962+00:00,491,580.201904,12.4252615,1.99915266,-8.55519485,4.74556351,2.89666677,-3.66521478,-0.932566941,359.101135,-451.289764,-63.3891144,35.7282143,-78.6969223,149.909119,1137.0,534.027649,2387,243851.34296150712
2025-10-07T19:44:11.599213+00:00,491,581.381165,12.2177782,1.96471763,-8.42981,4.7390089,2.42738152,-4.04621649,-0.799600542,358.196,-453.544464,-63.2226105,35.7282028,-78.6969452,149.742615,1138.0,534.283936,2387,243851.5992127929
2025-10-07T19:44:11.855464+00:00,491,582.61438,12.1865463,2.0159812,-8.39477825,4.76356554,2.39792013,-4.07870913,-0.952515,358.681091,-454.649811,-63.8825035,35.7282104,-78.6969604,150.402496,1139.0,534.540161,2387,243851.85546407846
2025-10-07T19:44:12.111715+00:00,491,583.840942,12.5114946,1.96269131,-8.32374477,4.78582525,3.20481753,-3.50205159,-0.713804543,362.059418,-453.612396,-63.3956566,35.7282372,-78.6969452,149.915649,1140.0,534.796448,2387,243852.11171536424
2025-10-07T19:44:12.367967+00:00,491,585.067261,12.5193768,1.96780252,-8.32374477,4.78566,3.20430493,-3.50215268,-0.713923275,362.880371,-454.509918,-63.5786781,35.7282448,-78.6969604,150.098679,1140.0,535.052673,2387,243852.36796664816
2025-10-07T19:44:12.624218+00:00,491,586.274841,12.6181183,2.00006676,-8.32408428,4.80131912,3.41720963,-3.33876777,-0.800205231,364.403442,-454.786469,-64.0127563,35.72826,-78.6969604,150.532745,1141.0,535.30896,2387,243852.62421793325
2025-10-07T19:44:12.880469+00:00,491,587.562927,12.2913265,2.09696674,-8.2145586,4.84910393,2.64900446,-3.96461034,-1.13384783,362.530884,-457.763489,-65.2239151,35.7282448,-78.696991,151.743896,1142.0,535.565186,2387,243852.88046921857
2025-10-07T19:44:13.136720+00:00,491,588.863037,12.3230247,1.84260738,-8.13817596,4.88771057,2.81630349,-4.00953,-0.225243613,363.714508,-458.838043,-62.7623253,35.7282524,-78.6970062,149.282318,1143.0,535.821411,2387,243853.1367204813
2025-10-07T19:44:13.392972+00:00,491,590.122498,12.2345104,1.57510567,-8.21688747,4.90197277,2.67555833,-4.25060272,0.646675,363.901367,-460.65036,-60.1796837,35.7282562,-78.6970215,146.699677,1144.0,536.077698,2387,243853.39297176662
2025-10-07T19:44:13.649223+00:00,491,591.378601,12.221941,1.5462482,-8.21688747,4.90248585,2.67555213,-4.25023842,0.645653605,364.587036,-461.739349,-60.0147514,35.72826,-78.6970367,146.534744,1144.0,536.333923,2387,243853.64922305194
2025-10-07T19:44:13.905474+00:00,491,592.67926,12.1856709,1.25948989,-8.82815361,4.92303658,2.66705084,-4.38284254,1.51523972,365.218445,-463.262115,-57.2051163,35.7282677,-78.697052,143.725113,1145.0,536.59021,2387,243853.90547433725
2025-10-07T19:44:14.161726+00:00,491,593.971863,12.3419914,1.50718522,-9.15253,4.90962,3.01126695,-3.97915459,0.534434855,367.180573,-463.033112,-59.8445473,35.7282867,-78.697052,146.364548,1146.0,536.846436,2387,243854.16172562234
2025-10-07T19:44:14.417977+00:00,491,595.229919,12.3398037,1.48159027,-9.15253,4.91021347,3.0110321,-3.97954416,0.534745455,367.951874,-464.052948,-59.7073936,35.7282906,-78.6970596,146.227386,1146.0,537.102722,2387,243854.41797690766
2025-10-07T19:44:14.674228+00:00,491,596.567322,12.747838,1.38418806,-9.60177708,4.91662264,3.93072104,-3.28009558,0.798760355,372.145721,-462.548737,-58.7267723,35.7283287,-78.6970444,145.246765,1147.0,537.358948,2387,243854.67422819298
2025-10-07T19:44:14.930479+00:00,491,597.827454,12.773222,1.35317242,-9.60177708,4.91819811,3.93006563,-3.28117609,0.798716962,373.151947,-463.390198,-58.5221901,35.7283401,-78.697052,145.042175,1147.0,537.615173,2387,243854.9304794783
2025-10-07T19:44:15.186731+00:00,491,599.192871,11.9559431,1.07569063,-9.79024124,4.9176259,2.15374255,-4.76405096,1.49764574,367.415741,-470.004333,-55.9793587,35.7282867,-78.6971283,142.499359,1148.0,537.87146,2387,243855.1867307636
2025-10-07T19:44:15.442982+00:00,491,600.270874,11.5977583,1.15453851,-9.59383202,4.83173656,1.38629246,-5.19291162,1.09428871,365.077332,-473.070404,-56.9920807,35.7282677,-78.6971588,143.51207,1149.0,538.127686,2387,243855.44298204916
2025-10-07T19:44:15.699233+00:00,491,601.509521,11.5481625,1.11528087,-9.59383202,4.8351922,1.38815236,-5.19220829,1.09410596,365.433838,-474.400269,-56.7118378,35.7282677,-78.6971741,143.231827,1149.0,538.384,2387,243855.69923333448
2025-10-07T19:44:15.955485+00:00,491,602.907715,12.0462637,1.04851437,-10.0364208,4.84645367,2.55854,-4.32256,1.20779884,370.453857,-472.359528,-56.0187416,35.7283134,-78.6971512,142.538742,1150.0,538.640198,2387,243855.9554846198
2025-10-07T19:44:16.211736+00:00,491,604.150085,12.0312796,1.00768018,-10.0364208,4.84844255,2.55848575,-4.32339096,1.20764613,371.10907,-473.467926,-55.7094193,35.7283211,-78.6971664,142.229416,1150.0,538.896423,2387,243856.21173590512
2025-10-07T19:44:16.467987+00:00,491,605.600647,10.9834213,0.950286806,-10.4973297,4.91063881,0.418157339,-5.9994483,1.19030261,363.232452,-481.387634,-55.5005836,35.7282486,-78.6972504,142.020584,1151.0,539.15271,2387,243856.46798719067
2025-10-07T19:44:16.724238+00:00,491,606.875427,10.456151,1.30424118,-10.5221424,4.88304663,-0.589495,-6.54465246,0.0253870599,359.373871,-485.397827,-59.4746246,35.7282143,-78.6972961,145.994629,1152.0,539.408936,2387,243856.724238476
2025-10-07T19:44:16.980490+00:00,491,608.127747,10.3511629,1.28956628,-10.5221424,4.89185715,-0.586871505,-6.54372263,0.0266097244,359.224518,-487.07373,-59.4670563,35.7282143,-78.697319,145.987061,1152.0,539.665222,2387,243856.98048976154
2025-10-07T19:44:17.236741+00:00,491,609.09259,10.4466105,1.14166653,-10.6868248,4.73704195,-0.222580209,-6.13660574,0.436996639,360.673462,-487.388367,-57.9743881,35.7282257,-78.697319,144.494385,1153.0,539.921448,2387,243857.23674104686
2025-10-07T19:44:17.492992+00:00,491,610.307617,10.3550501,1.11814737,-10.6868248,4.74487495,-0.221202895,-6.13728619,0.437050134,360.617279,-488.960693,-57.8623047,35.7282257,-78.6973343,144.382294,1153.0,540.177734,2387,243857.4929923324
2025-10-07T19:44:17.749244+00:00,491,611.553467,10.7715645,0.833946884,-10.814847,4.71039534,0.851052105,-5.40599966,1.20065963,365.038055,-487.580872,-54.8612862,35.7282677,-78.697319,141.381287,1154.0,540.43396,2387,243857.74924361796
2025-10-07T19:44:18.005495+00:00,491,612.652771,11.1458273,0.627925754,-10.791687,4.66003036,1.7349838,-4.7388525,1.69720614,368.969849,-486.240784,-52.6745071,35.728302,-78.6973,139.194504,1155.0,540.690186,2387,243858.00549490328
2025-10-07T19:44:18.261746+00:00,491,613.847412,11.1113768,0.576853395,-10.791687,4.66313887,1.73355627,-4.74022818,1.69592547,369.413055,-487.456268,-52.2407303,35.7283058,-78.697319,138.760727,1155.0,540.946472,2387,243858.26174619884
2025-10-07T19:44:18.517997+00:00,491,614.829712,11.2400599,0.731548369,-10.6781311,4.60110378,2.00639653,-4.40377331,1.13790262,371.049072,-487.26593,-53.9456863,35.7283211,-78.697319,140.465683,1156.0,541.202698,2387,243858.5179974844
2025-10-07T19:44:18.774249+00:00,491,616.009033,11.2152662,0.694073498,-10.6781311,4.60273,2.00560975,-4.40457,1.13797,371.562256,-488.395233,-53.6541,35.7283249,-78.6973343,140.174088,1156.0,541.459,2387,243858.77424876994
2025-10-07T19:44:19.030500+00:00,491,617.211,11.8480597,0.732345641,-10.495182,4.65223,3.37012243,-3.40324783,0.973500073,377.681824,-485.169,-54.0083275,35.7283783,-78.6972961,140.52832,1157.0,541.71521,2387,243859.0305000555
2025-10-07T19:44:19.286751+00:00,491,618.328,11.7072859,0.723187506,-10.2116442,4.65781164,3.05223918,-3.64932179,0.893926203,377.167328,-486.984222,-54.0440292,35.7283745,-78.697319,140.564026,1158.0,541.971497,2387,243859.28675133918
2025-10-07T19:44:19.543003+00:00,491,619.548645,11.7262907,0.634748936,-10.0935249,4.70662165,3.11879945,-3.67547178,1.06254637,378.107147,-487.899597,-53.1933784,35.7283821,-78.6973267,139.713379,1159.0,542.227722,2387,243859.5430026245
2025-10-07T19:44:19.799254+00:00,491,620.748474,12.2131414,0.701979935,-9.94954,4.75203276,4.14244175,-2.89597297,0.793421328,382.97522,-485.545166,-53.8942108,35.7284279,-78.6972961,140.414215,1160.0,542.483948,2387,243859.7992539096
2025-10-07T19:44:20.055505+00:00,491,621.966248,12.2482214,0.674246907,-9.94954,4.75305748,4.14157438,-2.89609814,0.793608248,384.036163,-486.287537,-53.6907654,35.7284355,-78.6973114,140.210754,1160.0,542.740234,2387,243860.0555051949
2025-10-07T19:44:20.311756+00:00,491,623.156677,12.2166061,0.523505807,-9.88908863,4.78475332,4.03039503,-3.06227851,1.17541158,384.555573,-487.565033,-52.1689148,35.7284431,-78.697319,138.688904,1161.0,542.99646,2387,243860.31175648022
2025-10-07T19:44:20.568008+00:00,491,624.486633,11.7991695,0.647326708,-9.67540836,4.84829426,3.07554364,-3.84049869,0.617497742,381.744476,-491.291473,-53.7348824,35.7284164,-78.6973648,140.254883,1162.0,543.252747,2387,243860.56800776577
2025-10-07T19:44:20.824259+00:00,491,625.728882,11.8015356,0.622979879,-9.67540836,4.84811068,3.07617211,-3.83926105,0.61794126,382.533234,-492.274872,-53.5763168,35.7284241,-78.6973724,140.096313,1162.0,543.509,2387,243860.8242590511
2025-10-07T19:44:21.080510+00:00,491,626.92865,11.9645948,0.701962888,-9.65453148,4.87560654,3.43825412,-3.55670977,0.292615771,384.646423,-492.05368,-54.49683,35.7284431,-78.6973724,141.01683,1163.0,543.765198,2387,243861.0805103364
2025-10-07T19:44:21.336762+00:00,491,628.177673,11.9771547,0.685397685,-9.65453148,4.87503433,3.43793464,-3.55589867,0.293317556,385.527588,-492.964569,-54.4211922,35.7284508,-78.6973801,140.941193,1163.0,544.021484,2387,243861.33676162173
2025-10-07T19:44:21.593013+00:00,491,629.47,12.2027931,0.486049831,-9.73579502,4.93999243,3.97444081,-3.2751255,0.904730439,388.34552,-492.631531,-52.2912216,35.7284775,-78.6973801,138.811218,1164.0,544.27771,2387,243861.59301290728
2025-10-07T19:44:21.849264+00:00,491,630.920044,12.7651386,0.303385407,-9.86982822,5.04781723,5.24451303,-2.42833638,1.44169879,394.153198,-490.079529,-50.2535477,35.7285271,-78.6973495,136.773544,1165.0,544.534,2387,243861.8492641926
2025-10-07T19:44:22.105515+00:00,491,632.213806,12.8256006,0.262040794,-9.86982822,5.0512414,5.24240494,-2.42912674,1.44054461,395.495453,-490.702728,-49.8851128,35.7285385,-78.6973572,136.405121,1165.0,544.790222,2387,243862.10551547815
2025-10-07T19:44:22.361767+00:00,491,633.514587,13.0373535,0.408440918,-10.2959795,5.05211926,5.55198812,-2.10980892,0.846126378,398.082306,-490.117065,-51.5411644,35.7285652,-78.6973495,138.061157,1166.0,545.046509,2387,243862.36176676347
2025-10-07T19:44:22.618018+00:00,491,634.80957,13.1068459,0.381026745,-10.2959795,5.05616617,5.55086327,-2.11052871,0.846322715,399.503662,-490.6586,-51.3241501,35.7285767,-78.6973572,137.844147,1166.0,545.302734,2387,243862.61801804902
2025-10-07T19:44:22.874269+00:00,491,636.096558,13.1351624,0.271008253,-10.887949,5.0311141,5.45043325,-2.18155479,1.10523832,400.594849,-491.550873,-50.2030106,35.7285881,-78.6973648,136.723,1167.0,545.55896,2387,243862.87426933434
2025-10-07T19:44:23.130521+00:00,491,637.557922,13.6355143,-0.229535416,-11.2247047,5.097404,6.42345428,-1.5474509,2.58701539,405.972382,-489.566711,-44.6209564,35.7286339,-78.6973419,131.140961,1168.0,545.815247,2387,243863.1305206199
2025-10-07T19:44:23.386772+00:00,491,638.865356,13.7280846,-0.294763952,-11.2247047,5.1074729,6.42264032,-1.54838014,2.58512473,407.617218,-489.963928,-43.959877,35.7286491,-78.6973495,130.479874,1168.0,546.071472,2387,243863.38677190544
2025-10-07T19:44:23.643023+00:00,491,639.942627,13.6352587,-0.403672338,-11.4140387,4.99969292,5.97509336,-1.79101765,2.70455313,407.534058,-491.534943,-42.848217,35.7286491,-78.6973648,129.36821,1169.0,546.327759,2387,243863.64302319076
2025-10-07T19:44:23.899274+00:00,491,641.225,13.7161732,-0.471198797,-11.4140387,5.00897884,5.97537851,-1.79176438,2.70356679,409.064789,-491.994263,-42.1563721,35.7286644,-78.6973724,128.676361,1169.0,546.584,2387,243863.8992744763
2025-10-07T19:44:24.155526+00:00,491,642.582947,13.0074739,-0.576568723,-11.8130856,4.98088408,4.40199137,-3.08379555,2.7403326,403.806732,-498.146088,-41.27351,35.7286148,-78.6974411,127.793503,1170.0,546.840271,2387,243864.15552576186
2025-10-07T19:44:24.411777+00:00,491,643.860168,13.0431442,-0.645539701,-11.8130856,4.98622179,4.40407372,-3.08300757,2.7398591,404.936554,-498.935089,-40.5720634,35.7286263,-78.6974487,127.092056,1170.0,547.096497,2387,243864.4117770474
2025-10-07T19:44:24.668028+00:00,491,645.138489,13.0785294,-0.714297771,-11.8130856,4.99080276,4.40407372,-3.08300757,2.7398591,406.065125,-499.725128,-39.8699684,35.7286339,-78.6974564,126.389969,1170.0,547.352722,2387,243864.66802833296
2025-10-07T19:44:24.924280+00:00,491,646.061584,12.5902147,-0.581926703,-11.6980515,4.85250092,3.32697248,-3.74460244,2.16575217,402.324799,-503.789124,-41.5556,35.7286034,-78.6975,128.075592,1171.0,547.609,2387,243864.9242796185
2025-10-07T19:44:25.180531+00:00,491,647.305847,12.5979319,-0.638120472,-11.6980515,4.85630751,3.33028245,-3.74372721,2.16641855,403.180664,-504.746704,-41.0000916,35.728611,-78.6975098,127.520096,1171.0,547.865234,2387,243865.18053090243
2025-10-07T19:44:25.436782+00:00,491,648.433411,12.6497459,-0.701230407,-11.7375774,4.8182373,3.39252973,-3.64339972,2.19402671,404.355408,-505.306824,-40.344223,35.7286186,-78.6975174,126.86422,1172.0,548.121521,2387,243865.43678218775
2025-10-07T19:44:25.693033+00:00,491,649.933655,13.2767401,-1.26420748,-11.5676022,4.90285349,4.58286142,-2.83547568,3.57798219,410.92688,-502.399109,-33.8827209,35.7286797,-78.6974869,120.402718,1173.0,548.377747,2387,243865.69303347307
2025-10-07T19:44:25.949285+00:00,491,651.19104,13.3184071,-1.34958863,-11.5676022,4.91002,4.58207703,-2.83624315,3.57641506,412.100555,-503.126282,-32.9672127,35.7286911,-78.6974945,119.487206,1173.0,548.634,2387,243865.9492847584
2025-10-07T19:44:26.205536+00:00,491,652.266541,13.0966558,-1.12089586,-11.5099134,4.83523273,4.04389191,-3.14494848,2.71222687,410.789642,-505.400909,-35.6858,35.7286797,-78.6975174,122.205795,1174.0,548.890259,2387,243866.2055360437
2025-10-07T19:44:26.461787+00:00,491,653.506226,13.1243181,-1.18720031,-11.5099134,4.83959055,4.04415607,-3.14520311,2.71243501,411.826019,-506.206848,-34.9906197,35.7286873,-78.697525,121.51062,1174.0,549.146484,2387,243866.46178732903
2025-10-07T19:44:26.718039+00:00,491,654.746887,13.1518717,-1.25324333,-11.5099134,4.84357214,4.04415607,-3.14520311,2.71243501,412.862366,-507.012787,-34.2955551,35.7287,-78.6975403,120.815552,1174.0,549.402771,2387,243866.71803861458
2025-10-07T19:44:26.974290+00:00,491,656.010132,13.2414579,-0.553119123,-11.5522432,4.84179068,4.11919451,-2.9518187,0.626557112,414.318665,-506.85022,-42.3349419,35.7287102,-78.6975327,128.854935,1175.0,549.659,2387,243866.9742898999
2025-10-07T19:44:27.230541+00:00,491,657.251099,13.271533,-0.57388413,-11.5522432,4.84276152,4.11940145,-2.9519577,0.63124907,415.374634,-507.606873,-42.1684723,35.7287178,-78.6975403,128.688477,1175.0,549.915283,2387,243867.2305411852
2025-10-07T19:44:27.486792+00:00,491,658.359253,13.5113888,-0.647947907,-11.5493975,4.81466913,4.48733187,-2.61700416,0.802354336,418.22348,-506.772949,-41.3187599,35.7287445,-78.6975327,127.83876,1176.0,550.171509,2387,243867.48679247077
2025-10-07T19:44:27.743044+00:00,491,659.593384,13.5518732,-0.671822131,-11.5493975,4.81634045,4.48656845,-2.6177845,0.8051126,419.372528,-507.444702,-41.1097832,35.728756,-78.6975403,127.629776,1176.0,550.427734,2387,243867.74304375608
2025-10-07T19:44:27.999295+00:00,491,660.836914,13.3753014,-0.600387096,-11.7651577,4.82323742,4.09588861,-2.93360496,0.52631855,418.573517,-509.639465,-42.0625153,35.7287483,-78.6975632,128.58252,1177.0,550.684,2387,243867.99929504163
2025-10-07T19:44:28.255546+00:00,491,662.029,13.1334953,-0.562184,-11.4971209,4.81755781,3.60186219,-3.32201242,0.352116913,417.154663,-512.294189,-42.6510353,35.7287369,-78.6975937,129.171021,1178.0,550.940247,2387,243868.2555463272
2025-10-07T19:44:28.511798+00:00,491,663.308838,12.9331408,-0.596241951,-11.4148169,4.84487915,3.22574496,-3.66690063,0.386797816,416.16629,-514.768433,-42.3994789,35.7287254,-78.6976242,128.919479,1179.0,551.196533,2387,243868.5117976125
2025-10-07T19:44:28.768049+00:00,491,664.468567,12.8960962,-0.230966717,-11.2717409,4.83881378,3.11746645,-3.65537596,-0.685813665,416.464783,-515.648926,-46.7097626,35.7287292,-78.6976318,133.229767,1180.0,551.452759,2387,243868.76804889805
2025-10-07T19:44:29.024300+00:00,491,665.708496,12.8987579,-0.223303586,-11.2717409,4.8387022,3.117594,-3.65512562,-0.685107827,417.263824,-516.58551,-46.8849258,35.7287369,-78.6976395,133.404922,1180.0,551.709045,2387,243869.0243001836
2025-10-07T19:44:29.280551+00:00,491,666.983154,13.1779652,-0.166033283,-11.1816273,4.87010241,3.65378475,-3.24553728,-0.811085165,420.572601,-515.483887,-47.5563164,35.7287674,-78.6976318,134.076309,1181.0,551.965271,2387,243869.28055146892
2025-10-07T19:44:29.536803+00:00,491,668.26178,13.5017242,-0.122082807,-11.0363159,4.89506531,4.24979448,-2.77297163,-0.886618495,424.288422,-514.046082,-48.0605049,35.7288,-78.6976166,134.580505,1182.0,552.221497,2387,243869.53680275448
2025-10-07T19:44:29.793054+00:00,491,669.606262,13.1516981,-0.177506864,-11.1435995,4.91785574,3.52575898,-3.42116046,-0.714065313,421.991821,-517.714294,-47.6175499,35.7287788,-78.6976547,134.137543,1183.0,552.477783,2387,243869.79305404003
2025-10-07T19:44:30.049305+00:00,491,670.821655,13.3247986,0.0437592156,-11.009819,4.91299486,3.82042575,-3.10613203,-1.36240172,424.260864,-517.185608,-50.2344055,35.7287979,-78.6976471,136.754395,1184.0,552.734,2387,243870.04930532558
2025-10-07T19:44:30.305557+00:00,491,672.080688,13.3457127,0.0660736561,-11.009819,4.9136939,3.82039404,-3.10613155,-1.36203671,425.239838,-517.981567,-50.5832367,35.7288094,-78.6976547,137.103241,1184.0,552.990295,2387,243870.30555661113
2025-10-07T19:44:30.561808+00:00,491,673.35376,13.4201851,0.331475288,-10.928,4.93649244,3.91598201,-2.96854162,-2.14108181,426.631622,-518.169922,-53.7648697,35.7288208,-78.6976624,140.284866,1185.0,553.246521,2387,243870.56180789668
2025-10-07T19:44:30.818059+00:00,491,674.64386,13.4459486,-0.104293242,-10.8176556,4.94136047,3.97256112,-3.09019613,-0.5984478,427.827789,-519.356934,-48.7455215,35.7288322,-78.69767,135.265518,1186.0,553.502747,2387,243870.81805918223
2025-10-07T19:44:31.074310+00:00,491,675.969727,13.2093401,0.0493861772,-11.0187435,4.95727825,3.42853975,-3.51064205,-1.10890746,426.459595,-522.010193,-50.7213554,35.7288208,-78.6977,137.241348,1187.0,553.759033,2387,243871.07431046778
2025-10-07T19:44:31.330562+00:00,491,677.159912,13.5964432,-0.00911712181,-10.737071,4.9448247,4.21558857,-2.86688161,-0.829723716,430.766876,-520.082,-50.0021553,35.7288589,-78.6976852,136.522156,1188.0,554.015259,2387,243871.33056175333
2025-10-07T19:44:31.586813+00:00,491,678.427124,13.6268349,0.00178012822,-10.737071,4.94563437,4.21536684,-2.86701345,-0.829844534,431.847,-520.816772,-50.2148857,35.7288666,-78.6976929,136.734879,1188.0,554.271545,2387,243871.58681303865
2025-10-07T19:44:31.843064+00:00,491,679.684082,13.7246494,-0.158665672,-10.5999479,4.94781971,4.37471247,-2.79050899,-0.243118256,433.590271,-521.180725,-48.3796349,35.7288818,-78.6976929,134.899628,1189.0,554.527771,2387,243871.84306432397
2025-10-07T19:44:32.099316+00:00,491,681.00061,13.8553057,-0.741785407,-10.285718,4.98026276,4.63849068,-2.76601911,1.7515707,435.775665,-521.668091,-41.5189362,35.7289047,-78.6977,128.03894,1190.0,554.784058,2387,243872.0993156093
2025-10-07T19:44:32.355567+00:00,491,682.277161,13.8948965,-0.784889281,-10.285718,4.98297882,4.63811064,-2.76605487,1.74907529,436.964,-522.377,-41.0720367,35.7289124,-78.6977081,127.592033,1190.0,555.040283,2387,243872.3555668925
2025-10-07T19:44:32.611818+00:00,491,683.461792,13.8485565,-0.601207912,-10.1367054,4.94618654,4.41357183,-2.85014558,0.95451349,437.256256,-523.496277,-43.3441925,35.7289162,-78.6977158,129.864197,1191.0,555.296509,2387,243872.6118181776
2025-10-07T19:44:32.868069+00:00,491,684.729431,13.8827314,-0.627519965,-10.1367054,4.94771194,4.41359711,-2.85011148,0.954166,438.387238,-524.226562,-43.099987,35.7289276,-78.697731,129.62,1191.0,555.552795,2387,243872.86806946291
2025-10-07T19:44:33.124321+00:00,491,685.99231,14.185957,-0.480376661,-9.89936447,4.96349525,4.99333191,-2.32448435,0.378080517,441.940979,-522.745728,-44.8393631,35.7289581,-78.6977081,131.35936,1192.0,555.809,2387,243873.124320748
2025-10-07T19:44:33.380572+00:00,491,687.165771,14.257308,-0.337005228,-9.4329195,4.93182611,5.00359106,-2.22447515,-0.160738215,443.312561,-522.970886,-46.6079102,35.7289696,-78.6977158,133.127899,1193.0,556.065308,2387,243873.38057202075
2025-10-07T19:44:33.636823+00:00,491,688.53949,13.8691816,-0.392376035,-9.17917919,4.95160866,4.05429029,-3.07779956,-0.0153536163,440.641693,-527.058411,-46.1629601,35.7289467,-78.6977615,132.682953,1194.0,556.321533,2387,243873.63682330606
2025-10-07T19:44:33.893075+00:00,491,689.688721,13.8805943,-0.296613663,-8.93534374,4.88887882,3.97624397,-3.0294683,-0.371494532,441.456085,-527.770447,-47.3859978,35.7289543,-78.6977692,133.905991,1195.0,556.57782,2387,243873.89307459115
2025-10-07T19:44:34.149326+00:00,491,690.941589,13.9040956,-0.295248955,-8.93534374,4.88951731,3.9766438,-3.02940106,-0.37119481,442.47525,-528.546631,-47.4809265,35.7289619,-78.6977768,134.000916,1195.0,556.834045,2387,243874.14932587647
2025-10-07T19:44:34.405577+00:00,491,692.123291,13.8565502,-0.42105329,-8.64163303,4.84380102,3.79520416,-3.16220903,0.0832321644,442.825714,-529.923,-46.061779,35.7289658,-78.6977921,132.581772,1196.0,557.090271,2387,243874.40557716155
2025-10-07T19:44:34.661828+00:00,491,693.324951,13.9337435,-0.468212038,-8.36796093,4.82428741,3.92120123,-3.04183125,0.230959222,444.324219,-530.283813,-45.5476112,35.728981,-78.6977921,132.067612,1197.0,557.346558,2387,243874.66182844687
2025-10-07T19:44:34.918080+00:00,491,694.630554,13.6976919,-0.422925621,-8.0934,4.84230232,3.31779361,-3.55295014,-0.00025394457,442.949188,-533.074036,-46.257122,35.7289696,-78.6978226,132.777115,1198.0,557.602783,2387,243874.9180797322
2025-10-07T19:44:35.174331+00:00,491,695.809387,13.8026905,-0.351712406,-7.79413366,4.81481,3.53064895,-3.31488776,-0.27685535,444.662445,-533.105591,-47.1643906,35.7289848,-78.6978226,133.684387,1199.0,557.85907,2387,243875.1743310175
2025-10-07T19:44:35.430582+00:00,491,697.043213,13.8151064,-0.352441519,-7.79413366,4.81502676,3.53078246,-3.31491327,-0.276616931,445.567261,-533.955,-47.2351608,35.7289925,-78.6978378,133.755157,1199.0,558.115295,2387,243875.43058230283
2025-10-07T19:44:35.686834+00:00,491,698.244141,13.8103781,-0.46340856,-7.63170481,4.79340935,3.48511553,-3.36024189,0.136025146,446.320801,-535.004211,-45.9692574,35.729,-78.6978455,132.489258,1200.0,558.371521,2387,243875.68683358814
2025-10-07T19:44:35.943085+00:00,491,699.444641,13.7070227,-0.526671469,-7.37651062,4.77932167,3.20065,-3.59524035,0.328959137,446.134033,-536.781311,-45.3113823,35.7289963,-78.6978683,131.831375,1201.0,558.627808,2387,243875.94308487346
2025-10-07T19:44:36.199336+00:00,491,700.669434,13.7108288,-0.539949954,-7.37651062,4.77958584,3.20098734,-3.59505248,0.328436583,446.954498,-537.702393,-45.2275124,35.7290039,-78.697876,131.747513,1201.0,558.884033,2387,243876.19933615878
2025-10-07T19:44:36.455587+00:00,491,701.935547,13.3812542,-0.350131869,-7.31429148,4.78618431,2.36618161,-4.22386932,-0.463803142,444.59552,-541.082031,-47.7347679,35.728981,-78.6979141,134.254761,1202.0,559.14032,2387,243876.4555874441
2025-10-07T19:44:36.711839+00:00,491,703.16217,13.3634634,-0.347756952,-7.31429148,4.78660107,2.36715055,-4.22332287,-0.463123739,445.20285,-542.163757,-47.852932,35.7289886,-78.6979294,134.372925,1202.0,559.396545,2387,243876.71183872965
2025-10-07T19:44:36.968090+00:00,491,704.416565,13.1009626,-0.376471162,-7.55666161,4.7992897,1.77365494,-4.72562265,-0.371361017,443.503601,-545.192505,-47.6696,35.7289734,-78.6979599,134.189606,1203.0,559.652832,2387,243876.96809001497
2025-10-07T19:44:37.224341+00:00,491,705.640198,13.1357288,-0.30782178,-7.52462864,4.79098845,1.93064582,-4.56665468,-0.614222527,444.586884,-545.811462,-48.5846214,35.728981,-78.6979675,135.104614,1204.0,559.909058,2387,243877.2243413103
2025-10-07T19:44:37.480593+00:00,491,706.868,13.106822,-0.302679271,-7.52462864,4.7917881,1.93112445,-4.56639814,-0.613815129,445.082092,-546.981323,-48.7415924,35.7289886,-78.6979752,135.261597,1204.0,560.165283,2387,243877.48059259585
2025-10-07T19:44:37.736844+00:00,491,708.082947,13.1760015,-0.438398719,-7.50096,4.78237104,2.17506218,-4.40230799,-0.101592705,446.548889,-547.49823,-47.1305161,35.729,-78.6979828,133.650513,1205.0,560.42157,2387,243877.73684388117
2025-10-07T19:44:37.993095+00:00,491,709.308533,13.1534138,-0.443448633,-7.50096,4.78292847,2.17502952,-4.40243721,-0.101988949,447.106201,-548.626343,-47.1569366,35.7290039,-78.698,133.676941,1205.0,560.677795,2387,243877.9930951665
2025-10-07T19:44:38.249346+00:00,491,710.748352,13.235939,-1.056445,-7.51825762,4.88137722,2.52044368,-4.40010166,2.02635098,448.949188,-549.578613,-39.6388931,35.729023,-78.6980057,126.15889,1206.0,560.934082,2387,243878.24934645204
2025-10-07T19:44:38.505598+00:00,491,712.021912,13.3822327,-1.08623755,-7.55767488,4.88812637,2.90095806,-4.09379053,1.97587204,451.166595,-549.436035,-39.2932281,35.7290421,-78.6980057,125.813225,1207.0,561.190308,2387,243878.5055977376
2025-10-07T19:44:38.761849+00:00,491,713.296143,13.3242912,-1.06973362,-7.73356247,4.90133286,2.7854948,-4.18981886,1.75118661,451.412872,-550.863586,-39.5873756,35.7290459,-78.6980209,126.107376,1208.0,561.446594,2387,243878.7618490229
2025-10-07T19:44:39.018100+00:00,491,714.628845,13.1351843,-0.582548261,-7.74986362,4.92834902,2.35532665,-4.44280481,-0.0964263082,450.32019,-553.000732,-45.7858353,35.7290344,-78.6980438,132.305832,1209.0,561.70282,2387,243879.01810030846
2025-10-07T19:44:39.274352+00:00,491,715.891785,13.1152382,-0.587634325,-7.74986362,4.92858934,2.35543156,-4.44265318,-0.0953548402,450.923859,-554.13916,-45.8097572,35.7290382,-78.6980591,132.329758,1209.0,561.959045,2387,243879.27435159378
2025-10-07T19:44:39.530603+00:00,491,717.205627,13.3435555,-0.650484562,-7.86454344,4.96795607,2.95084453,-4.02780437,0.124071464,453.982483,-553.403687,-45.0351067,35.7290688,-78.6980515,131.555099,1210.0,562.215332,2387,243879.5306028791
2025-10-07T19:44:39.786854+00:00,491,718.52832,12.9552021,-0.506449223,-7.72674227,5.00055885,2.08671331,-4.72056627,-0.442291111,451.003357,-557.373901,-47.0454636,35.7290421,-78.6981,133.56546,1211.0,562.471558,2387,243879.7868541644
2025-10-07T19:44:40.043105+00:00,491,719.905334,12.496933,-0.376116574,-8.06410122,5.03785849,1.10338295,-5.49481583,-0.930526853,447.336487,-561.926331,-48.9140511,35.7290077,-78.698143,135.434052,1212.0,562.727844,2387,243880.04310544973
2025-10-07T19:44:40.299357+00:00,491,721.335083,12.7853365,-1.05449605,-8.10811329,5.0599432,1.96412027,-5.03004837,1.48142207,451.225616,-561.326721,-40.3987465,35.7290421,-78.6981354,126.918747,1213.0,562.98407,2387,243880.29935673482
2025-10-07T19:44:40.555608+00:00,491,722.631897,12.7533245,-1.09116435,-8.10811329,5.06203175,1.96410131,-5.03005219,1.48030066,451.728882,-562.615601,-40.0199623,35.7290459,-78.6981506,126.539963,1213.0,563.240295,2387,243880.55560802013
2025-10-07T19:44:40.811859+00:00,491,723.839478,12.5772581,-0.733175635,-8.0472,5.02369118,1.57270539,-5.19247532,0.0992731452,450.669434,-564.665,-44.6560898,35.7290382,-78.6981735,131.176086,1214.0,563.496582,2387,243880.81185930545
2025-10-07T19:44:41.068111+00:00,491,725.101318,12.8905611,-0.572466791,-7.98763323,5.01459074,2.36587858,-4.51093674,-0.448497146,454.509735,-563.041199,-46.6631927,35.7290726,-78.6981583,133.183197,1215.0,563.752808,2387,243881.06811059077
2025-10-07T19:44:41.324362+00:00,491,726.386414,12.8704062,-0.570507288,-7.98763323,5.01498413,2.36550474,-4.51139,-0.447285,455.115723,-564.19751,-46.7771645,35.7290764,-78.6981659,133.297165,1215.0,564.009094,2387,243881.324361874
2025-10-07T19:44:41.580613+00:00,491,727.685608,12.8734665,-0.504998624,-8.47674656,5.02338123,2.41690445,-4.46214199,-0.666727424,455.942535,-565.126953,-47.6898079,35.729084,-78.6981812,134.209808,1216.0,564.26532,2387,243881.58061315908
2025-10-07T19:44:41.836864+00:00,491,728.9729,12.8547211,-0.498725116,-8.47674656,5.02366924,2.41660905,-4.46237421,-0.66602838,456.561584,-566.270691,-47.8598442,35.7290916,-78.6981888,134.379837,1216.0,564.521606,2387,243881.83686444417
2025-10-07T19:44:42.093116+00:00,491,730.334595,12.4974012,-0.462410301,-9.11124802,5.04078,1.65042436,-5.07446051,-0.809343874,453.846283,-570.138123,-48.5253868,35.7290649,-78.6982346,135.04538,1217.0,564.777832,2387,243882.09311572925
2025-10-07T19:44:42.349367+00:00,491,731.551636,12.7952471,-0.561836302,-9.02663708,4.99754429,2.39553022,-4.4666729,-0.40443638,457.601654,-568.802673,-47.2445335,35.7291,-78.6982193,133.764526,1218.0,565.034058,2387,243882.349367002
2025-10-07T19:44:42.605618+00:00,491,732.832336,12.7764959,-0.560659,-9.02663708,4.99805164,2.39543343,-4.46698856,-0.40467903,458.215363,-569.947388,-47.34832,35.7291069,-78.6982346,133.868317,1218.0,565.290344,2387,243882.6056182873
2025-10-07T19:44:42.861870+00:00,491,734.308777,13.6451559,-0.458804548,-9.17313385,5.01893,4.35474586,-2.8681128,-0.639191866,467.742493,-563.984131,-48.4585152,35.7291908,-78.6981659,134.978516,1219.0,565.54657,2387,243882.8618695724
2025-10-07T19:44:43.118121+00:00,491,735.595215,13.675189,-0.451856285,-9.17313385,5.02043,4.35372877,-2.86982679,-0.639169395,468.857025,-564.72052,-48.6222115,35.7292023,-78.6981735,135.142212,1219.0,565.802856,2387,243883.11812085749
2025-10-07T19:44:43.374372+00:00,491,736.667969,13.793417,-0.747090578,-9.01325417,4.88740778,4.4664855,-2.67942071,0.351461083,470.787201,-564.824036,-44.8659477,35.7292175,-78.6981735,131.385941,1220.0,566.059082,2387,243883.3743721428
2025-10-07T19:44:43.630623+00:00,491,737.796936,14.0177174,-0.613699377,-8.90428257,4.80964518,4.79596663,-2.25715971,-0.0923323706,473.692719,-563.729248,-46.5713196,35.7292442,-78.6981659,133.091309,1221.0,566.315369,2387,243883.63062342812
2025-10-07T19:44:43.886875+00:00,491,739.029907,14.0618315,-0.616708457,-8.90428257,4.81227732,4.7957778,-2.25849676,-0.092543751,474.921021,-564.308533,-46.5951309,35.7292557,-78.6981735,133.115128,1221.0,566.571594,2387,243883.8868747132
2025-10-07T19:44:44.143126+00:00,491,740.035217,14.2869034,-0.821196854,-8.82648,4.70810318,5.10894346,-1.89637327,0.579367816,477.839417,-563.374268,-43.9446106,35.7292824,-78.6981583,130.4646,1222.0,566.82782,2387,243884.14312599853
2025-10-07T19:44:44.399377+00:00,491,741.242432,14.340147,-0.836746037,-8.82648,4.71203,5.10907078,-1.89780927,0.578708112,479.148,-563.861145,-43.7968063,35.7292938,-78.6981659,130.316803,1222.0,567.084106,2387,243884.39937728384
2025-10-07T19:44:44.655629+00:00,491,742.450256,14.3932848,-0.852279484,-8.82648,4.71473217,5.10907078,-1.89780927,0.578708112,480.457214,-564.347473,-43.64851,35.7293053,-78.6981735,130.168503,1222.0,567.340332,2387,243884.65562856916
2025-10-07T19:44:44.911880+00:00,491,743.629395,14.267189,-1.33577979,-8.7347393,4.67403793,4.72780561,-2.26428986,2.05351329,480.06311,-566.672668,-37.4989,35.7293,-78.6982,124.018898,1223.0,567.596619,2387,243884.91187985448
2025-10-07T19:44:45.168131+00:00,491,744.82843,14.3106718,-1.37945879,-8.7347393,4.67876768,4.72870684,-2.26508451,2.0501008,481.275146,-567.253296,-36.9771,35.7293129,-78.698204,123.497101,1223.0,567.852844,2387,243885.1681311498
2025-10-07T19:44:45.424382+00:00,491,746.043335,14.580905,-1.8121084,-8.88540936,4.69095564,5.19000483,-1.91920793,3.29071259,484.788635,-566.197876,-31.3155766,35.7293434,-78.6981888,117.835571,1224.0,568.10907,2387,243885.42438243513
2025-10-07T19:44:45.680634+00:00,491,747.246704,14.6356525,-1.87876093,-8.88540936,4.69831038,5.1898694,-1.92002285,3.28597569,486.11795,-566.69043,-30.4781818,35.7293587,-78.6982,116.998177,1224.0,568.365356,2387,243885.68063372045
2025-10-07T19:44:45.936885+00:00,491,748.345093,14.7906017,-1.69464457,-8.94525,4.64421177,5.34740543,-1.67232335,2.51356459,488.351196,-566.085876,-32.8685265,35.7293777,-78.6981888,119.388527,1225.0,568.621582,2387,243885.93688500577
2025-10-07T19:44:46.193136+00:00,491,749.400208,14.6788435,-1.74217677,-8.79649,4.60022402,4.98001242,-1.9334507,2.48846579,487.93631,-567.867371,-32.3345833,35.7293739,-78.6982117,118.854584,1226.0,568.877869,2387,243886.19313629108
2025-10-07T19:44:46.449388+00:00,491,750.61145,14.5014029,-1.78918469,-8.8304081,4.61160088,4.53821516,-2.33158422,2.45588183,486.963379,-570.325073,-31.8359146,35.7293663,-78.6982346,118.355911,1227.0,569.134094,2387,243886.44938757663
2025-10-07T19:44:46.705639+00:00,491,751.819946,14.3934946,-1.7183665,-9.34899616,4.62720442,4.25688171,-2.57792282,2.06077385,486.663025,-572.112732,-32.8540077,35.7293625,-78.6982574,119.374008,1228.0,569.390381,2387,243886.70563886195
2025-10-07T19:44:46.961890+00:00,491,753.006,14.4253845,-1.76169252,-9.34899616,4.62969828,4.2570653,-2.57765889,2.06102538,487.754089,-572.773132,-32.3257141,35.7293701,-78.6982651,118.845718,1228.0,569.646606,2387,243886.96189014727
2025-10-07T19:44:47.218141+00:00,491,754.192688,14.4571571,-1.80487049,-9.34899616,4.63227224,4.2570653,-2.57765889,2.06102538,488.844971,-573.433655,-31.797575,35.7293816,-78.6982727,118.317574,1228.0,569.902832,2387,243887.21814143073
2025-10-07T19:44:47.474393+00:00,491,755.432129,14.5912533,-1.72520185,-9.71135902,4.67555618,4.48077202,-2.42069983,1.68698287,490.985413,-573.177,-32.8502731,35.7294,-78.6982651,119.37027,1229.0,570.159119,2387,243887.47439271605
2025-10-07T19:44:47.730644+00:00,491,756.630249,14.6277475,-1.76098049,-9.71135902,4.67724037,4.48034859,-2.42022347,1.68753409,492.133484,-573.797119,-32.4172134,35.7294121,-78.6982727,118.93721,1229.0,570.415344,2387,243887.73064400113
2025-10-07T19:44:47.986895+00:00,491,757.829102,14.6641254,-1.79659796,-9.71135902,4.67957258,4.48034859,-2.42022347,1.68753409,493.281555,-574.417297,-31.9847794,35.7294235,-78.6982803,118.504776,1229.0,570.671631,2387,243887.98689528645
2025-10-07T19:44:48.243147+00:00,491,759.028564,14.7003908,-1.8321023,-9.71135902,4.68189335,4.48034859,-2.42022347,1.68753409,494.429657,-575.037476,-31.5523472,35.7294312,-78.698288,118.072342,1229.0,570.927856,2387,243888.24314657153
2025-10-07T19:44:48.499398+00:00,491,760.228577,14.7365427,-1.86749375,-9.71135902,4.68420362,4.48034859,-2.42022347,1.68753409,495.577759,-575.657654,-31.1199131,35.7294426,-78.6982956,117.639908,1229.0,571.184143,2387,243888.49939785685
2025-10-07T19:44:48.755649+00:00,491,761.429199,14.7725821,-1.9027729,-9.71135902,4.68650246,4.48034859,-2.42022347,1.68753409,496.725861,-576.277893,-30.6874809,35.729454,-78.6983,117.207481,1229.0,571.440369,2387,243888.75564914217
2025-10-07T19:44:49.011900+00:00,491,762.630432,14.8085098,-1.93794024,-9.71135902,4.6887908,4.48034859,-2.42022347,1.68753409,497.873932,-576.898071,-30.2550488,35.7294617,-78.6983109,116.775047,1229.0,571.696594,2387,243889.01190042726
2025-10-07T19:44:49.268152+00:00,491,763.832214,14.8443251,-1.97299612,-9.71135902,4.69106817,4.48034859,-2.42022347,1.68753409,499.022034,-577.51825,-29.8226147,35.7294731,-78.6983185,116.342613,1229.0,571.952881,2387,243889.26815171257
2025-10-07T19:44:49.524403+00:00,491,765.034607,14.8800297,-2.00794125,-9.71135902,4.69333506,4.48034859,-2.42022347,1.68753409,500.170135,-578.138428,-29.3901825,35.7294846,-78.6983261,115.910179,1229.0,572.209106,2387,243889.5244029979
2025-10-07T19:44:49.780654+00:00,491,766.644897,13.6062059,-1.98500514,-9.74307,4.8563714,2.48823333,-4.32393217,1.46216619,488.209869,-590.323853,-30.2209682,35.7293777,-78.6984558,116.740967,1230.0,572.465393,2387,243889.7806542832
2025-10-07T19:44:50.036906+00:00,491,767.917053,13.1872025,-1.83694935,-9.59848309,4.90789557,1.86080897,-4.87537575,1.00970614,484.668213,-594.763489,-32.3993607,35.7293434,-78.6985092,118.919357,1231.0,572.721619,2387,243890.03690556853
2025-10-07T19:44:50.293157+00:00,491,769.1745,13.1571865,-1.86116505,-9.59848309,4.90745687,1.86356544,-4.87087345,1.01115358,485.15152,-596.007202,-32.1380959,35.7293472,-78.6985245,118.658096,1231.0,572.977844,2387,243890.29315685175
2025-10-07T19:44:50.549408+00:00,491,770.440491,13.4332352,-1.54022896,-9.58406353,4.93026829,2.3609271,-4.46217251,0.217966,488.788513,-594.423279,-36.4046173,35.7293816,-78.6985,122.924622,1232.0,573.234131,2387,243890.54940813684
2025-10-07T19:44:50.805659+00:00,491,771.703613,13.4143972,-1.54945207,-9.58406353,4.92964077,2.36094141,-4.46090221,0.219269127,489.39505,-595.565247,-36.3468781,35.7293854,-78.6985168,122.866875,1232.0,573.490356,2387,243890.80565942192
2025-10-07T19:44:51.061911+00:00,491,773.020508,13.4152927,-1.50493717,-10.0112391,4.9659214,2.41262436,-4.45796251,0.0905662253,490.233521,-596.541931,-37.0082893,35.729393,-78.6985245,123.52829,1233.0,573.746643,2387,243891.061910707
2025-10-07T19:44:51.318162+00:00,491,774.292847,13.397172,-1.51173627,-10.0112391,4.96553755,2.41218519,-4.45743418,0.0914429501,490.852051,-597.683777,-36.9838371,35.7294,-78.6985397,123.50383,1233.0,574.002869,2387,243891.3181619921
2025-10-07T19:44:51.574413+00:00,491,775.565308,13.3790684,-1.5184387,-10.0112391,4.96588087,2.41218519,-4.45743418,0.0914429501,491.470184,-598.826,-36.9604034,35.7294044,-78.698555,123.4804,1233.0,574.259155,2387,243891.5744132774
2025-10-07T19:44:51.830665+00:00,491,776.864,12.782836,-1.66158414,-9.98668671,4.99512291,1.50061476,-5.23082209,0.383797228,486.034,-605.015,-35.2913857,35.7293549,-78.6986237,121.811386,1234.0,574.515381,2387,243891.8306645625
2025-10-07T19:44:52.086916+00:00,491,778.144,12.7435455,-1.67410243,-9.98668671,4.99629402,1.50172818,-5.22939301,0.383522809,486.420105,-606.353882,-35.1932106,35.7293587,-78.6986389,121.713203,1234.0,574.771606,2387,243892.08691584758
2025-10-07T19:44:52.343167+00:00,491,779.492188,13.0759592,-1.58026958,-9.99254704,4.98523235,2.10194159,-4.73061848,0.145628437,490.771332,-604.504395,-36.4140625,35.7294,-78.698616,122.934059,1235.0,575.027893,2387,243892.3431671329
2025-10-07T19:44:52.599418+00:00,491,781.076,13.6098604,-0.839078128,-10.0484867,5.0160265,3.00848579,-3.90561318,-1.64668345,497.263519,-600.547363,-46.3854446,35.7294579,-78.6985703,132.905441,1236.0,575.284119,2387,243892.599418418
2025-10-07T19:44:52.855670+00:00,491,782.361328,13.6058512,-0.81397295,-10.0484867,5.016819,3.00762534,-3.90674663,-1.64441681,498.033539,-601.54895,-46.805294,35.7294655,-78.6985855,133.325287,1236.0,575.540405,2387,243892.8556697033
2025-10-07T19:44:53.111921+00:00,491,783.647949,14.1197834,-1.58498502,-9.82488918,4.97632027,3.85971141,-3.28594828,0.394429952,504.392731,-598.651794,-36.1682854,35.7295227,-78.6985474,122.688278,1237.0,575.796631,2387,243893.11192098862
2025-10-07T19:44:53.368172+00:00,491,784.923279,14.1356106,-1.59618974,-9.82488918,4.97721481,3.85902381,-3.28717709,0.393429101,505.380798,-599.49469,-36.0680161,35.7295303,-78.6985626,122.588013,1237.0,576.052917,2387,243893.36817227394
2025-10-07T19:44:53.624424+00:00,491,786.717102,15.3559027,-1.55914509,-9.60037899,5.07653666,5.9531765,-1.55066764,0.332991123,519.230225,-589.927,-36.1929054,35.7296562,-78.6984558,122.712906,1238.0,576.309143,2387,243893.62442355903
2025-10-07T19:44:53.880675+00:00,491,787.925476,15.5558872,-1.69129729,-9.73306,4.99757957,6.10682201,-1.31159544,0.679834,522.104431,-589.112244,-34.3548355,35.7296829,-78.6984482,120.874832,1239.0,576.565369,2387,243893.88067484435
2025-10-07T19:44:54.136926+00:00,491,789.206726,15.6250839,-1.70598257,-9.73306,5.00294638,6.10570765,-1.31344318,0.67913121,523.668,-589.449524,-34.1811905,35.7296944,-78.6984482,120.701187,1239.0,576.821655,2387,243894.13692612966
2025-10-07T19:44:54.393177+00:00,491,790.40686,15.4075651,-2.06759048,-9.85238552,4.90349197,5.49979496,-1.77604675,1.66727436,522.24231,-592.575256,-29.3371277,35.7296829,-78.6984863,115.857124,1240.0,577.077881,2387,243894.39317741498
2025-10-07T19:44:54.649429+00:00,491,791.664307,15.4632645,-2.10022449,-9.85238552,4.9087944,5.50035191,-1.77733529,1.66595268,523.651428,-593.031,-28.9113293,35.7296944,-78.6984863,115.43132,1240.0,577.334167,2387,243894.6494287003
2025-10-07T19:44:54.905680+00:00,491,792.922668,15.5188236,-2.13283181,-9.85238552,4.91269875,5.50035191,-1.77733529,1.66595268,525.060913,-593.48645,-28.4844265,35.7297096,-78.698494,115.004425,1240.0,577.590393,2387,243894.90567998585
2025-10-07T19:44:55.161931+00:00,491,794.137878,15.5739317,-2.01774359,-10.1108694,4.86341715,5.46257925,-1.72324193,1.22080624,526.432678,-593.816162,-30.0994949,35.7297211,-78.698494,116.619492,1241.0,577.846619,2387,243895.16193127117
2025-10-07T19:44:55.418183+00:00,491,795.385315,15.6290045,-2.04208183,-10.1108694,4.86822128,5.46340322,-1.7243408,1.22048676,527.832581,-594.258606,-29.78722,35.7297325,-78.6985,116.30722,1241.0,578.102905,2387,243895.4181825565
2025-10-07T19:44:55.674434+00:00,491,796.627136,15.4369755,-1.97939253,-10.4337959,4.85515594,4.98697042,-2.12832665,0.944810331,526.65448,-596.910706,-30.7811909,35.7297211,-78.6985321,117.301186,1242.0,578.359131,2387,243895.6744338418
2025-10-07T19:44:55.930685+00:00,491,797.871765,15.4805689,-1.99906754,-10.4337959,4.85776138,4.98800707,-2.12804389,0.945589304,527.933472,-597.455505,-30.5382,35.7297325,-78.6985397,117.058197,1242.0,578.615417,2387,243895.93068512736
2025-10-07T19:44:56.186936+00:00,491,799.118347,15.3203077,-2.11760831,-10.6726713,4.85528135,4.60073233,-2.48439813,1.22529221,527.086548,-599.940796,-28.9983711,35.7297249,-78.6985626,115.518372,1243.0,578.871643,2387,243896.1869364227
2025-10-07T19:44:56.443188+00:00,491,800.347961,15.3801479,-2.12765551,-10.7585974,4.85253239,4.64718866,-2.43493295,1.18360782,528.525513,-600.319641,-28.878933,35.7297401,-78.6985703,115.398933,1244.0,579.12793,2387,243896.44318770824
2025-10-07T19:44:56.699439+00:00,491,801.591675,15.4153233,-2.15155721,-10.7585974,4.85430336,4.64748669,-2.43473554,1.18353736,529.716736,-600.943298,-28.5756912,35.7297516,-78.6985779,115.095688,1244.0,579.384155,2387,243896.69943899356
2025-10-07T19:44:56.955690+00:00,491,802.910522,15.7176905,-1.77088475,-10.9210472,4.87835932,5.15421152,-1.94813573,0.023286,533.736877,-598.870544,-33.8288422,35.7297859,-78.698555,120.348839,1245.0,579.640381,2387,243896.9556902791
2025-10-07T19:44:57.211942+00:00,491,804.160889,15.7643824,-1.77378094,-10.9210472,4.88036346,5.15396833,-1.94828486,0.0241037235,535.057434,-599.37,-33.8218918,35.7297974,-78.698555,120.341888,1245.0,579.896667,2387,243897.21194156443
2025-10-07T19:44:57.468193+00:00,491,805.483215,16.0719433,-1.68719971,-10.876791,4.92522907,5.65276098,-1.52632535,-0.219429582,539.147583,-597.411499,-34.9664841,35.7298355,-78.6985397,121.486481,1246.0,580.152893,2387,243897.46819284998
2025-10-07T19:44:57.724444+00:00,491,806.811401,16.3107834,-1.31596625,-10.9672499,4.9699,5.99434757,-1.18623304,-1.27354157,542.481079,-595.858582,-40.1440582,35.729866,-78.6985168,126.664055,1247.0,580.40918,2387,243897.72444413553
2025-10-07T19:44:57.980695+00:00,491,808.08551,16.3762,-1.29541218,-10.9672499,4.9741888,5.99379873,-1.18650281,-1.27242064,544.016724,-596.163,-40.4693375,35.7298775,-78.6985245,126.989334,1247.0,580.665405,2387,243897.98069542108
2025-10-07T19:44:58.236947+00:00,491,809.047424,16.1801319,-1.33096242,-10.8544827,4.91687536,5.50316191,-1.58105409,-1.12686813,542.620422,-598.759521,-40.0986977,35.729866,-78.698555,126.618698,1248.0,580.921692,2387,243898.23694670454
2025-10-07T19:44:58.493198+00:00,491,810.3078,16.2343,-1.31335485,-10.8544827,4.91990709,5.50316763,-1.58095217,-1.12650859,544.030701,-599.164612,-40.3870506,35.7298775,-78.698555,126.907043,1248.0,581.177917,2387,243898.49319798985
2025-10-07T19:44:58.749449+00:00,491,811.56604,16.4114876,-1.09206128,-10.7561073,4.93089819,5.71694899,-1.34038138,-1.71218431,546.6922,-598.226074,-43.5039062,35.7299042,-78.6985474,130.023895,1249.0,581.434143,2387,243898.74944927517
2025-10-07T19:44:59.005701+00:00,491,812.815918,16.5008507,-1.21225858,-10.8680935,4.9376173,5.77903605,-1.32050717,-1.27729642,548.492798,-598.394165,-41.830883,35.7299194,-78.6985474,128.350891,1250.0,581.69043,2387,243899.0057005605
2025-10-07T19:44:59.261952+00:00,491,814.081726,16.5610142,-1.19196427,-10.8680935,4.94147253,5.77891827,-1.32055736,-1.27730465,549.973633,-598.732605,-42.1581688,35.7299309,-78.6985474,128.678162,1250.0,581.946655,2387,243899.2619518458
2025-10-07T19:44:59.518203+00:00,491,815.296,15.9968433,-0.89473,-10.8410769,4.94102097,4.67339659,-2.28648877,-2.13376284,544.788513,-604.75946,-46.6811638,35.7298851,-78.698616,133.201157,1251.0,582.202942,2387,243899.51820313113
2025-10-07T19:44:59.774454+00:00,491,816.562439,16.0308208,-0.860423446,-10.8410769,4.94305849,4.67376232,-2.28590107,-2.1332078,545.986633,-605.34491,-47.2273369,35.7298965,-78.6986237,133.74733,1251.0,582.459167,2387,243899.77445441645
2025-10-07T19:45:00.030706+00:00,491,817.835449,16.0723228,-1.14925289,-10.8750734,4.93161774,4.69509363,-2.33083868,-1.17248905,547.340393,-606.143372,-43.1688957,35.729908,-78.6986313,129.688904,1252.0,582.715393,2387,243900.03070570176
2025-10-07T19:45:00.286957+00:00,491,819.099915,16.1166592,-0.905185521,-11.0675764,4.92383432,4.69514036,-2.26101732,-1.84476483,548.605408,-606.445374,-46.699337,35.7299194,-78.6986389,133.21933,1253.0,582.97168,2387,243900.28695698708
2025-10-07T19:45:00.543208+00:00,491,820.361877,16.151001,-0.876129746,-11.0675764,4.92591286,4.69530964,-2.26101947,-1.84463012,549.808716,-607.024658,-47.1719093,35.7299309,-78.6986389,133.691895,1253.0,583.227905,2387,243900.54320827263
2025-10-07T19:45:00.799460+00:00,491,821.579956,16.4427681,-1.57544029,-10.910923,4.89078426,5.1556673,-1.94018567,0.335412294,553.84668,-605.698425,-37.107563,35.729969,-78.6986313,123.627563,1254.0,583.484192,2387,243900.79945955795
2025-10-07T19:45:01.055711+00:00,491,822.833557,16.4875774,-1.58393896,-10.910923,4.8932538,5.15575838,-1.94061089,0.334042519,555.167664,-606.19574,-37.0230255,35.7299805,-78.6986313,123.54303,1254.0,583.740417,2387,243901.05571084327
2025-10-07T19:45:01.311962+00:00,491,824.174805,15.8668547,-1.30103445,-10.9222279,4.87117767,3.94101858,-2.97753263,-0.589455307,549.411743,-612.940491,-41.4107819,35.7299271,-78.6987076,127.930779,1255.0,583.996704,2387,243901.31196212673
2025-10-07T19:45:01.568213+00:00,491,825.376099,16.1910343,-1.20277119,-10.8565254,4.85213,4.47746181,-2.44011164,-0.837516963,553.666138,-610.63269,-42.7468185,35.7299652,-78.6986847,129.266815,1256.0,584.25293,2387,243901.5682134118
2025-10-07T19:45:01.824465+00:00,491,826.619629,16.2205315,-1.19148636,-10.8565254,4.85336781,4.4777422,-2.44023681,-0.837097704,554.81366,-611.257935,-42.9611244,35.7299767,-78.6986923,129.481125,1256.0,584.509155,2387,243901.8244646969
2025-10-07T19:45:02.080716+00:00,491,828.063782,15.7363482,-1.83914328,-10.9170694,4.89053392,3.58607435,-3.4215064,1.11633968,550.664673,-617.50238,-33.8955536,35.7299385,-78.698761,120.415558,1257.0,584.765442,2387,243902.0807159822
2025-10-07T19:45:02.336967+00:00,491,829.317139,15.7441473,-1.8621558,-10.9170694,4.89124203,3.58663058,-3.4211092,1.11507308,551.584229,-618.378601,-33.6109047,35.7299461,-78.6987686,120.130905,1257.0,585.021667,2387,243902.3369672673
2025-10-07T19:45:02.593219+00:00,491,830.532715,15.8826447,-1.67489541,-10.8424597,4.86843777,3.80977058,-3.1577518,0.485403955,553.872375,-617.811829,-36.3125458,35.729969,-78.698761,122.832542,1258.0,585.277954,2387,243902.59321855262
2025-10-07T19:45:02.849470+00:00,491,831.788635,16.0808239,-1.57463169,-11.0670557,4.86573172,4.14755821,-2.82737136,0.159982055,556.837952,-616.74939,-37.736496,35.7299957,-78.6987534,124.2565,1259.0,585.53418,2387,243902.84946983794
2025-10-07T19:45:03.105721+00:00,491,833.035522,16.1018677,-1.58074737,-11.0670557,4.86629725,4.14739752,-2.82766,0.160332635,557.900635,-617.47406,-37.6952515,35.7300034,-78.698761,124.215256,1259.0,585.790466,2387,243903.10572112325
2025-10-07T19:45:03.361972+00:00,491,834.162598,15.9105806,-1.2546804,-11.0957117,4.81971407,3.70627403,-3.09866357,-0.866185069,556.535889,-619.905701,-42.5677109,35.7299919,-78.6987839,129.087708,1260.0,586.046692,2387,243903.36197240834
2025-10-07T19:45:03.618224+00:00,491,835.397766,15.9223604,-1.24347711,-11.0957117,4.82030487,3.70661783,-3.09885216,-0.8653754,557.48584,-620.699707,-42.7887764,35.73,-78.6987915,129.308777,1260.0,586.302917,2387,243903.61822369366
2025-10-07T19:45:03.874475+00:00,491,836.539124,16.0120792,-1.5202204,-10.8897181,4.78188658,3.84173465,-2.98330879,0.0167593062,559.265503,-620.899658,-38.7748108,35.7300148,-78.6988,125.294807,1261.0,586.559204,2387,243903.87447497898
2025-10-07T19:45:04.130726+00:00,491,837.749573,16.3516178,-1.6246233,-10.9053354,4.76561546,4.43814278,-2.43038654,0.350282401,563.768127,-618.554,-37.1596222,35.7300568,-78.6987686,123.679619,1262.0,586.81543,2387,243904.1307262643
2025-10-07T19:45:04.386978+00:00,491,838.971,16.3806286,-1.63356769,-10.9053354,4.76681328,4.43793344,-2.4309206,0.349706292,564.90509,-619.177185,-37.0703392,35.7300682,-78.6987762,123.59034,1262.0,587.071716,2387,243904.3869775496
2025-10-07T19:45:04.643229+00:00,491,839.921448,16.7014885,-1.97230554,-10.6204109,4.71335888,4.95033741,-1.92248487,1.38012183,569.039734,-616.957947,-32.0117035,35.7301025,-78.6987534,118.5317,1263.0,587.327942,2387,243904.64322883493
2025-10-07T19:45:04.899480+00:00,491,841.1297,16.7430382,-1.99824035,-10.6204109,4.71622753,4.95019054,-1.92321372,1.37918961,570.307861,-617.451111,-31.658989,35.730114,-78.698761,118.178986,1263.0,587.584167,2387,243904.89948012048
2025-10-07T19:45:05.155731+00:00,491,842.332947,16.4778767,-1.88176095,-10.5310497,4.68894196,4.35255098,-2.4269166,0.909732461,568.24707,-620.883,-33.5321579,35.7301,-78.6988,120.052155,1264.0,587.840454,2387,243905.1557314058
2025-10-07T19:45:05.411983+00:00,491,843.541321,16.5813332,-1.68800819,-10.5772991,4.68479,4.48635292,-2.26088381,0.254797757,570.168457,-620.60144,-36.3832855,35.730114,-78.6987915,122.903282,1265.0,588.09668,2387,243905.41198269112
2025-10-07T19:45:05.668234+00:00,491,844.742,16.6124115,-1.69506109,-10.5772991,4.68594837,4.48653269,-2.26094937,0.25549227,571.318176,-621.180847,-36.3174248,35.7301254,-78.6988,122.837425,1265.0,588.352966,2387,243905.66823397644
2025-10-07T19:45:05.924485+00:00,491,845.82843,16.9051361,-1.51752937,-10.4466562,4.70225573,4.98505926,-1.77413499,-0.304413706,575.206604,-618.913391,-38.850029,35.7301598,-78.6987762,125.370026,1266.0,588.609192,2387,243905.924485262
2025-10-07T19:45:06.180737+00:00,491,847.033569,16.9474182,-1.5147537,-10.4466562,4.70380116,4.9846468,-1.77420807,-0.303676218,576.483765,-619.368286,-38.9272537,35.7301712,-78.6987762,125.44725,1266.0,588.865479,2387,243906.1807365473
2025-10-07T19:45:06.436988+00:00,491,848.31311,17.0339203,-1.38290918,-10.523407,4.77303743,5.11199236,-1.71740568,-0.715751112,578.273071,-619.324585,-40.8958092,35.7301865,-78.6987762,127.415802,1267.0,589.121704,2387,243906.43698783286
2025-10-07T19:45:06.693239+00:00,491,849.595215,17.1132984,-1.17998266,-10.7296391,4.8188982,5.19866514,-1.64799345,-1.33071256,579.972412,-619.285583,-43.9252892,35.7302,-78.6987762,130.445282,1268.0,589.37793,2387,243906.69323911818
2025-10-07T19:45:06.949490+00:00,491,850.830322,17.158741,-1.15994489,-10.7296391,4.82091188,5.19826031,-1.64777935,-1.32980204,581.304443,-619.707947,-44.2653618,35.7302132,-78.6987839,130.785355,1268.0,589.634216,2387,243906.94949040373
2025-10-07T19:45:07.205742+00:00,491,852.228394,16.4241085,-1.26064515,-10.6623545,4.8687067,3.76313114,-3.09457326,-1.0232904,574.254822,-628.220154,-43.1749763,35.7301521,-78.6988754,129.694977,1269.0,589.890442,2387,243907.2057416993
2025-10-07T19:45:07.461993+00:00,491,853.475891,16.4356518,-1.24691951,-10.6623545,4.8683219,3.76339197,-3.0933795,-1.02317262,575.21991,-629.012207,-43.4371338,35.7301598,-78.6988831,129.957138,1269.0,590.146729,2387,243907.4619929846
2025-10-07T19:45:07.718244+00:00,491,854.758179,16.2625561,-1.54020786,-10.6320744,4.91052,3.44654703,-3.50542712,-0.0769845,574.220642,-631.937256,-39.211113,35.7301521,-78.6989212,125.73111,1270.0,590.402954,2387,243907.71824427016
2025-10-07T19:45:07.974496+00:00,491,855.963745,16.3409367,-1.52241337,-10.5082226,4.92472076,3.59928727,-3.38152742,-0.135518163,575.894653,-632.027954,-39.4970055,35.7301674,-78.6989212,126.017006,1271.0,590.659241,2387,243907.9744955557
2025-10-07T19:45:08.230747+00:00,491,857.225647,16.3475647,-1.52375627,-10.5082226,4.92435932,3.59919858,-3.38102579,-0.135991544,576.8172,-632.894165,-39.5322189,35.730175,-78.6989288,126.052216,1271.0,590.915466,2387,243908.23074684126
2025-10-07T19:45:08.486998+00:00,491,858.430298,15.946744,-1.30146515,-10.338233,4.94740105,2.81578422,-4.0703721,-0.877630115,573.13855,-637.619,-43.0904808,35.7301407,-78.6989822,129.610474,1272.0,591.171692,2387,243908.4869981268
2025-10-07T19:45:08.743249+00:00,491,859.697937,15.9357672,-1.29104447,-10.338233,4.94708395,2.81584144,-4.06960392,-0.87724936,573.860474,-638.66156,-43.315033,35.7301483,-78.6989899,129.835022,1272.0,591.428,2387,243908.74324941236
2025-10-07T19:45:08.999501+00:00,491,861.035034,15.2842274,-1.5760808,-10.1187935,4.99206877,1.58482504,-5.25904417,0.00836596731,567.472778,-646.378113,-39.3884773,35.7300911,-78.6990814,125.908478,1273.0,591.684204,2387,243908.99950069792
2025-10-07T19:45:09.255752+00:00,491,862.299377,15.4495134,-1.97643387,-9.88300896,4.99068356,1.99985051,-4.96337605,1.2943573,570.212097,-645.992065,-33.3577957,35.730114,-78.6990738,119.877792,1274.0,591.940491,2387,243909.2557519816
2025-10-07T19:45:09.512003+00:00,491,863.57843,15.4199152,-2.00251365,-9.88300896,4.99215794,2.00009,-4.96291971,1.29280269,570.724915,-647.263489,-33.0274239,35.7301178,-78.6990891,119.547424,1274.0,592.196716,2387,243909.51200326692
2025-10-07T19:45:09.768255+00:00,491,864.856079,15.4927349,-2.61451268,-9.6545105,5.01825285,2.21215487,-4.86291695,3.22634411,572.395142,-647.898621,-23.8157463,35.7301331,-78.6991,110.335739,1275.0,592.452942,2387,243909.76825455224
2025-10-07T19:45:10.024506+00:00,491,866.142517,15.4678879,-2.6721561,-9.6545105,5.02229261,2.21211052,-4.86285114,3.22417855,572.962036,-649.144653,-22.9912338,35.7301407,-78.6991119,109.51123,1275.0,592.709229,2387,243910.02450583756
2025-10-07T19:45:10.280757+00:00,491,867.558411,14.9536934,-2.52875495,-9.67379665,5.06012249,1.21629369,-5.74266624,2.5080359,568.049438,-655.233826,-25.4192142,35.7300949,-78.699173,111.939209,1276.0,592.965454,2387,243910.28075712288
2025-10-07T19:45:10.537008+00:00,491,868.979,15.5520706,-2.45910168,-9.58848667,5.05233955,2.56893802,-4.56446505,2.1738503,575.803223,-650.29657,-26.2584896,35.7301636,-78.6991196,112.778488,1277.0,593.221741,2387,243910.53700840843
2025-10-07T19:45:10.793260+00:00,491,870.273743,15.5345631,-2.49890757,-9.58848667,5.05434322,2.56849074,-4.5649457,2.17428184,576.461121,-651.466431,-25.7011757,35.7301712,-78.6991348,112.221176,1277.0,593.477966,2387,243910.79325969375
2025-10-07T19:45:11.049511+00:00,491,871.458801,15.8109226,-2.50495338,-9.4703,5.02276564,3.17065191,-3.98752403,2.08618498,580.385132,-649.57074,-25.5226154,35.7302055,-78.6991119,112.04261,1278.0,593.734253,2387,243911.04951097906
2025-10-07T19:45:11.305762+00:00,491,872.746033,15.8070421,-2.54268312,-9.4703,5.02438736,3.17009211,-3.98820853,2.08641,581.19696,-650.59314,-24.987812,35.7302132,-78.6991272,111.507805,1278.0,593.990479,2387,243911.30576226462
2025-10-07T19:45:11.562014+00:00,491,874.033752,15.8032131,-2.58029032,-9.4703,5.0258708,3.17009211,-3.98820853,2.08641,582.009338,-651.615112,-24.453167,35.7302208,-78.6991348,110.97316,1278.0,594.246704,2387,243911.56201354993
2025-10-07T19:45:11.818265+00:00,491,875.285339,15.9084,-2.42760539,-9.44544601,5.00462627,3.39066648,-3.74428511,1.44881678,584.044678,-651.382751,-26.7718029,35.7302399,-78.6991348,113.291794,1279.0,594.503,2387,243911.81826483549
2025-10-07T19:45:12.074516+00:00,491,876.568,15.9095087,-2.45452499,-9.44544601,5.00561953,3.39008427,-3.74517488,1.44994009,584.912537,-652.343384,-26.399065,35.7302475,-78.6991425,112.91906,1279.0,594.759216,2387,243912.0745161208
2025-10-07T19:45:12.330767+00:00,491,877.971252,15.3572502,-2.34318876,-9.52748,5.02621269,2.22604346,-4.77958202,0.93509984,579.52594,-658.921265,-28.3904,35.7301979,-78.6992188,114.9104,1280.0,595.015503,2387,243912.33076740426
2025-10-07T19:45:12.587019+00:00,491,879.259338,15.3331022,-2.36236119,-9.52748,5.02733135,2.22745347,-4.77858067,0.936740041,580.097961,-660.144775,-28.1486778,35.7302055,-78.6992264,114.668671,1280.0,595.271729,2387,243912.58701868958
2025-10-07T19:45:12.843270+00:00,491,880.512878,15.4238539,-2.35379076,-9.60231304,4.99941492,2.45500875,-4.54064322,0.857506096,581.971436,-660.16095,-28.2805462,35.7302208,-78.6992264,114.800545,1281.0,595.528,2387,243912.84326997466
2025-10-07T19:45:13.099521+00:00,491,881.890564,15.0108509,-2.31446624,-9.59545231,5.00208139,1.61786675,-5.25222826,0.636999846,578.100403,-665.344666,-29.1098518,35.7301865,-78.6992874,115.629852,1282.0,595.784241,2387,243913.09952125998
2025-10-07T19:45:13.355773+00:00,491,883.172485,14.9743099,-2.32887769,-9.59545231,5.00398636,1.61869979,-5.25190306,0.637416184,578.515747,-666.68988,-28.9460526,35.7301903,-78.6993,115.466049,1282.0,596.040466,2387,243913.35577253296
2025-10-07T19:45:13.612024+00:00,491,884.604126,15.4537411,-2.905231,-9.66032791,5.00429964,2.70091295,-4.3666625,2.48440838,584.991821,-663.259644,-19.891613,35.7302475,-78.6992645,106.411613,1283.0,596.296753,2387,243913.61202381828
2025-10-07T19:45:13.868275+00:00,491,885.886841,15.4406443,-2.9485929,-9.66032791,5.0070262,2.70100188,-4.36730528,2.48331475,585.683716,-664.378845,-19.2562523,35.7302551,-78.6992798,105.776245,1283.0,596.553,2387,243913.8682751036
2025-10-07T19:45:14.124526+00:00,491,887.179321,15.8148375,-2.91670728,-9.67679501,4.96276665,3.46802354,-3.62573695,2.2790494,590.870483,-661.494263,-19.6104126,35.7303,-78.6992416,106.130409,1284.0,596.809265,2387,243914.12452638868
2025-10-07T19:45:14.380778+00:00,491,888.385193,15.8221016,-2.86554575,-9.74436188,4.93011332,3.45177102,-3.59056973,1.9968158,591.762878,-662.289795,-20.4265194,35.7303085,-78.6992569,106.946518,1285.0,597.065491,2387,243914.380777674
2025-10-07T19:45:14.637029+00:00,491,889.648682,15.8260765,-2.90026569,-9.74436188,4.93181467,3.45163846,-3.59123874,1.99681377,592.646851,-663.210266,-19.9150314,35.7303162,-78.6992645,106.435028,1285.0,597.321716,2387,243914.63702895955
2025-10-07T19:45:14.893280+00:00,491,890.912598,15.8300743,-2.93489933,-9.74436188,4.93310118,3.45163846,-3.59123874,1.99681377,593.531372,-664.130554,-19.4033451,35.7303238,-78.6992722,105.92334,1285.0,597.578,2387,243914.89328024487
2025-10-07T19:45:15.149532+00:00,491,892.17688,15.8340607,-2.96943474,-9.74436188,4.93438196,3.45163846,-3.59123874,1.99681377,594.415833,-665.050781,-18.8916607,35.7303314,-78.6992874,105.411659,1285.0,597.834229,2387,243915.1495315302
2025-10-07T19:45:15.405783+00:00,491,893.541504,16.3666782,-2.93951941,-9.68496609,4.94426537,4.4764266,-2.66596937,1.85396,601.488464,-660.501038,-19.1419163,35.7303963,-78.699234,105.661911,1286.0,598.090515,2387,243915.4057828155
2025-10-07T19:45:15.662034+00:00,491,894.677124,16.236618,-3.29905868,-9.52255535,4.9195261,4.14703894,-2.93939853,2.80764365,600.697266,-662.891113,-13.6158371,35.7303886,-78.6992569,100.135834,1287.0,598.346741,2387,243915.66203410082
2025-10-07T19:45:15.918285+00:00,491,895.938232,16.2559891,-3.34567475,-9.52255535,4.9224987,4.14671278,-2.94002104,2.8066361,601.759216,-663.645142,-12.8975077,35.7304,-78.6992722,99.4175,1287.0,598.603,2387,243915.91828538637
2025-10-07T19:45:16.174537+00:00,491,896.917664,16.2487793,-3.64489961,-9.41658,4.90028191,4.0634985,-2.97488785,3.54859138,602.267578,-664.580627,-8.23323917,35.7304039,-78.6992798,94.7532349,1288.0,598.859253,2387,243916.1745366717
2025-10-07T19:45:16.430788+00:00,491,898.174,16.2670918,-3.70305133,-9.41658,4.90429974,4.06340265,-2.97502875,3.54764056,603.308594,-665.343262,-7.3251009,35.7304115,-78.6992874,93.8451,1288.0,599.115479,2387,243916.43078795678
2025-10-07T19:45:16.687039+00:00,491,899.566406,16.3183689,-3.11639047,-9.53892231,4.91710472,4.16733599,-2.89933562,1.66425991,604.959717,-665.560364,-16.5184174,35.7304268,-78.6992874,103.038406,1289.0,599.371765,2387,243916.6870392421
2025-10-07T19:45:16.943291+00:00,491,900.89,16.0514832,-2.90074587,-9.52524662,4.94208765,3.6646173,-3.37982798,0.923797667,602.770447,-669.229675,-20.0553684,35.7304077,-78.6993332,106.575363,1290.0,599.628,2387,243916.94329052718
2025-10-07T19:45:17.199542+00:00,491,902.156372,16.059515,-2.91743279,-9.52524662,4.94221497,3.6647222,-3.37945628,0.92526269,603.709778,-670.09552,-19.8172741,35.7304153,-78.6993408,106.337265,1290.0,599.884277,2387,243917.19954181227
2025-10-07T19:45:17.455793+00:00,491,903.36377,16.1779213,-3.0126338,-9.58576,4.95156527,3.8704443,-3.20894027,1.16682816,605.890137,-669.797607,-18.2887039,35.7304382,-78.6993332,104.808701,1291.0,600.140503,2387,243917.4557930976
2025-10-07T19:45:17.712044+00:00,491,904.632629,16.1901951,-3.03287649,-9.58576,4.95186281,3.87027073,-3.20869827,1.16720533,606.881897,-670.619812,-17.989254,35.7304459,-78.6993484,104.509247,1291.0,600.39679,2387,243917.7120443829
2025-10-07T19:45:17.968296+00:00,491,905.923706,16.0526905,-3.09607124,-9.82334805,4.9673028,3.60757351,-3.46954298,1.28084671,606.127502,-673.064331,-17.0805054,35.7304382,-78.6993713,103.60051,1292.0,600.653,2387,243917.968295668
2025-10-07T19:45:18.224547+00:00,491,907.212402,16.2261887,-3.34734869,-9.89075851,4.97421026,3.90306306,-3.21501541,1.97185338,608.982178,-672.313049,-13.0473051,35.7304649,-78.6993637,99.5673065,1293.0,600.909241,2387,243918.2245469533
2025-10-07T19:45:18.480798+00:00,491,908.487183,16.2390499,-3.37997532,-9.89075851,4.97547626,3.90295887,-3.21501541,1.97129703,609.982239,-673.136963,-12.5425425,35.7304726,-78.6993713,99.0625381,1293.0,601.165527,2387,243918.48079823863
2025-10-07T19:45:18.737050+00:00,491,909.839905,16.7659798,-3.65244651,-9.92009735,5.01385975,4.8230505,-2.40462637,2.72653794,616.990051,-668.631592,-7.98589516,35.7305374,-78.6993256,94.5058899,1294.0,601.421753,2387,243918.73704952394
2025-10-07T19:45:18.993301+00:00,491,911.125122,16.7981892,-3.69608641,-9.92009735,5.01698303,4.82260609,-2.40494823,2.72583437,618.225464,-669.248169,-7.28802538,35.7305489,-78.6993332,93.8080215,1294.0,601.67804,2387,243918.99330080926
2025-10-07T19:45:19.249552+00:00,491,912.411133,16.8303413,-3.73964047,-9.92009735,5.02015495,4.82260609,-2.40494823,2.72583437,619.461304,-669.864441,-6.58952665,35.7305603,-78.6993408,93.10952,1294.0,601.934265,2387,243919.24955209458
2025-10-07T19:45:19.505803+00:00,491,913.697937,16.8624058,-3.78307104,-9.92009735,5.02331352,4.82260609,-2.40494823,2.72583437,620.697083,-670.480713,-5.8910284,35.7305717,-78.6993408,92.4110184,1294.0,602.190491,2387,243919.5058033799
2025-10-07T19:45:19.762055+00:00,491,914.985596,16.8943825,-3.82637787,-9.92009735,5.02645826,4.82260609,-2.40494823,2.72583437,621.932861,-671.097,-5.19252968,35.7305794,-78.6993484,91.7125244,1294.0,602.446777,2387,243919.76205466522
2025-10-07T19:45:20.018306+00:00,491,916.641113,18.3757801,-3.28131819,-10.0521603,4.86377716,7.14543724,0.155900419,1.12902844,640.331116,-655.769348,-13.1731396,35.7307472,-78.6991806,99.6931381,1295.0,602.703,2387,243920.01830595054
2025-10-07T19:45:20.274557+00:00,491,917.891541,18.4594326,-3.29782724,-10.0521603,4.87763357,7.14686584,0.149025247,1.12967229,642.157654,-655.738159,-12.8833971,35.7307625,-78.6991806,99.4034,1295.0,602.95929,2387,243920.2745572361
2025-10-07T19:45:20.530809+00:00,491,918.426,18.1239376,-3.2735579,-10.3903189,4.28717089,5.94518757,-0.232697487,0.983280838,638.69,-659.848816,-13.4529953,35.730732,-78.6992264,99.9729919,1296.0,603.215515,2387,243920.5308085214
2025-10-07T19:45:20.787060+00:00,491,918.630676,17.730484,-3.34993982,-10.1609554,3.76371408,4.79515123,-0.64740777,1.13593125,634.276306,-664.395447,-12.4325132,35.7306938,-78.6992798,98.9525146,1297.0,603.471802,2387,243920.78705980672
2025-10-07T19:45:21.043311+00:00,491,919.595276,17.7792339,-3.36736465,-10.1609554,3.7661922,4.79450369,-0.647407174,1.13601327,635.503235,-664.562805,-12.1413765,35.7307053,-78.6992798,98.6613693,1297.0,603.728,2387,243921.04331109227
2025-10-07T19:45:21.299562+00:00,491,920.362549,17.7229366,-4.03481722,-10.2889338,3.25681734,4.21585083,-0.486515224,3.03989649,635.190735,-666.031433,-1.46420407,35.7307,-78.699295,87.9842,1298.0,603.984253,2387,243921.2995623876
2025-10-07T19:45:21.555814+00:00,491,921.197388,17.767765,-4.08199406,-10.2889338,3.25901484,4.21382236,-0.485095114,3.04118443,636.269958,-666.156677,-0.684696138,35.7307091,-78.699295,87.2047,1298.0,604.24054,2387,243921.55581367316
2025-10-07T19:45:21.812065+00:00,491,922.033081,17.8125782,-4.1290679,-10.2889338,3.26363158,4.21382236,-0.485095114,3.04118443,637.349792,-666.281,0.0946113169,35.7307205,-78.699295,86.4253845,1298.0,604.496765,2387,243921.81206495847
2025-10-07T19:45:22.068316+00:00,491,922.87,17.857317,-4.176054,-10.2889338,3.26823568,4.21382236,-0.485095114,3.04118443,638.429565,-666.405273,0.873918772,35.7307281,-78.6993,85.64608,1298.0,604.753052,2387,243922.06831624403
2025-10-07T19:45:22.324568+00:00,491,923.708069,17.9019794,-4.22295284,-10.2889338,3.27282739,4.21382236,-0.485095114,3.04118443,639.509399,-666.529602,1.65322614,35.7307396,-78.6993,84.8667755,1298.0,605.009277,2387,243922.32456752958
2025-10-07T19:45:22.580819+00:00,491,922.503479,17.6648445,-3.68400288,-10.3502913,1.71543097,2.68719769,0.178043813,1.10569644,636.103699,-668.082153,-7.14252377,35.7307091,-78.6993179,93.6625214,1299.0,605.265564,2387,243922.5808188149
2025-10-07T19:45:22.837070+00:00,491,922.927856,17.6982479,-3.70055509,-10.3502913,1.68802595,2.66396022,0.195998088,1.09279239,636.780273,-668.026672,-6.86240292,35.7307167,-78.6993179,93.3824,1299.0,605.52179,2387,243922.83707010045
2025-10-07T19:45:23.093321+00:00,491,923.360596,17.7316666,-3.71708703,-10.3502913,1.68954635,2.66396022,0.195998088,1.09279239,637.462952,-667.97644,-6.58237362,35.7307205,-78.6993179,93.1023712,1299.0,605.778,2387,243923.093321386
2025-10-07T19:45:23.349573+00:00,491,923.262695,17.0369854,-4.04069,-10.401906,1.14520991,0.857489824,-0.771512449,2.02618456,629.169373,-675.69,-1.71754718,35.730648,-78.6994,88.2375488,1300.0,606.034302,2387,243923.34957267155
2025-10-07T19:45:23.605824+00:00,491,923.557251,17.0395412,-4.07296038,-10.401906,1.1415149,0.852445483,-0.769596517,2.02806425,629.389038,-675.889038,-1.19691014,35.730648,-78.6994,87.7169,1300.0,606.290527,2387,243923.6058239571
2025-10-07T19:45:23.862075+00:00,491,923.849915,17.0421181,-4.1051507,-10.401906,1.1426599,0.852445483,-0.769596517,2.02806425,629.607483,-676.086304,-0.677216053,35.7306519,-78.6994095,87.1972122,1300.0,606.546814,2387,243923.86207524265
2025-10-07T19:45:24.118327+00:00,491,924.142883,17.0446911,-4.13732052,-10.401906,1.14380395,0.852445483,-0.769596517,2.02806425,629.825928,-676.283508,-0.157521963,35.7306519,-78.6994095,86.6775208,1300.0,606.80304,2387,243924.1183265282
2025-10-07T19:45:24.374578+00:00,491,924.436096,17.0472641,-4.16947031,-10.401906,1.14494681,0.852445483,-0.769596517,2.02806425,630.044373,-676.480713,0.362172127,35.7306557,-78.6994095,86.1578217,1300.0,607.059265,2387,243924.37457782376
2025-10-07T19:45:24.630829+00:00,491,924.729675,17.0498352,-4.2015996,-10.401906,1.1460886,0.852445483,-0.769596517,2.02806425,630.262817,-676.677917,0.881866217,35.7306557,-78.6994095,85.6381226,1300.0,607.315552,2387,243924.63082910932
2025-10-07T19:45:24.887080+00:00,491,925.023499,17.0524063,-4.23370838,-10.401906,1.14722931,0.852445483,-0.769596517,2.02806425,630.481262,-676.875122,1.40156031,35.7306595,-78.6994171,85.1184311,1300.0,607.571777,2387,243924.88708039487
2025-10-07T19:45:25.143332+00:00,491,925.317627,17.0549736,-4.26579666,-10.401906,1.14836895,0.852445483,-0.769596517,2.02806425,630.699707,-677.072327,1.9212544,35.7306595,-78.6994171,84.5987396,1300.0,607.828064,2387,243925.14333167902
2025-10-07T19:45:25.399583+00:00,491,925.612,17.0575409,-4.29786491,-10.401906,1.14950752,0.852445483,-0.769596517,2.02806425,630.918152,-677.269531,2.44094849,35.7306633,-78.6994171,84.0790482,1300.0,608.08429,2387,243925.39958296434
2025-10-07T19:45:25.655834+00:00,491,925.906738,17.0601082,-4.32991266,-10.401906,1.15064502,0.852445483,-0.769596517,2.02806425,631.136597,-677.466736,2.96064258,35.7306633,-78.6994247,83.5593491,1300.0,608.340576,2387,243925.65583424966
2025-10-07T19:45:25.912086+00:00,491,926.201721,17.0626717,-4.36194,-10.401906,1.15178132,0.852445483,-0.769596517,2.02806425,631.355,-677.66394,3.48033667,35.7306671,-78.6994247,83.0396576,1300.0,608.596802,2387,243925.91208553498
2025-10-07T19:45:26.168337+00:00,491,926.497,17.0652351,-4.39394665,-10.401906,1.15291667,0.852445483,-0.769596517,2.02806425,631.573425,-677.861145,4.00003052,35.7306671,-78.6994247,82.5199585,1300.0,608.853,2387,243926.16833681843
2025-10-07T19:45:26.424588+00:00,491,922.272034,15.1703548,-3.8648386,-9.77061462,0.0937161148,-2.92206073,-2.67744756,0.489567935,606.292175,-694.957642,-5.42998648,35.7304382,-78.6996155,91.9499817,1301.0,609.109314,2387,243926.42458810352
2025-10-07T19:45:26.680839+00:00,491,922.294495,15.1054344,-3.87413692,-9.77061462,0.101668477,-2.93151975,-2.69014788,0.485460043,605.518433,-695.662598,-5.31000519,35.7304344,-78.6996231,91.83,1301.0,609.36554,2387,243926.6808393886
2025-10-07T19:45:26.937091+00:00,491,922.321106,15.0422182,-3.88365746,-9.77061462,0.106129311,-2.93151975,-2.69014788,0.485460043,604.767212,-696.351929,-5.18560553,35.7304268,-78.6996307,91.7056046,1301.0,609.621826,2387,243926.93709067392
2025-10-07T19:45:27.193342+00:00,491,922.297,15.3189592,-3.57895732,-9.9177,-0.0461523086,-2.3823235,-2.02468657,-0.262401938,608.178,-693.290771,-9.96211529,35.7304573,-78.6995926,96.4821091,1302.0,609.878052,2387,243927.19334194667
2025-10-07T19:45:27.449593+00:00,491,922.288452,15.2700062,-3.57640147,-9.9177,-0.0405321456,-2.3767395,-2.023736,-0.260369331,607.581604,-693.80127,-10.0255508,35.7304535,-78.6996,96.5455475,1302.0,610.134338,2387,243927.44959323198
2025-10-07T19:45:27.705845+00:00,491,922.278442,15.2201214,-3.57366395,-9.9177,-0.0378063098,-2.3767395,-2.023736,-0.260369331,606.972534,-694.319824,-10.0922709,35.7304459,-78.6996078,96.6122665,1302.0,610.390564,2387,243927.70584451707
2025-10-07T19:45:27.962096+00:00,491,922.269104,15.1702366,-3.57092381,-9.9177,-0.0350803882,-2.3767395,-2.023736,-0.260369331,606.363525,-694.83844,-10.1589909,35.730442,-78.6996155,96.6789856,1302.0,610.64679,2387,243927.9620958024
2025-10-07T19:45:28.218347+00:00,491,921.726501,15.0688391,-2.96211219,-9.77044,-0.259034842,-2.56982136,-1.84295535,-1.72434115,604.882568,-695.195923,-19.9878311,35.7304268,-78.6996155,106.507828,1303.0,610.903076,2387,243928.21834708747
2025-10-07T19:45:28.474598+00:00,491,921.338745,15.4241753,-2.57468152,-9.53531361,-0.355673,-1.92910039,-1.12923646,-2.56622434,608.953491,-690.914307,-26.0427246,35.7304649,-78.6995697,112.562721,1304.0,611.159302,2387,243928.4745983728
2025-10-07T19:45:28.730850+00:00,491,921.248657,15.3879499,-2.53486276,-9.53531361,-0.351355195,-1.92869425,-1.13050604,-2.56340623,608.458801,-691.204956,-26.6965504,35.7304611,-78.6995697,113.216545,1304.0,611.415588,2387,243928.7308496581
2025-10-07T19:45:28.987101+00:00,491,921.37146,15.935545,-2.12531495,-9.4835968,-0.29447192,-0.917879462,-0.260873854,-3.46838689,615.119263,-685.173767,-33.0249825,35.7305183,-78.6995087,119.544983,1305.0,611.671814,2387,243928.98710094343
2025-10-07T19:45:29.243352+00:00,491,921.296692,15.920146,-2.07041717,-9.4835968,-0.290865391,-0.918595135,-0.261656791,-3.4665978,614.883,-685.242,-33.9113312,35.7305183,-78.6995087,120.43132,1305.0,611.92804,2387,243929.24335222875
2025-10-07T19:45:29.499604+00:00,491,921.222595,15.9048347,-2.0153842,-9.4835968,-0.287292242,-0.918595135,-0.261656791,-3.4665978,614.647583,-685.309082,-34.7996521,35.7305145,-78.6995087,121.319641,1305.0,612.184326,2387,243929.49960351406
2025-10-07T19:45:29.755855+00:00,491,921.149475,15.8895235,-1.96034241,-9.4835968,-0.283718228,-0.918595135,-0.261656791,-3.4665978,614.41217,-685.376099,-35.687973,35.7305145,-78.6995087,122.20797,1305.0,612.440552,2387,243929.75585479938
2025-10-07T19:45:30.012106+00:00,491,921.077209,15.8742094,-1.9052918,-9.4835968,-0.28014335,-0.918595135,-0.261656791,-3.4665978,614.176819,-685.443176,-36.5762901,35.7305107,-78.6995087,123.096283,1305.0,612.696838,2387,243930.0121060847
2025-10-07T19:45:30.268357+00:00,491,921.005859,15.8588943,-1.85023248,-9.4835968,-0.276567668,-0.918595135,-0.261656791,-3.4665978,613.941406,-685.510193,-37.4646111,35.7305107,-78.6995087,123.984604,1305.0,612.953064,2387,243930.26835737002
2025-10-07T19:45:30.524609+00:00,491,920.935486,15.8435783,-1.79516447,-9.4835968,-0.272991151,-0.918595135,-0.261656791,-3.4665978,613.706,-685.577271,-38.352932,35.7305069,-78.6995087,124.872925,1305.0,613.209351,2387,243930.52460865557
2025-10-07T19:45:30.780860+00:00,491,920.865967,15.8282604,-1.74008799,-9.4835968,-0.269413799,-0.918595135,-0.261656791,-3.4665978,613.470642,-685.644287,-39.2412529,35.7305031,-78.6995087,125.761246,1305.0,613.465576,2387,243930.7808599409
2025-10-07T19:45:31.037111+00:00,491,920.797363,15.8129416,-1.68500316,-9.4835968,-0.265835643,-0.918595135,-0.261656791,-3.4665978,613.235229,-685.711365,-40.1295738,35.7305031,-78.6995087,126.649567,1305.0,613.721802,2387,243931.0371112262
2025-10-07T19:45:31.293363+00:00,491,920.729736,15.7976208,-1.62991011,-9.4835968,-0.262256712,-0.918595135,-0.261656791,-3.4665978,612.999817,-685.778381,-41.0178909,35.7305,-78.6995163,127.537888,1305.0,613.978088,2387,243931.29336251176
2025-10-07T19:45:31.549614+00:00,491,920.662964,15.782299,-1.57480884,-9.4835968,-0.258677,-0.918595135,-0.261656791,-3.4665978,612.764465,-685.845459,-41.9062119,35.7305,-78.6995163,128.426208,1305.0,614.234314,2387,243931.54961379708
2025-10-07T19:45:31.805865+00:00,491,920.597168,15.7669754,-1.51969945,-9.4835968,-0.255096495,-0.918595135,-0.261656791,-3.4665978,612.529053,-685.912537,-42.7945328,35.7304955,-78.6995163,129.314529,1305.0,614.490601,2387,243931.80586508263
2025-10-07T19:45:32.062116+00:00,491,920.532227,15.7516508,-1.4645822,-9.4835968,-0.251515239,-0.918595135,-0.261656791,-3.4665978,612.29364,-685.979553,-43.6828537,35.7304955,-78.6995163,130.20285,1305.0,614.746826,2387,243932.06211636795
2025-10-07T19:45:32.318368+00:00,491,920.468262,15.7363253,-1.40945721,-9.4835968,-0.247933224,-0.918595135,-0.261656791,-3.4665978,612.058289,-686.046631,-44.5711708,35.7304916,-78.6995163,131.091171,1305.0,615.003113,2387,243932.3183676635
2025-10-07T19:45:32.574619+00:00,491,920.405212,15.7209978,-1.35432446,-9.4835968,-0.244350478,-0.918595135,-0.261656791,-3.4665978,611.822876,-686.113647,-45.4594917,35.7304916,-78.6995163,131.979492,1305.0,615.259338,2387,243932.57461894906
2025-10-07T19:45:32.830870+00:00,491,920.343,15.7056684,-1.29918396,-9.4835968,-0.240766987,-0.918595135,-0.261656791,-3.4665978,611.587463,-686.180725,-46.3478127,35.7304878,-78.6995163,132.867798,1305.0,615.515564,2387,243932.83087023438
2025-10-07T19:45:33.087122+00:00,491,920.281799,15.6903381,-1.2440362,-9.4835968,-0.237182796,-0.918595135,-0.261656791,-3.4665978,611.352112,-686.247742,-47.2361336,35.730484,-78.6995163,133.756134,1305.0,615.771851,2387,243933.08712151993
2025-10-07T19:45:33.343373+00:00,491,920.221497,15.6750069,-1.18888092,-9.4835968,-0.233597875,-0.918595135,-0.261656791,-3.4665978,611.116699,-686.314819,-48.1244545,35.730484,-78.6995163,134.644455,1305.0,616.028076,2387,243933.34337280548
2025-10-07T19:45:33.599624+00:00,491,920.162048,15.6596737,-1.13371837,-9.4835968,-0.230012253,-0.918595135,-0.261656791,-3.4665978,610.881287,-686.381836,-49.0127716,35.7304802,-78.6995163,135.532776,1305.0,616.284363,2387,243933.59962409103
2025-10-07T19:45:33.855875+00:00,491,920.103577,15.6443396,-1.07854879,-9.4835968,-0.226425961,-0.918595135,-0.261656791,-3.4665978,610.645935,-686.448914,-49.9010925,35.7304802,-78.6995239,136.421082,1305.0,616.540588,2387,243933.85587537658
2025-10-07T19:45:34.112127+00:00,491,920.046,15.6290035,-1.02337205,-9.4835968,-0.222838968,-0.918595135,-0.261656791,-3.4665978,610.410522,-686.51593,-50.7894135,35.7304764,-78.6995239,137.309418,1305.0,616.796814,2387,243934.11212666213
2025-10-07T19:45:34.368378+00:00,491,919.98938,15.6136665,-0.968188465,-9.4835968,-0.21925132,-0.918595135,-0.261656791,-3.4665978,610.175171,-686.583,-51.6777344,35.7304764,-78.6995239,138.197723,1305.0,617.053101,2387,243934.3683779456
2025-10-07T19:45:34.624629+00:00,491,919.933655,15.5983276,-0.912998,-9.4835968,-0.215663016,-0.918595135,-0.261656791,-3.4665978,609.939758,-686.650085,-52.5660553,35.7304726,-78.6995239,139.086044,1305.0,617.309326,2387,243934.6246292309
2025-10-07T19:45:34.880881+00:00,491,919.878845,15.5829878,-0.857800901,-9.4835968,-0.212074071,-0.918595135,-0.261656791,-3.4665978,609.704346,-686.717102,-53.4543724,35.7304726,-78.6995239,139.974365,1305.0,617.565613,2387,243934.88088051623
2025-10-07T19:45:35.137132+00:00,491,919.824951,15.567647,-0.802597225,-9.4835968,-0.208484471,-0.918595135,-0.261656791,-3.4665978,609.469,-686.78418,-54.3426933,35.7304688,-78.6995239,140.862686,1305.0,617.821838,2387,243935.13713180154
2025-10-07T19:45:35.393383+00:00,491,919.772034,15.5523043,-0.747387052,-9.4835968,-0.20489426,-0.918595135,-0.261656791,-3.4665978,609.233582,-686.851196,-55.2310143,35.7304649,-78.6995239,141.751,1305.0,618.078125,2387,243935.3933830871
2025-10-07T19:45:35.649634+00:00,491,919.72,15.5369606,-0.692170501,-9.4835968,-0.201303422,-0.918595135,-0.261656791,-3.4665978,608.998169,-686.918274,-56.1193352,35.7304649,-78.6995239,142.639328,1305.0,618.334351,2387,243935.6496343724
2025-10-07T19:45:35.905886+00:00,491,919.668823,15.521615,-0.636947751,-9.4835968,-0.197711989,-0.918595135,-0.261656791,-3.4665978,608.762817,-686.985291,-57.0076561,35.7304611,-78.6995239,143.527649,1305.0,618.590576,2387,243935.90588565773
2025-10-07T19:45:36.162137+00:00,491,919.618652,15.5062685,-0.581718862,-9.4835968,-0.19411996,-0.918595135,-0.261656791,-3.4665978,608.527405,-687.052368,-57.8959732,35.7304611,-78.6995239,144.41597,1305.0,618.846863,2387,243936.16213694305
2025-10-07T19:45:36.418388+00:00,491,919.569336,15.4909201,-0.526483953,-9.4835968,-0.19052735,-0.918595135,-0.261656791,-3.4665978,608.292,-687.119385,-58.7842941,35.7304573,-78.6995316,145.304291,1305.0,619.103088,2387,243936.4183882286
2025-10-07T19:45:36.674640+00:00,491,919.521,15.4755707,-0.471243113,-9.4835968,-0.186934173,-0.918595135,-0.261656791,-3.4665978,608.056641,-687.186462,-59.6726151,35.7304573,-78.6995316,146.192612,1305.0,619.359375,2387,243936.67463951392
2025-10-07T19:45:36.930891+00:00,491,919.473572,15.4602194,-0.415996492,-9.4835968,-0.18334043,-0.918595135,-0.261656791,-3.4665978,607.821228,-687.253479,-60.560936,35.7304535,-78.6995316,147.080933,1305.0,619.615601,2387,243936.93089079947
2025-10-07T19:45:37.187142+00:00,491,919.427,15.4448681,-0.360744208,-9.4835968,-0.179746136,-0.918595135,-0.261656791,-3.4665978,607.585815,-687.320557,-61.4492569,35.7304535,-78.6995316,147.969254,1305.0,619.871887,2387,243937.1871420848
2025-10-07T19:45:37.443393+00:00,491,919.381409,15.4295139,-0.305486351,-9.4835968,-0.176151291,-0.918595135,-0.261656791,-3.4665978,607.350464,-687.387634,-62.337574,35.7304497,-78.6995316,148.857574,1305.0,620.128113,2387,243937.44339337034
2025-10-07T19:45:37.699645+00:00,491,919.336731,15.4141598,-0.25022307,-9.4835968,-0.172555923,-0.918595135,-0.261656791,-3.4665978,607.115051,-687.454651,-63.2258949,35.7304459,-78.6995316,149.745895,1305.0,620.384338,2387,243937.69964465566
2025-10-07T19:45:37.955896+00:00,491,919.292969,15.3988028,-0.194954425,-9.4835968,-0.16896005,-0.918595135,-0.261656791,-3.4665978,606.879639,-687.521729,-64.1142197,35.7304459,-78.6995316,150.634216,1305.0,620.640625,2387,243937.9558959412
2025-10-07T19:45:38.212147+00:00,491,919.250183,15.3834457,-0.139680579,-9.4835968,-0.165363654,-0.918595135,-0.261656791,-3.4665978,606.644287,-687.588745,-65.002533,35.730442,-78.6995316,151.522522,1305.0,620.896851,2387,243938.2121472249
2025-10-07T19:45:38.468399+00:00,491,919.208252,15.3680868,-0.084401615,-9.4835968,-0.161766768,-0.918595135,-0.261656791,-3.4665978,606.408875,-687.655823,-65.8908539,35.730442,-78.6995316,152.410858,1305.0,621.153137,2387,243938.46839851022
2025-10-07T19:45:38.724650+00:00,491,919.167236,15.352726,-0.0291176662,-9.4835968,-0.158169389,-0.918595135,-0.261656791,-3.4665978,606.173462,-687.722839,-66.7791748,35.7304382,-78.6995316,153.299164,1305.0,621.409363,2387,243938.7246497953
2025-10-07T19:45:38.980901+00:00,491,919.127197,15.3373652,0.0261711627,-9.4835968,-0.154571533,-0.918595135,-0.261656791,-3.4665978,605.93811,-687.789917,-67.6674957,35.7304382,-78.6995392,154.1875,1305.0,621.665588,2387,243938.98090108062
2025-10-07T19:45:39.237152+00:00,491,919.088,15.3220024,0.0814647526,-9.4835968,-0.150973216,-0.918595135,-0.261656791,-3.4665978,605.702698,-687.856934,-68.5558167,35.7304344,-78.6995392,155.075806,1305.0,621.921875,2387,243939.23715236594
2025-10-07T19:45:39.493404+00:00,491,919.049805,15.3066378,0.136762992,-9.4835968,-0.147374436,-0.918595135,-0.261656791,-3.4665978,605.467346,-687.924,-69.4441376,35.7304344,-78.6995392,155.964142,1305.0,622.178101,2387,243939.49340365126
2025-10-07T19:45:39.749655+00:00,491,919.012512,15.2912722,0.192065775,-9.4835968,-0.143775225,-0.918595135,-0.261656791,-3.4665978,605.231934,-687.991,-70.3324585,35.7304306,-78.6995392,156.852448,1305.0,622.434387,2387,243939.74965493658
2025-10-07T19:45:40.005906+00:00,491,918.976135,15.2759056,0.24737297,-9.4835968,-0.140175581,-0.918595135,-0.261656791,-3.4665978,604.996521,-688.058105,-71.2207794,35.7304268,-78.6995392,157.740768,1305.0,622.690613,2387,243940.0059062219
2025-10-07T19:45:40.262158+00:00,491,918.940674,15.2605371,0.302684486,-9.4835968,-0.136575505,-0.918595135,-0.261656791,-3.4665978,604.761169,-688.125183,-72.1091,35.7304268,-78.6995392,158.629089,1305.0,622.946899,2387,243940.2621575072
2025-10-07T19:45:40.518409+00:00,491,918.906128,15.2451677,0.358000159,-9.4835968,-0.132975027,-0.918595135,-0.261656791,-3.4665978,604.525757,-688.1922,-72.9974213,35.730423,-78.6995392,159.51741,1305.0,623.203125,2387,243940.51840879253
2025-10-07T19:45:40.774660+00:00,491,918.872498,15.2297964,0.413319945,-9.4835968,-0.129374146,-0.918595135,-0.261656791,-3.4665978,604.290344,-688.259277,-73.8857346,35.730423,-78.6995392,160.405731,1305.0,623.459351,2387,243940.77466007785
2025-10-07T19:45:41.030911+00:00,491,918.839844,15.2144241,0.468643665,-9.4835968,-0.125772864,-0.918595135,-0.261656791,-3.4665978,604.055,-688.326294,-74.7740555,35.7304192,-78.6995392,161.294052,1305.0,623.715637,2387,243941.0309113634
2025-10-07T19:45:41.287163+00:00,491,918.808044,15.1990509,0.52397126,-9.4835968,-0.122171216,-0.918595135,-0.261656791,-3.4665978,603.81958,-688.393372,-75.6623764,35.7304192,-78.6995392,162.182373,1305.0,623.971863,2387,243941.28716264872
2025-10-07T19:45:41.543414+00:00,491,918.777222,15.1836758,0.579302549,-9.4835968,-0.118569195,-0.918595135,-0.261656791,-3.4665978,603.584167,-688.460388,-76.5507,35.7304153,-78.6995392,163.070694,1305.0,624.228149,2387,243941.54341393404
2025-10-07T19:45:41.799665+00:00,491,919.601929,16.511488,-3.62478495,-9.65068626,-0.181313127,0.114379875,0.337238193,1.02901983,620.615845,-678.549316,-8.63844395,35.7305679,-78.6994324,95.158432,1306.0,624.484375,2387,243941.7996652196
2025-10-07T19:45:42.055917+00:00,491,919.506,16.5168495,-3.62718749,-9.65068626,-0.178850606,0.109855324,0.330571353,0.973099768,620.613831,-678.421631,-8.5964222,35.7305679,-78.6994324,95.1164169,1306.0,624.740662,2387,243942.0559165049
2025-10-07T19:45:42.312168+00:00,491,919.101868,16.8783703,-4.00014782,-9.38213444,-0.520746589,0.103354253,0.800574303,1.34982491,624.488342,-674.356445,-2.43753099,35.7306023,-78.6993866,88.9575195,1307.0,624.996887,2387,243942.31216779046
2025-10-07T19:45:42.568419+00:00,491,918.878662,16.2817192,-4.58743334,-9.38853073,-0.953843892,-0.665321052,0.703117907,1.91051471,617.081,-680.811584,6.68981886,35.7305374,-78.6994553,79.8301773,1308.0,625.253113,2387,243942.56841907577
2025-10-07T19:45:42.824670+00:00,491,918.63324,16.2823505,-4.61799622,-9.38853073,-0.951275826,-0.664228737,0.702013791,1.90964115,616.910339,-680.63,7.178123,35.7305374,-78.6994553,79.3418655,1308.0,625.509399,2387,243942.82467036133
2025-10-07T19:45:43.080922+00:00,491,918.201904,17.2372131,-4.23178196,-9.84153652,-1.70028389,-0.435832828,1.92507923,1.4067781,627.98938,-669.867188,1.45145714,35.7306366,-78.6993408,85.0685425,1309.0,625.765625,2387,243943.08092164688
2025-10-07T19:45:43.337173+00:00,491,917.765259,17.2538147,-4.25393581,-9.84153652,-1.70796132,-0.44092384,1.93197262,1.40638363,627.87561,-669.374329,1.8136692,35.7306328,-78.6993332,84.7063293,1309.0,626.021912,2387,243943.33717293033
2025-10-07T19:45:43.593424+00:00,491,917.327698,17.2705593,-4.27599287,-9.84153652,-1.7071265,-0.44092384,1.93197262,1.40638363,627.762634,-668.879272,2.17405677,35.7306328,-78.6993256,84.3459473,1309.0,626.278137,2387,243943.59342421565
2025-10-07T19:45:43.849676+00:00,491,916.89032,17.287323,-4.29807,-9.84153652,-1.70629048,-0.44092384,1.93197262,1.40638363,627.649658,-668.384216,2.53444433,35.7306328,-78.6993179,83.9855499,1309.0,626.534363,2387,243943.84967550074
2025-10-07T19:45:44.105927+00:00,491,916.453186,17.3041019,-4.3201685,-9.84153652,-1.70545328,-0.44092384,1.93197262,1.40638363,627.536682,-667.889099,2.89483213,35.7306328,-78.6993179,83.6251602,1309.0,626.790649,2387,243944.10592678605
2025-10-07T19:45:44.362178+00:00,491,914.026,17.5371876,-4.15437222,-10.2843294,-3.74974632,-1.67729878,3.57686615,1.04354107,628.633606,-663.523376,0.359204888,35.7306404,-78.6992645,86.1608,1310.0,627.046875,2387,243944.36217807137
2025-10-07T19:45:44.618429+00:00,491,913.05426,17.5585098,-4.17047739,-10.2843294,-3.77546096,-1.69234455,3.59907508,1.04050326,628.2052,-662.590332,0.62596494,35.7306366,-78.6992569,85.8940353,1310.0,627.303162,2387,243944.6184293567
2025-10-07T19:45:44.874681+00:00,491,912.086853,17.579174,-4.18663,-10.2843294,-3.77471709,-1.69234455,3.59907508,1.04050326,627.771484,-661.668091,0.892595232,35.7306328,-78.6992493,85.6274,1310.0,627.559387,2387,243944.874680642
2025-10-07T19:45:45.130932+00:00,491,910.245728,17.4316044,-4.18396044,-10.521534,-4.66709566,-2.52467585,4.03589869,0.964606404,624.807922,-661.938,0.775237262,35.7306061,-78.6992493,85.744751,1311.0,627.815674,2387,243945.13093192733
2025-10-07T19:45:45.387183+00:00,491,909.051453,17.4473572,-4.19910145,-10.521534,-4.6771946,-2.53201246,4.04356527,0.964306772,624.163635,-660.903381,1.02211261,35.7306023,-78.6992416,85.4978867,1311.0,628.071899,2387,243945.38718321265
2025-10-07T19:45:45.643434+00:00,491,907.852966,17.4630108,-4.21430159,-10.521534,-4.676682,-2.53201246,4.04356527,0.964306772,623.514832,-659.867188,1.26921737,35.7305946,-78.6992264,85.2507782,1311.0,628.328125,2387,243945.64343449796
2025-10-07T19:45:45.899686+00:00,491,906.654602,17.4787064,-4.2295413,-10.521534,-4.67616701,-2.53201246,4.04356527,0.964306772,622.865967,-658.831055,1.51632226,35.7305908,-78.6992188,85.0036774,1311.0,628.584412,2387,243945.89968578352
2025-10-07T19:45:46.155937+00:00,491,905.456421,17.4944439,-4.24482107,-10.521534,-4.67565,-2.53201246,4.04356527,0.964306772,622.217163,-657.794861,1.76342714,35.7305832,-78.6992,84.7565689,1311.0,628.840637,2387,243946.15593706883
2025-10-07T19:45:46.412188+00:00,491,903.793518,17.6313457,-4.69180489,-10.8019028,-4.99512434,-2.62192059,4.42926455,2.21117067,622.446838,-655.22821,8.87490559,35.730587,-78.699173,77.6450806,1312.0,629.096924,2387,243946.41218835415
2025-10-07T19:45:46.668440+00:00,491,902.51416,17.651226,-4.72792196,-10.8019028,-4.99228,-2.62120199,4.42855024,2.21185327,621.774841,-654.093872,9.44076,35.7305794,-78.6991653,77.0792465,1312.0,629.353149,2387,243946.6684396397
2025-10-07T19:45:46.924691+00:00,491,901.115356,18.1795444,-5.02432299,-11.049118,-5.1322813,-2.02645946,5.24771643,2.96043086,626.630859,-647.407776,14.3483315,35.7306252,-78.6990891,72.1716614,1313.0,629.609436,2387,243946.92469092502
2025-10-07T19:45:47.180942+00:00,491,899.800293,18.2169228,-5.0725193,-11.049118,-5.12688541,-2.02626586,5.24589396,2.95819736,626.109802,-646.064209,15.1026058,35.7306175,-78.6990738,71.4173813,1313.0,629.865662,2387,243947.18094221057
2025-10-07T19:45:47.437193+00:00,491,898.487,18.2545357,-5.12109041,-11.049118,-5.12286377,-2.02626586,5.24589396,2.95819736,625.590576,-644.72,15.8606472,35.7306137,-78.6990585,70.6593475,1313.0,630.121887,2387,243947.4371934959
2025-10-07T19:45:47.693445+00:00,491,896.512695,17.7242432,-5.11366606,-10.6140432,-5.28859043,-2.99304438,4.51924944,2.74159241,618.268616,-649.030334,15.4460506,35.7305489,-78.6991043,71.0739517,1314.0,630.378174,2387,243947.69344478144
2025-10-07T19:45:47.949696+00:00,491,895.157715,17.7412643,-5.1594348,-10.6140432,-5.28415251,-2.9918294,4.51776505,2.74039936,617.500671,-647.873108,16.1456661,35.7305412,-78.6991,70.3743362,1314.0,630.634399,2387,243947.94969606676
2025-10-07T19:45:48.205947+00:00,491,894.141418,16.321373,-4.46225,-10.6640024,-5.29493332,-5.1633153,2.4678092,0.523798764,600.976318,-662.038879,4.57542133,35.7303925,-78.6992493,81.9445801,1315.0,630.890686,2387,243948.2059473523
2025-10-07T19:45:48.462199+00:00,491,892.784851,16.286068,-4.47240829,-10.6640024,-5.29249096,-5.16111279,2.46844792,0.525150836,599.65448,-661.405396,4.71036148,35.730381,-78.6992416,81.8096313,1315.0,631.146912,2387,243948.46219863786
2025-10-07T19:45:48.718450+00:00,491,891.468445,16.4810467,-3.65026546,-10.6316271,-5.3396697,-4.74154711,2.92341256,-1.8490777,601.274109,-658.119751,-7.99209738,35.7303963,-78.6992111,94.5120926,1316.0,631.403137,2387,243948.7184499234
2025-10-07T19:45:48.974701+00:00,491,889.977539,17.1219101,-3.43136907,-10.5663013,-5.39624,-3.66658688,3.99952078,-2.32701468,607.615784,-650.184937,-11.0749769,35.7304535,-78.6991196,97.5949707,1317.0,631.659424,2387,243948.97470120896
2025-10-07T19:45:49.230952+00:00,491,888.595032,17.1215897,-3.39189935,-10.5663013,-5.39405727,-3.66628647,3.99904847,-2.32560277,606.676697,-649.159729,-11.6697187,35.730442,-78.6991119,98.1897125,1317.0,631.915649,2387,243949.23095249428
2025-10-07T19:45:49.487204+00:00,491,886.921631,17.2136593,-3.52092862,-10.5935411,-5.45396233,-3.55229878,4.17290831,-1.80760694,606.544067,-647.025513,-9.60758686,35.730442,-78.6990814,96.1275787,1318.0,632.171936,2387,243949.4872037796
2025-10-07T19:45:49.743455+00:00,491,885.524292,17.2170734,-3.48991728,-10.5935411,-5.45237875,-3.55198383,4.17243385,-1.80715644,605.634033,-645.956116,-10.0698509,35.7304344,-78.6990738,96.5898514,1318.0,632.428162,2387,243949.74345506492
2025-10-07T19:45:49.999706+00:00,491,884.15564,17.4891987,-3.69633293,-10.5823765,-5.46588182,-3.10543036,4.59801388,-1.06900966,607.696716,-642.176392,-6.74033499,35.7304535,-78.699028,93.2603302,1319.0,632.684448,2387,243949.99970635024
2025-10-07T19:45:50.255958+00:00,491,882.73822,17.5283546,-3.71031523,-10.645174,-5.45282602,-3.05328679,4.6288538,-0.968408525,607.155701,-640.739075,-6.49537754,35.7304497,-78.6990128,93.0153732,1320.0,632.940674,2387,243950.25595763323
2025-10-07T19:45:50.512209+00:00,491,881.341,17.5439548,-3.69299984,-10.645174,-5.45225382,-3.05345368,4.62869406,-0.968756735,606.373108,-639.553101,-6.74380398,35.730442,-78.6990051,93.2638092,1320.0,633.196899,2387,243950.5122089183
2025-10-07T19:45:50.768460+00:00,491,879.943909,17.559618,-3.67564082,-10.645174,-5.45168257,-3.05345368,4.62869406,-0.968756735,605.590698,-638.366943,-6.99204922,35.7304344,-78.6989899,93.5120468,1320.0,633.453186,2387,243950.7684602034
2025-10-07T19:45:51.024711+00:00,491,878.547,17.5753269,-3.65822601,-10.645174,-5.45110893,-3.05345368,4.62869406,-0.968756735,604.808228,-637.180847,-7.24029446,35.7304268,-78.6989746,93.7602921,1320.0,633.709412,2387,243951.02471148848
2025-10-07T19:45:51.280963+00:00,491,877.599609,17.8042049,-2.64361715,-10.6452131,-5.30077887,-2.58714461,5.00322914,-3.87938261,606.861389,-633.551208,-22.6527195,35.7304459,-78.6989365,109.172714,1321.0,633.965698,2387,243951.28096276123
2025-10-07T19:45:51.537214+00:00,491,876.736755,19.018301,-2.63435173,-10.9338446,-5.17659235,-0.512985,6.93693,-3.60558963,619.534424,-619.962097,-22.1702805,35.7305603,-78.6987839,108.690277,1322.0,634.221924,2387,243951.53721404632
2025-10-07T19:45:51.793465+00:00,491,875.411133,19.0922966,-2.56928825,-10.9338446,-5.16674328,-0.514592707,6.93563175,-3.60385489,619.401428,-618.185486,-23.0924397,35.7305565,-78.6987686,109.612434,1322.0,634.47821,2387,243951.7934653314
2025-10-07T19:45:52.049717+00:00,491,874.463318,17.6313839,-2.02534437,-10.9674625,-5.16011095,-3.12977409,4.40809727,-5.08808231,602.798096,-632.685852,-32.0818329,35.7304077,-78.6989288,118.60183,1323.0,634.734436,2387,243952.04971661672
2025-10-07T19:45:52.305968+00:00,491,873.141907,17.6416626,-1.93627167,-10.9674625,-5.15179777,-3.12921596,4.40862417,-5.08678055,601.99646,-631.555664,-33.3841972,35.7304,-78.6989136,119.90419,1323.0,634.990662,2387,243952.3059679018
2025-10-07T19:45:52.562219+00:00,491,871.822815,17.6519394,-1.84685659,-10.9674625,-5.14339638,-3.12921596,4.40862417,-5.08678055,601.19458,-630.425964,-34.6876907,35.7303925,-78.6989,121.207687,1323.0,635.246948,2387,243952.56221918712
2025-10-07T19:45:52.818470+00:00,491,870.348,18.1134434,-1.77511823,-11.025631,-5.14987469,-2.35582352,5.17865658,-4.99993372,605.227051,-624.456665,-35.4947166,35.7304306,-78.6988373,122.014709,1324.0,635.503174,2387,243952.8184704722
2025-10-07T19:45:53.074722+00:00,491,869.029419,18.1429176,-1.68609965,-11.025631,-5.14075518,-2.35582185,5.17858362,-4.99921751,604.62323,-623.1297,-36.774929,35.7304268,-78.698822,123.294922,1324.0,635.75946,2387,243953.07472175753
2025-10-07T19:45:53.330973+00:00,491,867.784,18.9453201,-2.03242445,-11.0057955,-5.11067915,-1.00432456,6.40978718,-3.72283673,612.443359,-613.999878,-31.0877857,35.7304955,-78.6987228,117.607788,1325.0,636.015686,2387,243953.33097304284
2025-10-07T19:45:53.587224+00:00,491,866.475586,19.0076027,-1.9639852,-11.0057955,-5.10212088,-1.00608563,6.40848207,-3.72430658,612.184082,-612.359253,-32.0434647,35.7304916,-78.6987,118.563461,1325.0,636.271912,2387,243953.58722432816
2025-10-07T19:45:53.843476+00:00,491,865.169312,19.0702114,-1.89541924,-11.0057955,-5.09325218,-1.00608563,6.40848207,-3.72430658,611.92627,-610.717041,-32.9978256,35.7304916,-78.6986847,119.517822,1325.0,636.528198,2387,243953.84347561325
2025-10-07T19:45:54.099727+00:00,491,864.46875,20.1477184,-1.42104423,-11.3435841,-4.8981638,0.736465693,8.15682793,-4.72304678,622.765198,-598.251,-39.5667801,35.730587,-78.6985474,126.086777,1326.0,636.784424,2387,243954.09972689857
2025-10-07T19:45:54.355978+00:00,491,863.216064,20.2531471,-1.33314955,-11.3435841,-4.87870407,0.733993411,8.15409756,-4.72250795,622.950317,-596.164551,-40.7764206,35.7305908,-78.6985245,127.296417,1326.0,637.04071,2387,243954.35597818388
2025-10-07T19:45:54.612229+00:00,491,860.97229,20.4013042,-1.25323915,-11.1356316,-5.02775,0.687790513,8.35639286,-4.73009586,622.856934,-592.938477,-41.7916603,35.7305908,-78.6984863,128.311661,1327.0,637.296936,2387,243954.6122294692
2025-10-07T19:45:54.868481+00:00,491,859.686951,20.50947,-1.16443908,-11.1356316,-5.00696564,0.686699271,8.35413933,-4.72932816,623.030579,-590.800598,-43.0024948,35.7305908,-78.6984634,129.522491,1327.0,637.553223,2387,243954.86848075452
2025-10-07T19:45:55.124732+00:00,491,858.406494,20.6181965,-1.07528913,-11.1356316,-4.98678255,0.686699271,8.35413933,-4.72932816,623.206543,-588.659851,-44.2143898,35.7305908,-78.6984406,130.734375,1327.0,637.809448,2387,243955.12473204007
2025-10-07T19:45:55.380983+00:00,491,856.942261,20.7713528,-1.05551457,-11.2834053,-4.98639727,0.754456043,8.4397459,-4.55113363,623.712036,-585.974487,-44.3534088,35.7306,-78.69841,130.873413,1328.0,638.065674,2387,243955.3809833354
2025-10-07T19:45:55.637235+00:00,491,855.66748,20.8825874,-0.968922734,-11.2834053,-4.96593857,0.753806,8.43873596,-4.55103302,623.903748,-583.814209,-45.5191917,35.7306,-78.6983871,132.039185,1328.0,638.32196,2387,243955.63723462072
2025-10-07T19:45:55.893486+00:00,491,854.397583,20.9943199,-0.882033467,-11.2834053,-4.94557905,0.753806,8.43873596,-4.55103302,624.096863,-581.651733,-46.6854019,35.7306023,-78.6983643,133.205399,1328.0,638.578186,2387,243955.89348590604
2025-10-07T19:45:56.149737+00:00,491,853.132874,21.1063786,-0.794882715,-11.2834053,-4.92512894,0.753806,8.43873596,-4.55103302,624.290039,-579.489319,-47.8516083,35.7306023,-78.6983414,134.371613,1328.0,638.834473,2387,243956.1497371916
2025-10-07T19:45:56.405988+00:00,491,851.91925,20.3883724,-0.685035527,-11.7374334,-4.93368292,-0.527935088,7.01032543,-4.66783905,616.05127,-586.317505,-49.7901535,35.7305298,-78.69841,136.31015,1329.0,639.090698,2387,243956.4059884769
2025-10-07T19:45:56.662240+00:00,491,849.543396,20.1251659,-0.669471622,-11.2848959,-5.04448,-1.09822655,6.54040575,-4.56971121,611.628052,-587.480652,-50.0170097,35.7304878,-78.6984253,136.537,1330.0,639.347,2387,243956.66223976246
2025-10-07T19:45:56.918491+00:00,491,848.253,20.1909618,-0.582778394,-11.2848959,-5.03335142,-1.09709561,6.54274607,-4.56962442,611.35,-585.802185,-51.1877632,35.730484,-78.69841,137.707764,1330.0,639.60321,2387,243956.91849104778
2025-10-07T19:45:57.174742+00:00,491,846.964722,20.2567196,-0.495810121,-11.2848959,-5.02137375,-1.09709561,6.54274607,-4.56962442,611.068848,-584.12561,-52.3587341,35.730484,-78.6983871,138.878723,1330.0,639.859436,2387,243957.17474233333
2025-10-07T19:45:57.430994+00:00,491,845.679565,20.3226757,-0.408576548,-11.2848959,-5.00934172,-1.09709561,6.54274607,-4.56962442,610.78772,-582.449036,-53.529705,35.7304802,-78.6983719,140.049713,1330.0,640.115723,2387,243957.4309936184
2025-10-07T19:45:57.687245+00:00,491,844.397461,20.3888321,-0.321077168,-11.2848959,-4.99725485,-1.09709561,6.54274607,-4.56962442,610.506592,-580.772461,-54.7006798,35.7304764,-78.698349,141.220673,1330.0,640.371948,2387,243957.68724490373
2025-10-07T19:45:57.943496+00:00,491,843.118469,20.4551868,-0.233311594,-11.2848959,-4.98511267,-1.09709561,6.54274607,-4.56962442,610.225464,-579.095825,-55.8716507,35.7304764,-78.6983337,142.391647,1330.0,640.628235,2387,243957.94349618882
2025-10-07T19:45:58.199747+00:00,491,841.84259,20.5217438,-0.145279333,-11.2848959,-4.9729147,-1.09709561,6.54274607,-4.56962442,609.944336,-577.41925,-57.0426216,35.7304726,-78.6983185,143.562622,1330.0,640.88446,2387,243958.1997474718
2025-10-07T19:45:58.455999+00:00,491,840.569824,20.588501,-0.0569799691,-11.2848959,-4.96066189,-1.09709561,6.54274607,-4.56962442,609.663208,-575.742676,-58.2135963,35.7304688,-78.6982956,144.733582,1330.0,641.140686,2387,243958.4559987569
2025-10-07T19:45:58.712250+00:00,491,839.300232,20.6554604,0.0315869451,-11.2848959,-4.94835329,-1.09709561,6.54274607,-4.56962442,609.38208,-574.066101,-59.3845673,35.7304688,-78.6982803,145.904572,1330.0,641.397,2387,243958.71225004198
2025-10-07T19:45:58.968501+00:00,491,838.033752,20.7226219,0.120421834,-11.2848959,-4.93598843,-1.09709561,6.54274607,-4.56962442,609.100952,-572.389526,-60.5555382,35.7304649,-78.6982574,147.075531,1330.0,641.653198,2387,243958.96850132683
2025-10-07T19:45:59.224753+00:00,491,836.770508,20.7899876,0.209525123,-11.2848959,-4.92356777,-1.09709561,6.54274607,-4.56962442,608.819763,-570.712891,-61.7265129,35.7304611,-78.6982422,148.246506,1330.0,641.909485,2387,243959.22475259934
2025-10-07T19:45:59.481004+00:00,491,835.510437,20.8575573,0.298897237,-11.2848959,-4.91109037,-1.09709561,6.54274607,-4.56962442,608.538635,-569.036316,-62.8974838,35.7304611,-78.6982193,149.41748,1330.0,642.16571,2387,243959.48100388443
2025-10-07T19:45:59.737255+00:00,491,837.736938,22.1451206,0.107283525,-11.20613,-3.28292775,1.68780458,7.25584841,-4.01417398,622.974365,-556.91571,-59.5906296,35.7305908,-78.6980896,146.110626,1331.0,642.422,2387,243959.73725516952
2025-10-07T19:45:59.993506+00:00,491,836.911,22.2580299,0.183759809,-11.20613,-3.24482608,1.71905172,7.26001406,-4.00061321,623.428528,-555.05542,-60.584137,35.7305946,-78.6980667,147.104141,1331.0,642.678223,2387,243959.9935064546
2025-10-07T19:46:00.249758+00:00,491,836.081909,22.3704662,0.26257652,-11.20613,-3.22607827,1.71905172,7.26001406,-4.00061321,623.869,-553.195068,-61.6093025,35.7306,-78.6980515,148.129303,1331.0,642.934448,2387,243960.2497577397
2025-10-07T19:46:00.506009+00:00,491,836.328735,21.9122543,-0.198016971,-11.2554712,-2.44752336,1.77253389,5.91308689,-2.88008261,619.768616,-558.827881,-55.1729622,35.7305603,-78.6981125,141.692963,1332.0,643.190735,2387,243960.506009025
2025-10-07T19:46:00.762260+00:00,491,835.701721,22.0077572,-0.141138032,-11.2554712,-2.42715144,1.77561164,5.90424109,-2.87785769,620.217346,-557.317,-55.9075699,35.7305641,-78.6980896,142.427567,1332.0,643.44696,2387,243960.7622603101
2025-10-07T19:46:01.018512+00:00,491,835.863342,21.6210194,0.0196529534,-11.6493273,-1.78046989,1.63328993,4.77121544,-3.13962865,616.483215,-561.425,-58.4636116,35.7305336,-78.6981354,144.983612,1333.0,643.703247,2387,243961.01851159518
2025-10-07T19:46:01.274763+00:00,491,835.407776,21.7001381,0.0801838487,-11.6493273,-1.76608169,1.63619947,4.76777554,-3.14071035,616.900757,-560.202454,-59.2695198,35.7305374,-78.6981277,145.78952,1333.0,643.959473,2387,243961.2747628805
2025-10-07T19:46:01.531014+00:00,491,834.956482,21.7793846,0.140698045,-11.6493273,-1.7562108,1.63619947,4.76777554,-3.14071035,617.32,-558.980713,-60.0743294,35.7305412,-78.6981125,146.59433,1333.0,644.215759,2387,243961.53101416558
2025-10-07T19:46:01.787265+00:00,491,835.843445,22.9728279,0.417882979,-11.6778641,-0.89907515,3.6740303,6.02873802,-3.61043811,629.429504,-546.276672,-63.5185356,35.730648,-78.6979675,150.038528,1334.0,644.472,2387,243961.7872654509
2025-10-07T19:46:02.043517+00:00,491,835.616,23.0927391,0.487325639,-11.6778641,-0.876647472,3.67811823,6.0283742,-3.611094,630.372864,-544.730408,-64.4437103,35.7306557,-78.6979523,150.963699,1334.0,644.72821,2387,243962.04351673598
2025-10-07T19:46:02.299768+00:00,491,835.393799,23.2126045,0.556809545,-11.6778641,-0.857583463,3.67811823,6.0283742,-3.611094,631.315369,-543.185669,-65.3690567,35.7306671,-78.697937,151.889053,1334.0,644.984497,2387,243962.2997680313
2025-10-07T19:46:02.556019+00:00,491,835.176514,23.3325348,0.626327574,-11.6778641,-0.838504434,3.67811823,6.0283742,-3.611094,632.257874,-541.640869,-66.2944,35.7306747,-78.6979218,152.814392,1334.0,645.240723,2387,243962.55601931663
2025-10-07T19:46:02.812271+00:00,491,834.964111,23.4525318,0.695878685,-11.6778641,-0.819410682,3.67811823,6.0283742,-3.611094,633.200439,-540.096069,-67.2197495,35.7306824,-78.6979065,153.739746,1334.0,645.497,2387,243962.81227060195
2025-10-07T19:46:03.068522+00:00,491,834.756531,23.5725918,0.765461683,-11.6778641,-0.800302505,3.67811823,6.0283742,-3.611094,634.142944,-538.551331,-68.1450958,35.73069,-78.6978836,154.6651,1334.0,645.753235,2387,243963.06852188727
2025-10-07T19:46:03.324773+00:00,491,834.553955,23.6927147,0.835075557,-11.6778641,-0.781180203,3.67811823,6.0283742,-3.611094,635.085449,-537.006531,-69.0704422,35.7307,-78.6978683,155.590439,1334.0,646.00946,2387,243963.32477317026
2025-10-07T19:46:03.581024+00:00,491,834.356201,23.8128986,0.904719114,-11.6778641,-0.762044191,3.67811823,6.0283742,-3.611094,636.028,-535.461731,-69.9957886,35.7307091,-78.6978531,156.515793,1334.0,646.265747,2387,243963.58102445534
2025-10-07T19:46:03.837276+00:00,491,834.163391,23.9331436,0.974391341,-11.6778641,-0.742894709,3.67811823,6.0283742,-3.611094,636.97052,-533.917,-70.9211426,35.7307167,-78.6978378,157.441132,1334.0,646.522,2387,243963.8372757402
2025-10-07T19:46:04.093527+00:00,491,833.975464,24.0534496,1.04409099,-11.6778641,-0.723732114,3.67811823,6.0283742,-3.611094,637.913,-532.372192,-71.846489,35.7307243,-78.6978149,158.366486,1334.0,646.778259,2387,243964.09352702528
2025-10-07T19:46:04.349778+00:00,491,833.79248,24.1738148,1.1138171,-11.6778641,-0.704556763,3.67811823,6.0283742,-3.611094,638.85553,-530.827454,-72.7718353,35.730732,-78.6978,159.29184,1334.0,647.034485,2387,243964.3497783106
2025-10-07T19:46:04.606030+00:00,491,833.61438,24.2942371,1.1835686,-11.6778641,-0.685368896,3.67811823,6.0283742,-3.611094,639.798096,-529.282654,-73.6971817,35.7307434,-78.6977844,160.217178,1334.0,647.290771,2387,243964.60602959568
2025-10-07T19:46:04.862281+00:00,491,833.441223,24.4147148,1.25334406,-11.6778641,-0.666168928,3.67811823,6.0283742,-3.611094,640.740601,-527.737854,-74.6225281,35.730751,-78.6977692,161.142517,1334.0,647.547,2387,243964.86228088077
2025-10-07T19:46:05.118532+00:00,491,833.272949,24.5352497,1.32314277,-11.6778641,-0.646957159,3.67811823,6.0283742,-3.611094,641.683105,-526.193115,-75.5478745,35.7307587,-78.6977463,162.067871,1334.0,647.803223,2387,243965.11853216586
2025-10-07T19:46:05.374783+00:00,491,833.10968,24.6558399,1.39296329,-11.6778641,-0.627733946,3.67811823,6.0283742,-3.611094,642.625671,-524.648315,-76.4732208,35.7307663,-78.697731,162.993225,1334.0,648.059509,2387,243965.37478345117
2025-10-07T19:46:05.631035+00:00,491,832.951233,24.7764835,1.46280456,-11.6778641,-0.608499527,3.67811823,6.0283742,-3.611094,643.568176,-523.103516,-77.3985748,35.7307777,-78.6977158,163.918564,1334.0,648.315735,2387,243965.63103473626
2025-10-07T19:46:05.887286+00:00,491,832.797791,24.8971786,1.53266561,-11.6778641,-0.589254379,3.67811823,6.0283742,-3.611094,644.510681,-521.558777,-78.3239212,35.7307854,-78.6977,164.843918,1334.0,648.572,2387,243965.88728602158
2025-10-07T19:46:06.143537+00:00,491,832.649292,25.0179272,1.60254514,-11.6778641,-0.569998682,3.67811823,6.0283742,-3.611094,645.453186,-520.014,-79.2492676,35.730793,-78.6976776,165.769257,1334.0,648.828247,2387,243966.14353730457
2025-10-07T19:46:06.399789+00:00,491,832.505676,25.1387253,1.67244208,-11.6778641,-0.550732911,3.67811823,6.0283742,-3.611094,646.395752,-518.469177,-80.174614,35.7308,-78.6976624,166.694611,1334.0,649.084534,2387,243966.39978858942
2025-10-07T19:46:06.656040+00:00,491,832.367,25.259573,1.74235523,-11.6778641,-0.531457305,3.67811823,6.0283742,-3.611094,647.338257,-516.924438,-81.0999603,35.7308083,-78.6976471,167.619965,1334.0,649.340759,2387,243966.6560398745
2025-10-07T19:46:06.912291+00:00,491,832.233276,25.3804684,1.81228364,-11.6778641,-0.512172282,3.67811823,6.0283742,-3.611094,648.280762,-515.379639,-82.0253067,35.7308197,-78.6976318,168.545303,1334.0,649.597,2387,243966.9122911596
2025-10-07T19:46:07.168542+00:00,491,832.104553,25.5014114,1.88222587,-11.6778641,-0.492878079,3.67811823,6.0283742,-3.611094,649.223328,-513.834839,-82.9506531,35.7308273,-78.6976089,169.470642,1334.0,649.853271,2387,243967.16854243187
2025-10-07T19:46:07.424794+00:00,491,831.980713,25.6224022,1.9521811,-11.6778641,-0.473575115,3.67811823,6.0283742,-3.611094,650.165833,-512.2901,-83.8760071,35.730835,-78.6975937,170.396,1334.0,650.109497,2387,243967.42479371696
2025-10-07T19:46:07.681045+00:00,491,831.861816,25.7434387,2.02214789,-11.6778641,-0.454263687,3.67811823,6.0283742,-3.611094,651.108337,-510.7453,-84.8013535,35.7308426,-78.6975784,171.32135,1334.0,650.365784,2387,243967.68104500204
2025-10-07T19:46:07.937296+00:00,491,831.747864,25.8645172,2.09212542,-11.6778641,-0.434944183,3.67811823,6.0283742,-3.611094,652.050842,-509.200531,-85.7267,35.730854,-78.6975632,172.246689,1334.0,650.622,2387,243967.93729628713
2025-10-07T19:46:08.193548+00:00,491,831.638916,25.9856415,2.16211224,-11.6778641,-0.41561687,3.67811823,6.0283742,-3.611094,652.993408,-507.655731,-86.6520462,35.7308617,-78.6975479,173.172043,1334.0,650.878235,2387,243968.1935475722
2025-10-07T19:46:08.449799+00:00,491,831.534912,26.1068058,2.2321074,-11.6778641,-0.396282166,3.67811823,6.0283742,-3.611094,653.935913,-506.110962,-87.5773926,35.7308693,-78.697525,174.097382,1334.0,651.134521,2387,243968.4497988573
2025-10-07T19:46:08.706050+00:00,491,831.435791,26.2280121,2.30210972,-11.6778641,-0.37694037,3.67811823,6.0283742,-3.611094,654.878418,-504.566193,-88.502739,35.7308769,-78.6975098,175.022736,1334.0,651.390747,2387,243968.70605014238
2025-10-07T19:46:08.962301+00:00,491,831.341675,26.3492603,2.37211776,-11.6778641,-0.357591808,3.67811823,6.0283742,-3.611094,655.821,-503.021423,-89.4280853,35.7308884,-78.6974945,175.94809,1334.0,651.647034,2387,243968.96230142747
2025-10-07T19:46:09.218553+00:00,491,831.252563,26.4705448,2.4421308,-11.6778641,-0.338236868,3.67811823,6.0283742,-3.611094,656.763489,-501.476624,-90.3534393,35.730896,-78.6974792,176.873428,1334.0,651.903259,2387,243969.2185527228
2025-10-07T19:46:09.474804+00:00,491,831.168335,26.5918694,2.51214767,-11.6778641,-0.318875849,3.67811823,6.0283742,-3.611094,657.706,-499.931854,-91.2787857,35.7309036,-78.6974564,177.798782,1334.0,652.159546,2387,243969.47480400788
2025-10-07T19:46:09.731055+00:00,491,831.089111,26.7132282,2.58216691,-11.6778641,-0.299509138,3.67811823,6.0283742,-3.611094,658.648499,-498.387085,-92.2041321,35.7309113,-78.6974411,178.724121,1334.0,652.415771,2387,243969.7310552932
2025-10-07T19:46:09.987307+00:00,491,831.014832,26.8346252,2.65218735,-11.6778641,-0.280137062,3.67811823,6.0283742,-3.611094,659.591064,-496.842285,-93.1294785,35.7309189,-78.6974258,179.649475,1334.0,652.672,2387,243969.9873065783
2025-10-07T19:46:10.243558+00:00,491,830.945557,26.9560566,2.72220826,-11.6778641,-0.260759979,3.67811823,6.0283742,-3.611094,660.533569,-495.297516,-94.0548248,35.7309303,-78.6974106,180.574829,1334.0,652.928284,2387,243970.24355786128
2025-10-07T19:46:10.499809+00:00,491,830.881226,27.0775204,2.79222798,-11.6778641,-0.241378188,3.67811823,6.0283742,-3.611094,661.476074,-493.752747,-94.9801712,35.730938,-78.6973877,181.500168,1334.0,653.184509,2387,243970.49980914613
2025-10-07T19:46:10.756060+00:00,491,830.821838,27.1990185,2.8622458,-11.6778641,-0.22199209,3.67811823,6.0283742,-3.611094,662.41864,-492.207947,-95.9055176,35.7309456,-78.6973724,182.425522,1334.0,653.440796,2387,243970.75606043122
2025-10-07T19:46:11.012312+00:00,491,830.767456,27.3205471,2.93226027,-11.6778641,-0.202602,3.67811823,6.0283742,-3.611094,663.361145,-490.663177,-96.8308716,35.7309532,-78.6973572,183.350861,1334.0,653.697,2387,243971.01231171607
2025-10-07T19:46:11.268563+00:00,491,830.718,27.4421043,3.00227022,-11.6778641,-0.183208272,3.67811823,6.0283742,-3.611094,664.30365,-489.118408,-97.756218,35.7309647,-78.6973419,184.276215,1334.0,653.953308,2387,243971.26856300115
2025-10-07T19:46:11.524814+00:00,491,830.673523,27.563694,3.07227468,-11.6778641,-0.163811266,3.67811823,6.0283742,-3.611094,665.246216,-487.573608,-98.6815643,35.7309723,-78.697319,185.201553,1334.0,654.209534,2387,243971.52481428624
2025-10-07T19:46:11.781066+00:00,491,830.634033,27.6853104,3.14227247,-11.6778641,-0.144411311,3.67811823,6.0283742,-3.611094,666.188721,-486.028839,-99.6069107,35.7309799,-78.6973,186.126907,1334.0,654.465759,2387,243971.78106557133
2025-10-07T19:46:12.037317+00:00,491,830.599548,27.8069534,3.21226239,-11.6778641,-0.125008777,3.67811823,6.0283742,-3.611094,667.131226,-484.48407,-100.532257,35.7309875,-78.6972885,187.052246,1334.0,654.722046,2387,243972.0373168564
2025-10-07T19:46:12.293568+00:00,491,830.57,27.9286232,3.28224301,-11.6778641,-0.105603985,3.67811823,6.0283742,-3.611094,668.07373,-482.939301,-101.457603,35.7309952,-78.6972733,187.9776,1334.0,654.978271,2387,243972.2935681415
2025-10-07T19:46:12.549819+00:00,491,830.54541,28.0503178,3.35221362,-11.6778641,-0.0861972943,3.67811823,6.0283742,-3.611094,669.016296,-481.394501,-102.38295,35.7310066,-78.6972504,188.902954,1334.0,655.234558,2387,243972.54981942681
2025-10-07T19:46:12.806071+00:00,491,830.525818,28.1720371,3.42217278,-11.6778641,-0.0667890608,3.67811823,6.0283742,-3.611094,669.958801,-479.849731,-103.308304,35.7310143,-78.6972351,189.828293,1334.0,655.490784,2387,243972.8060707119
2025-10-07T19:46:13.062322+00:00,491,830.511169,28.2937794,3.49211955,-11.6778641,-0.0473796278,3.67811823,6.0283742,-3.611094,670.901306,-478.304962,-104.23365,35.7310219,-78.6972198,190.753647,1334.0,655.747,2387,243973.062321997
2025-10-07T19:46:13.318573+00:00,491,830.501526,28.4155407,3.56205249,-11.6778641,-0.0279693436,3.67811823,6.0283742,-3.611094,671.843872,-476.760162,-105.159,35.7310295,-78.6972046,191.678986,1334.0,656.003296,2387,243973.3185732795
2025-10-07T19:46:13.574825+00:00,491,830.496826,28.5373249,3.63197064,-11.6778641,-0.00855855551,3.67811823,6.0283742,-3.611094,672.786377,-475.215393,-106.084343,35.731041,-78.6971893,192.60434,1334.0,656.259521,2387,243973.5748245646
2025-10-07T19:46:13.831076+00:00,491,830.497131,28.6591282,3.70187283,-11.6778641,0.0108523862,3.67811823,6.0283742,-3.611094,673.728882,-473.670624,-107.009689,35.7310486,-78.6971664,193.529694,1334.0,656.515808,2387,243973.83107584945
2025-10-07T19:46:14.087327+00:00,491,830.502441,28.7809505,3.77175784,-11.6778641,0.0302631333,3.67811823,6.0283742,-3.611094,674.671387,-472.125824,-107.935036,35.7310562,-78.6971512,194.455032,1334.0,656.772034,2387,243974.0873271343
2025-10-07T19:46:14.343578+00:00,491,830.512634,28.9027901,3.8416245,-11.6778641,0.0496733375,3.67811823,6.0283742,-3.611094,675.613953,-470.581055,-108.86039,35.7310638,-78.6971359,195.380371,1334.0,657.02832,2387,243974.3435784194
2025-10-07T19:46:14.599830+00:00,491,834.961182,30.5012207,1.36231768,-12.1604233,0.472742975,4.84587574,6.68818426,-1.21763909,694.684937,-457.511017,-72.5035324,35.7312355,-78.696991,159.023529,1335.0,657.284546,2387,243974.59982970447
2025-10-07T19:46:14.856081+00:00,491,835.038635,30.6711178,1.40307295,-12.1604233,0.486957818,4.84469604,6.71131945,-1.24551892,696.086853,-455.440277,-72.9855118,35.7312508,-78.6969681,159.505508,1335.0,657.540771,2387,243974.85608098956
2025-10-07T19:46:15.112332+00:00,491,835.166199,30.8153629,1.43111455,-12.1604233,0.508381,4.84469604,6.71131945,-1.24551892,697.328308,-453.72049,-73.3046799,35.7312622,-78.6969452,159.824677,1335.0,657.797058,2387,243975.1123322744
2025-10-07T19:46:15.368584+00:00,491,835.299194,30.9595661,1.45913839,-12.1604233,0.529794216,4.84469604,6.71131945,-1.24551892,698.569763,-452.000702,-73.6238403,35.7312737,-78.6969299,160.143829,1335.0,658.053284,2387,243975.3685835595
2025-10-07T19:46:15.624835+00:00,491,835.437683,31.1037254,1.48714387,-12.1604233,0.551197,4.84469604,6.71131945,-1.24551892,699.811218,-450.280914,-73.9430084,35.7312813,-78.696907,160.463013,1335.0,658.30957,2387,243975.62483484458
2025-10-07T19:46:15.881086+00:00,491,835.581726,31.2478409,1.51513052,-12.1604233,0.572588861,4.84469604,6.71131945,-1.24551892,701.052673,-448.561127,-74.2621765,35.7312927,-78.6968918,160.782166,1335.0,658.565796,2387,243975.88108612967
2025-10-07T19:46:16.137337+00:00,491,835.73114,31.3919086,1.54309773,-12.1604233,0.593969524,4.84469604,6.71131945,-1.24551892,702.294128,-446.841339,-74.581337,35.7313042,-78.6968689,161.101349,1335.0,658.822083,2387,243976.13733741475
2025-10-07T19:46:16.393589+00:00,491,835.886108,31.5359287,1.57104492,-12.1604233,0.615338445,4.84469604,6.71131945,-1.24551892,703.535583,-445.121582,-74.9005051,35.7313156,-78.6968536,161.420502,1335.0,659.078308,2387,243976.39358870007
2025-10-07T19:46:16.649840+00:00,491,836.046509,31.6799,1.59897184,-12.1604233,0.636695325,4.84469604,6.71131945,-1.24551892,704.777039,-443.401794,-75.2196732,35.7313271,-78.6968307,161.73967,1335.0,659.334534,2387,243976.64983998516
2025-10-07T19:46:16.906091+00:00,491,836.212402,31.8238144,1.62687767,-12.1604233,0.658039689,4.84469604,6.71131945,-1.24551892,706.018494,-441.682,-75.5388412,35.7313385,-78.6968155,162.058838,1335.0,659.59082,2387,243976.90609127024
2025-10-07T19:46:17.162343+00:00,491,836.383789,31.9676781,1.65476191,-12.1604233,0.679371119,4.84469604,6.71131945,-1.24551892,707.259949,-439.962219,-75.858,35.7313499,-78.6967926,162.377991,1335.0,659.847046,2387,243977.16234255533
2025-10-07T19:46:17.418594+00:00,491,836.560608,32.1114845,1.68262422,-12.1604233,0.700689256,4.84469604,6.71131945,-1.24551892,708.501404,-438.242432,-76.1771698,35.7313614,-78.6967773,162.697174,1335.0,660.103333,2387,243977.41859384064
2025-10-07T19:46:17.674845+00:00,491,836.742859,32.2552338,1.710464,-12.1604233,0.721993685,4.84469604,6.71131945,-1.24551892,709.742859,-436.522644,-76.4963379,35.7313728,-78.6967545,163.016327,1335.0,660.359558,2387,243977.67484512573
2025-10-07T19:46:17.931096+00:00,491,836.930603,32.3989258,1.73828077,-12.1604233,0.743284,4.84469604,6.71131945,-1.24551892,710.984314,-434.802856,-76.8155,35.7313843,-78.6967392,163.33551,1335.0,660.615784,2387,243977.93109641105
2025-10-07T19:46:18.187348+00:00,491,837.12384,32.5425529,1.76607382,-12.1604233,0.764559746,4.84469604,6.71131945,-1.24551892,712.225769,-433.083069,-77.1346664,35.7313957,-78.6967163,163.654663,1335.0,660.87207,2387,243978.18734769613
2025-10-07T19:46:18.443599+00:00,491,837.322449,32.6861191,1.79384291,-12.1604233,0.785820544,4.84469604,6.71131945,-1.24551892,713.467285,-431.363281,-77.4538345,35.7314072,-78.6967,163.973831,1335.0,661.128296,2387,243978.44359898122
2025-10-07T19:46:18.699850+00:00,491,837.52655,32.8296204,1.82158732,-12.1604233,0.807066083,4.84469604,6.71131945,-1.24551892,714.70874,-429.643524,-77.773,35.7314186,-78.6966858,164.293,1335.0,661.384583,2387,243978.6998502663
2025-10-07T19:46:18.956102+00:00,491,837.736084,32.9730568,1.84930658,-12.1604233,0.828295827,4.84469604,6.71131945,-1.24551892,715.950195,-427.923737,-78.0921631,35.7314301,-78.6966629,164.612152,1335.0,661.640808,2387,243978.95610155116
2025-10-07T19:46:19.212353+00:00,491,837.95105,33.1164207,1.87700033,-12.1604233,0.849509418,4.84469604,6.71131945,-1.24551892,717.19165,-426.203949,-78.4113312,35.7314415,-78.6966476,164.931335,1335.0,661.897095,2387,243979.21235283624
2025-10-07T19:46:19.468604+00:00,491,838.171448,33.2597198,1.90466797,-12.1604233,0.870706558,4.84469604,6.71131945,-1.24551892,718.433105,-424.484161,-78.7305,35.7314491,-78.6966248,165.250488,1335.0,662.15332,2387,243979.46860412133
2025-10-07T19:46:19.724855+00:00,491,838.397278,33.4029427,1.93230891,-12.1604233,0.891886711,4.84469604,6.71131945,-1.24551892,719.674561,-422.764374,-79.0496597,35.7314606,-78.6966095,165.569656,1335.0,662.409546,2387,243979.7248554064
2025-10-07T19:46:19.981107+00:00,491,838.62854,33.5460968,1.95992279,-12.1604233,0.913049579,4.84469604,6.71131945,-1.24551892,720.916,-421.044586,-79.3688278,35.731472,-78.6965866,165.888824,1335.0,662.665833,2387,243979.9811066915
2025-10-07T19:46:20.237358+00:00,491,838.865234,33.6891708,1.98750901,-12.1604233,0.934194744,4.84469604,6.71131945,-1.24551892,722.157471,-419.324799,-79.6879959,35.7314835,-78.6965714,166.208,1335.0,662.922058,2387,243980.23735797658
2025-10-07T19:46:20.493609+00:00,491,839.1073,33.8321724,2.0150671,-12.1604233,0.955321848,4.84469604,6.71131945,-1.24551892,723.398926,-417.605,-80.0071564,35.7314949,-78.6965485,166.527161,1335.0,663.178345,2387,243980.4936092619
2025-10-07T19:46:20.749861+00:00,491,839.354797,33.9750938,2.04259658,-12.1604233,0.976430416,4.84469604,6.71131945,-1.24551892,724.640381,-415.885223,-80.3263245,35.7315063,-78.6965332,166.846313,1335.0,663.43457,2387,243980.749860547
2025-10-07T19:46:21.006112+00:00,491,839.607727,34.1179352,2.07009697,-12.1604233,0.997520149,4.84469604,6.71131945,-1.24551892,725.881836,-414.165466,-80.6454926,35.7315178,-78.6965103,167.165497,1335.0,663.690857,2387,243981.00611183207
2025-10-07T19:46:21.262363+00:00,491,839.866,34.2606926,2.0975678,-12.1604233,1.01859057,4.84469604,6.71131945,-1.24551892,727.123291,-412.445679,-80.9646606,35.7315292,-78.6964951,167.48465,1335.0,663.947083,2387,243981.2623631174
2025-10-07T19:46:21.518614+00:00,491,840.129761,34.4033661,2.12500858,-12.1604233,1.03964138,4.84469604,6.71131945,-1.24551892,728.364746,-410.725891,-81.2838211,35.7315407,-78.6964722,167.803818,1335.0,664.203308,2387,243981.51861440248
2025-10-07T19:46:21.774866+00:00,491,840.398865,34.5459557,2.15241885,-12.1604233,1.06067228,4.84469604,6.71131945,-1.24551892,729.606262,-409.006104,-81.6029892,35.7315521,-78.6964569,168.122986,1335.0,664.459595,2387,243981.7748656878
2025-10-07T19:46:22.031117+00:00,491,835.443176,29.4248695,0.409467936,-10.7182922,-0.235525534,2.25868058,3.70652628,-0.0162822697,686.839905,-471.894104,-59.4334,35.7311668,-78.6971512,145.9534,1336.0,664.71582,2387,243982.03111697288
2025-10-07T19:46:22.287368+00:00,491,836.047058,24.9597721,0.391175926,-10.4614391,-0.426691502,0.28246364,1.0423944,-0.10760019,648.265808,-524.290894,-62.0092201,35.7308197,-78.697731,148.529221,1337.0,664.972107,2387,243982.28736825797
2025-10-07T19:46:22.543620+00:00,491,835.937927,24.9786606,0.394853383,-10.4614391,-0.42356047,0.294628,1.05343199,-0.111374274,648.35321,-524.0047,-62.043457,35.7308197,-78.6977234,148.563461,1337.0,665.228333,2387,243982.54361954305
2025-10-07T19:46:22.799871+00:00,491,835.829407,24.9961891,0.39808163,-10.4614391,-0.423244804,0.294628,1.05343199,-0.111374274,648.428711,-523.734741,-62.072,35.7308197,-78.6977234,148.592,1337.0,665.484558,2387,243982.7998708279
2025-10-07T19:46:23.056122+00:00,491,835.721,25.0137234,0.401310682,-10.4614391,-0.422929049,0.294628,1.05343199,-0.111374274,648.504211,-523.464783,-62.1005363,35.7308197,-78.6977158,148.620529,1337.0,665.740845,2387,243983.056122113
2025-10-07T19:46:23.312373+00:00,491,835.612671,25.0312614,0.404540539,-10.4614391,-0.422613144,0.294628,1.05343199,-0.111374274,648.579712,-523.194824,-62.1290779,35.7308197,-78.6977158,148.649078,1337.0,665.99707,2387,243983.31237339528
2025-10-07T19:46:23.568625+00:00,491,834.971069,23.0510864,-0.289127707,-9.77226162,-0.523959041,-0.819843411,-0.196341485,0.532092154,629.807,-545.615479,-53.1382637,35.7306519,-78.6979675,139.658264,1338.0,666.253357,2387,243983.56862468013
2025-10-07T19:46:23.824876+00:00,491,834.838623,23.0408401,-0.297955304,-9.77226162,-0.520545542,-0.810777962,-0.190460473,0.528621674,629.612061,-545.650452,-53.0072517,35.7306519,-78.6979675,139.527252,1338.0,666.509583,2387,243983.824875965
2025-10-07T19:46:24.081127+00:00,491,834.830627,20.9914436,-0.244666845,-10.3241129,-0.487024963,-2.08355665,-1.56128132,0.416563243,609.592712,-567.738403,-54.8817177,35.7304688,-78.6982117,141.401718,1339.0,666.765869,2387,243984.0811272496
2025-10-07T19:46:24.337379+00:00,491,834.706604,20.9476585,-0.252818108,-10.3241129,-0.483669758,-2.07553649,-1.55445921,0.414553583,609.069214,-568.127747,-54.7778473,35.7304649,-78.6982117,141.297852,1339.0,667.022095,2387,243984.33737852165
2025-10-07T19:46:24.593630+00:00,491,834.449158,21.3159752,-0.283483595,-9.71117783,-0.656109214,-1.82737267,-1.05764675,0.456714958,612.545,-564.060913,-54.1236153,35.7304955,-78.6981659,140.643616,1340.0,667.27832,2387,243984.5936298065
2025-10-07T19:46:24.849881+00:00,491,833.874084,21.0537834,-1.09894121,-9.37586403,-0.704106033,-2.01091027,-1.25327635,1.69680357,609.740906,-567.244,-42.3826828,35.7304726,-78.698204,128.902679,1341.0,667.534607,2387,243984.84988109136
2025-10-07T19:46:25.106132+00:00,491,833.694153,21.0147381,-1.12949,-9.37586403,-0.700885653,-2.00930929,-1.25250828,1.69429326,609.227417,-567.563354,-41.9501419,35.7304649,-78.698204,128.470139,1341.0,667.790833,2387,243985.1061323762
2025-10-07T19:46:25.362384+00:00,491,833.459534,20.1822872,-2.12525558,-8.69682,-0.614295781,-2.73304129,-2.12896299,3.52183867,600.82135,-576.966248,-27.9004555,35.7303925,-78.6983109,114.420456,1342.0,668.047119,2387,243985.3623836613
2025-10-07T19:46:25.618635+00:00,491,833.303284,20.1241627,-2.18879962,-8.69682,-0.60632813,-2.73135281,-2.12791681,3.51842141,600.122742,-577.510193,-27.0013237,35.7303848,-78.6983185,113.521317,1342.0,668.303345,2387,243985.61863494615
2025-10-07T19:46:25.874886+00:00,491,833.096375,19.9580116,-2.28180099,-9.03405666,-0.642416775,-2.87548041,-2.20502806,3.5714817,598.294739,-579.164124,-25.727,35.7303696,-78.6983337,112.246994,1343.0,668.559631,2387,243985.87488623123
2025-10-07T19:46:26.131138+00:00,491,832.876465,20.4226513,-2.33228707,-9.12746716,-0.711714685,-2.25528288,-1.48703063,3.51830411,602.811829,-574.185,-24.7533588,35.7304077,-78.6982803,111.273354,1344.0,668.815857,2387,243986.1311375161
2025-10-07T19:46:26.387389+00:00,491,832.695068,20.378355,-2.3954947,-9.12746716,-0.705439091,-2.25537729,-1.48764682,3.51754642,602.233765,-574.566467,-23.8527489,35.7304039,-78.6982803,110.372742,1344.0,669.072083,2387,243986.38738880117
2025-10-07T19:46:26.643640+00:00,491,832.345886,20.4308319,-2.42961717,-9.18585491,-0.742264867,-2.1231854,-1.29162049,3.41834569,602.505188,-573.797241,-23.3209648,35.7304077,-78.6982727,109.840965,1345.0,669.328369,2387,243986.64364008626
2025-10-07T19:46:26.899891+00:00,491,832.156433,20.390543,-2.49100399,-9.18585491,-0.736716628,-2.12335634,-1.29210722,3.41815877,601.960876,-574.128662,-22.4453678,35.7304,-78.6982803,108.965363,1345.0,669.584595,2387,243986.89989137134
2025-10-07T19:46:27.156143+00:00,491,831.876892,20.3211174,-2.35254598,-8.93205166,-0.746285796,-2.15291929,-1.29031992,2.78358316,601.070251,-574.573242,-24.4811611,35.7303925,-78.6982803,111.00116,1346.0,669.840881,2387,243987.15614265643
2025-10-07T19:46:27.412394+00:00,491,831.244568,20.1987667,-2.21419287,-8.66050053,-0.805107594,-2.28948522,-1.32116342,2.15017223,599.389648,-575.322327,-26.5292015,35.7303772,-78.6982956,113.049194,1347.0,670.097107,2387,243987.41239394128
2025-10-07T19:46:27.668645+00:00,491,831.038879,20.1552238,-2.25335884,-8.66050053,-0.801993549,-2.28955483,-1.32090056,2.15135884,598.803223,-575.66095,-25.9770298,35.7303734,-78.6982956,112.497025,1347.0,670.353333,2387,243987.66864522613
2025-10-07T19:46:27.924897+00:00,491,830.892578,20.2258568,-2.06434107,-9.02601528,-0.754384279,-2.03156805,-1.09675741,1.37303066,599.407959,-574.691589,-28.6749783,35.7303772,-78.698288,115.194977,1348.0,670.609619,2387,243987.924896511
2025-10-07T19:46:28.181148+00:00,491,830.699402,20.1878185,-2.08960581,-9.02601528,-0.753068388,-2.0322175,-1.09642756,1.37424719,598.887,-574.972839,-28.3215446,35.7303734,-78.698288,114.841537,1348.0,670.865845,2387,243988.18114779584
2025-10-07T19:46:28.437399+00:00,491,830.506714,20.1497803,-2.11479235,-9.02601528,-0.751015246,-2.0322175,-1.09642756,1.37424719,598.366272,-575.253784,-27.9693928,35.7303696,-78.698288,114.489395,1348.0,671.122131,2387,243988.4373990807
2025-10-07T19:46:28.693650+00:00,491,830.283081,20.0048504,-1.92957461,-9.08792591,-0.716745853,-2.20671058,-1.28642893,0.646438122,596.743774,-576.475098,-30.7150097,35.7303543,-78.6983,117.235008,1349.0,671.378357,2387,243988.69365036555
2025-10-07T19:46:28.949902+00:00,491,830.099182,19.96175,-1.94223082,-9.08792591,-0.715845823,-2.20736885,-1.28565121,0.648440421,596.178,-576.804443,-30.5465336,35.7303505,-78.6983109,117.066528,1349.0,671.634644,2387,243988.94990165063
2025-10-07T19:46:29.206153+00:00,491,829.927063,19.1319714,-1.56552684,-8.70170879,-0.620905101,-3.70064163,-2.79220319,-0.711413801,587.605225,-584.956726,-36.39571,35.7302704,-78.6984,122.915703,1350.0,671.890869,2387,243989.20615293548
2025-10-07T19:46:29.462404+00:00,491,829.768738,19.0506058,-1.5554105,-8.70170879,-0.615369,-3.69911671,-2.78929901,-0.708167851,586.659668,-585.669678,-36.5742493,35.7302628,-78.69841,123.094238,1350.0,672.147095,2387,243989.46240422057
2025-10-07T19:46:29.718656+00:00,491,829.590088,18.9448109,-1.51159871,-8.62892056,-0.592280328,-3.74124527,-2.8438952,-0.825304806,585.444458,-586.589233,-37.2505302,35.7302513,-78.6984177,123.770523,1351.0,672.403381,2387,243989.71865550542
2025-10-07T19:46:29.974907+00:00,491,829.573608,18.8132133,-2.04145432,-8.67054653,-0.533552408,-3.8026166,-3.0724504,0.978298962,584.120605,-588.316589,-29.6514416,35.7302399,-78.6984329,116.171432,1352.0,672.659607,2387,243989.9749067905
2025-10-07T19:46:30.231158+00:00,491,829.437805,18.7277374,-2.06118751,-8.67054653,-0.526331782,-3.80254316,-3.07179523,0.976918697,583.146667,-589.103149,-29.4019127,35.7302322,-78.6984482,115.921906,1352.0,672.915894,2387,243990.2311580856
2025-10-07T19:46:30.487409+00:00,491,829.400513,18.4910202,-2.41325378,-8.92819595,-0.474087059,-4.09273,-3.43704844,2.06332827,580.677917,-591.71106,-24.421463,35.7302094,-78.6984711,110.941452,1353.0,673.172119,2387,243990.4874093707
2025-10-07T19:46:30.743661+00:00,491,829.280212,18.397871,-2.45247817,-8.92819595,-0.464240253,-4.09259892,-3.43655467,2.06181812,579.629578,-592.591187,-23.8944778,35.7302,-78.6984863,110.414482,1353.0,673.428406,2387,243990.74366065577
2025-10-07T19:46:30.999912+00:00,491,829.360718,17.4975986,-2.25811386,-8.68042088,-0.327830374,-5.70584869,-5.01241875,1.21603072,570.307617,-601.542053,-27.1221695,35.730114,-78.6985855,113.642166,1354.0,673.684631,2387,243990.99991194086
2025-10-07T19:46:31.256163+00:00,491,829.138123,17.064003,-2.34533668,-8.3266573,-0.328301728,-6.35364676,-5.54315662,1.39409399,565.58551,-605.726501,-26.0483608,35.730072,-78.6986313,112.568359,1355.0,673.940857,2387,243991.25616322595
2025-10-07T19:46:31.512415+00:00,491,829.378784,16.1288643,-2.42725492,-8.20740509,-0.142753422,-7.98180056,-7.08083,1.48674512,555.783752,-615.089172,-25.2789726,35.7299843,-78.6987305,111.798965,1356.0,674.197144,2387,243991.51241451103
2025-10-07T19:46:31.768666+00:00,491,828.993896,15.9622145,-2.74553394,-7.94245815,-0.24418354,-7.99998856,-6.93850708,2.45698762,553.720276,-616.599365,-20.7368793,35.7299652,-78.6987457,107.256882,1357.0,674.453369,2387,243991.76866579612
2025-10-07T19:46:32.024917+00:00,491,828.936096,15.7758665,-2.79440117,-7.94245815,-0.207163706,-7.99905825,-6.93835211,2.45647955,551.670959,-618.376892,-20.1076527,35.7299461,-78.6987686,106.627647,1357.0,674.709656,2387,243992.0249170812
2025-10-07T19:46:32.281168+00:00,491,828.703735,15.7779322,-2.81178284,-7.64304209,-0.295494288,-7.62942839,-6.48660564,2.36469603,551.537109,-618.193054,-19.8499241,35.7299461,-78.6987686,106.369919,1358.0,674.965881,2387,243992.2811683663
2025-10-07T19:46:32.537420+00:00,491,828.464355,15.5840893,-2.60953498,-7.34159374,-0.318624705,-7.70095825,-6.45475531,1.49880719,549.298462,-619.76,-22.8475323,35.7299271,-78.6987839,109.367531,1359.0,675.222107,2387,243992.53741965137
2025-10-07T19:46:32.793671+00:00,491,828.387085,15.4067478,-2.64110851,-7.34159374,-0.286283523,-7.70054,-6.45501,1.49951768,547.325623,-621.41394,-22.4629021,35.729908,-78.6988,108.982895,1359.0,675.478394,2387,243992.79367093623
2025-10-07T19:46:33.049922+00:00,491,828.512146,14.9920769,-2.00503421,-7.5025692,-0.180872977,-8.21818352,-6.8518796,-0.9113397,542.895,-625.047729,-31.8253841,35.7298698,-78.6988449,118.345383,1360.0,675.734619,2387,243993.04992222108
2025-10-07T19:46:33.306174+00:00,491,828.470581,14.8020477,-1.99425268,-7.5025692,-0.145021975,-8.21765,-6.85180807,-0.909009933,540.789795,-626.803284,-32.0563507,35.7298508,-78.6988602,118.576355,1360.0,675.990906,2387,243993.30617350314
2025-10-07T19:46:33.562425+00:00,491,828.438,14.6119604,-1.98331285,-7.5025692,-0.109362207,-8.21765,-6.85180807,-0.909009933,538.684,-628.559082,-32.2892838,35.7298317,-78.6988831,118.80928,1360.0,676.247131,2387,243993.562424788
2025-10-07T19:46:33.818676+00:00,491,828.301147,14.47334,-2.04238605,-7.61779261,-0.168670356,-8.14346,-6.69043207,-0.646112621,537.075378,-629.794739,-31.4860458,35.7298164,-78.6988907,118.006042,1361.0,676.503418,2387,243993.8186760726
2025-10-07T19:46:34.074927+00:00,491,828.262756,14.2862825,-2.03610778,-7.61779261,-0.132934496,-8.1422205,-6.69112921,-0.644437432,534.990051,-631.508728,-31.6490765,35.7297974,-78.6989136,118.169067,1361.0,676.759644,2387,243994.07492735746
2025-10-07T19:46:34.331179+00:00,491,828.233154,14.0991192,-2.02966356,-7.61779261,-0.0984471813,-8.1422205,-6.69112921,-0.644437432,532.903625,-633.223328,-31.8142147,35.7297783,-78.6989288,118.334213,1361.0,677.015869,2387,243994.33117862904
2025-10-07T19:46:34.587430+00:00,491,828.212341,13.9119453,-2.02319717,-7.61779261,-0.0639567226,-8.1422205,-6.69112921,-0.644437432,530.817139,-634.937927,-31.979351,35.7297592,-78.6989517,118.499344,1361.0,677.272156,2387,243994.5874299139
2025-10-07T19:46:34.843681+00:00,491,828.078,14.2016687,-1.48924291,-7.5608654,-0.159144282,-7.17218208,-5.70635366,-2.33208966,533.881531,-631.757935,-39.5686073,35.7297859,-78.6989136,126.088608,1362.0,677.528381,2387,243994.84368119875
2025-10-07T19:46:35.099932+00:00,491,827.987732,14.0087128,-1.70461965,-7.54725122,-0.164828777,-7.24058294,-5.77311659,-1.51554501,531.71759,-633.644653,-36.5314484,35.7297668,-78.6989365,123.051453,1363.0,677.784668,2387,243995.0999324836
2025-10-07T19:46:35.356184+00:00,491,827.94873,13.8437653,-1.6821357,-7.54725122,-0.136967018,-7.24095058,-5.77428436,-1.5144825,529.861572,-635.124329,-36.9178963,35.7297516,-78.6989517,123.437897,1363.0,678.040894,2387,243995.35618376845
2025-10-07T19:46:35.612435+00:00,491,827.917114,13.6788349,-1.65952277,-7.54725122,-0.109714232,-7.24095058,-5.77428436,-1.5144825,528.006104,-636.604,-37.3059845,35.7297363,-78.698967,123.825989,1363.0,678.29718,2387,243995.61243505354
2025-10-07T19:46:35.868686+00:00,491,827.892517,13.5138969,-1.63689446,-7.54725122,-0.0824586675,-7.24095058,-5.77428436,-1.5144825,526.150574,-638.083679,-37.6940727,35.7297173,-78.6989822,124.214066,1363.0,678.553406,2387,243995.8686863384
2025-10-07T19:46:36.124938+00:00,491,827.935486,13.3938293,-1.24546289,-7.86079025,-0.0553321764,-7.16769695,-5.63810301,-2.61331725,524.776,-638.909058,-43.3888817,35.7297058,-78.699,129.908875,1364.0,678.809631,2387,243996.12493762324
2025-10-07T19:46:36.381189+00:00,491,827.924927,13.2309465,-1.20355,-7.86079025,-0.0268772729,-7.16754818,-5.63892317,-2.61117244,522.939331,-640.354187,-44.0539703,35.7296906,-78.6990128,130.573975,1364.0,679.065918,2387,243996.3811889081
2025-10-07T19:46:36.637440+00:00,491,827.921631,13.0680656,-1.16134787,-7.86079025,0.000975381525,-7.16754818,-5.63892317,-2.61117244,521.102661,-641.799133,-44.7230873,35.7296715,-78.699028,131.243088,1364.0,679.322144,2387,243996.63744019272
2025-10-07T19:46:36.893691+00:00,491,827.925476,12.9051886,-1.11913645,-7.86079025,0.02882801,-7.16754818,-5.63892317,-2.61117244,519.26593,-643.244141,-45.3922043,35.7296562,-78.6990433,131.912201,1364.0,679.57843,2387,243996.89369147757
2025-10-07T19:46:37.149943+00:00,491,827.936401,12.7423201,-1.07691669,-7.86079025,0.0566798933,-7.16754818,-5.63892317,-2.61117244,517.42926,-644.689148,-46.0613213,35.729641,-78.6990585,132.581314,1364.0,679.834656,2387,243997.1499427622
2025-10-07T19:46:37.406194+00:00,491,827.954529,12.5794611,-1.03468966,-7.86079025,0.0845303163,-7.16754818,-5.63892317,-2.61117244,515.592529,-646.134094,-46.7304344,35.7296219,-78.6990738,133.250427,1364.0,680.090881,2387,243997.40619404704
2025-10-07T19:46:37.662445+00:00,491,827.979736,12.4166155,-0.992456615,-7.86079025,0.112378545,-7.16754818,-5.63892317,-2.61117244,513.755859,-647.579102,-47.3995514,35.7296066,-78.6990891,133.919556,1364.0,680.347168,2387,243997.6624453319
2025-10-07T19:46:37.918697+00:00,491,828.012085,12.2537851,-0.950218379,-7.86079025,0.140223876,-7.16754818,-5.63892317,-2.61117244,511.919159,-649.024048,-48.0686684,35.7295914,-78.6991043,134.588669,1364.0,680.603394,2387,243997.91869661675
2025-10-07T19:46:38.174948+00:00,491,827.586731,12.0399981,-1.799155,-7.1396,0.0668482333,-7.2937088,-5.7635417,-0.472311378,509.374878,-651.267944,-35.8768044,35.7295685,-78.6991348,122.396797,1365.0,680.85968,2387,243998.1749479016
2025-10-07T19:46:38.431199+00:00,491,827.608826,11.8753319,-1.79394305,-7.1396,0.0948500186,-7.29187775,-5.76326561,-0.480277508,507.512207,-652.74115,-36.0104485,35.7295494,-78.6991501,122.530441,1365.0,681.115906,2387,243998.43119918645
2025-10-07T19:46:38.687450+00:00,491,827.599792,12.5061674,-1.50172818,-6.78489923,0.0313449,-6.01821041,-4.75910616,-1.11122465,514.631653,-646.896912,-40.00214,35.7296143,-78.6990814,126.522141,1366.0,681.372192,2387,243998.6874504713
2025-10-07T19:46:38.943702+00:00,491,827.98584,11.43505,-1.89637697,-6.00061798,0.217664555,-7.43811846,-5.95570898,-0.191866875,502.716187,-656.987793,-34.6996231,35.7295074,-78.6991959,121.21962,1367.0,681.628418,2387,243998.94370175616
2025-10-07T19:46:39.199953+00:00,491,828.045227,11.2660627,-1.89700043,-6.00061798,0.245673597,-7.43780088,-5.95530033,-0.193205,500.81073,-658.513428,-34.750206,35.7294884,-78.6992111,121.270203,1367.0,681.884644,2387,243999.19995304124
2025-10-07T19:46:39.456204+00:00,491,828.111755,11.0970612,-1.89768267,-6.00061798,0.273758411,-7.43780088,-5.95530033,-0.193205,498.904785,-660.03949,-34.7997169,35.7294731,-78.6992264,121.319717,1367.0,682.14093,2387,243999.4562043261
2025-10-07T19:46:39.712456+00:00,491,828.185547,10.9280882,-1.89834821,-6.00061798,0.301836103,-7.43780088,-5.95530033,-0.193205,496.99884,-661.565552,-34.8492241,35.729454,-78.6992493,121.369217,1367.0,682.397156,2387,243999.71245561118
2025-10-07T19:46:39.968707+00:00,491,828.270935,11.4334946,-1.56202447,-5.96361065,0.182639942,-6.39622259,-5.06514502,-1.00549793,502.830109,-656.986511,-39.5393181,35.7295074,-78.6991959,126.059311,1368.0,682.653442,2387,243999.96870689603
2025-10-07T19:46:40.224958+00:00,491,828.320801,11.2883301,-1.5478301,-5.96361065,0.204787418,-6.39634037,-5.06684685,-1.00451052,501.189728,-658.286072,-39.7957115,35.7294922,-78.6992111,126.315704,1368.0,682.909668,2387,244000.22495819113
2025-10-07T19:46:40.481209+00:00,491,828.376,11.1433039,-1.53355455,-5.96361065,0.225683793,-6.39634037,-5.06684685,-1.00451052,499.550659,-659.584473,-40.0531197,35.7294769,-78.6992264,126.573112,1368.0,683.165955,2387,244000.48120947598
2025-10-07T19:46:40.737461+00:00,491,828.436462,10.9983006,-1.51927114,-5.96361065,0.246575788,-6.39634037,-5.06684685,-1.00451052,497.911591,-660.882812,-40.3105278,35.7294617,-78.6992416,126.830521,1368.0,683.42218,2387,244000.73746076107
2025-10-07T19:46:40.993712+00:00,491,828.502319,10.8533201,-1.50498021,-5.96361065,0.267463,-6.39634037,-5.06684685,-1.00451052,496.272522,-662.181213,-40.5679321,35.7294502,-78.6992493,127.087929,1368.0,683.678406,2387,244000.99371204615
2025-10-07T19:46:41.249963+00:00,491,828.573547,10.7083664,-1.49068201,-5.96361065,0.288345039,-6.39634037,-5.06684685,-1.00451052,494.633453,-663.479614,-40.8253403,35.729435,-78.6992645,127.345337,1368.0,683.934692,2387,244001.24996334125
2025-10-07T19:46:41.506215+00:00,491,829.255371,9.17238617,-1.48263454,-5.79984522,0.584831476,-8.45379543,-6.60953903,-1.03312171,477.036591,-677.039307,-41.4538879,35.7292747,-78.6994171,127.973885,1369.0,684.190918,2387,244001.50621462634
2025-10-07T19:46:41.762466+00:00,491,829.410339,8.98316383,-1.46894658,-5.79984522,0.620964,-8.4474535,-6.60580969,-1.03162241,474.881165,-678.726196,-41.7153473,35.7292557,-78.6994324,128.235352,1369.0,684.447205,2387,244001.76246591142
2025-10-07T19:46:42.018717+00:00,491,828.097595,9.62554,-1.41310108,-5.47504234,0.26821509,-7.35232115,-5.52883101,-1.11034703,481.698273,-672.254578,-42.263134,35.7293167,-78.6993637,128.783127,1370.0,684.70343,2387,244002.0187171965
2025-10-07T19:46:42.274968+00:00,491,828.170471,9.46223068,-1.39719093,-5.47504234,0.29591167,-7.35133934,-5.52963305,-1.10956287,479.816528,-673.670715,-42.5460625,35.7293,-78.699379,129.066055,1370.0,684.959656,2387,244002.27496847903
2025-10-07T19:46:42.531220+00:00,491,827.938293,9.40230656,-1.90889692,-5.13600588,0.297580779,-7.2115159,-5.49921227,0.209126323,479.051575,-674.355042,-35.1677055,35.7292938,-78.6993866,121.687698,1371.0,685.215942,2387,244002.53121976365
2025-10-07T19:46:42.787471+00:00,491,827.967896,9.32032299,-1.85369503,-5.14205885,0.335384935,-7.0768075,-5.4262166,0.0486875474,478.096191,-675.025635,-35.9903564,35.7292862,-78.6993942,122.510353,1372.0,685.472168,2387,244002.78747104827
2025-10-07T19:46:43.043722+00:00,491,828.107361,9.32440948,-2.16345382,-5.00287,0.376399338,-6.77532434,-5.30082655,0.877468646,478.254608,-675.3078,-31.5228806,35.7292862,-78.6993942,118.042877,1373.0,685.728455,2387,244003.0437223329
2025-10-07T19:46:43.299974+00:00,491,828.408508,10.0073099,-1.94698858,-5.2846241,0.355388463,-5.22737646,-4.24958706,0.251339465,486.430908,-669.670593,-34.4519539,35.7293587,-78.6993332,120.971954,1374.0,685.98468,2387,244003.29997360424
2025-10-07T19:46:43.556225+00:00,491,828.501282,9.8881,-1.95428181,-5.2846241,0.369216,-5.2284112,-4.25009298,0.251349598,485.090607,-670.76,-34.3875885,35.7293472,-78.6993484,120.907585,1374.0,686.240967,2387,244003.5562248891
2025-10-07T19:46:43.812476+00:00,491,828.526855,9.76532555,-2.1536777,-5.36391497,0.384394139,-5.24543953,-4.28867579,0.828890681,483.683289,-671.946533,-31.5461769,35.7293358,-78.6993637,118.066177,1375.0,686.497192,2387,244003.8124761737
2025-10-07T19:46:44.068727+00:00,491,828.61615,9.37952614,-2.38039613,-5.06420898,0.435248017,-5.79034,-4.70421648,1.47043908,479.210876,-675.392944,-28.3910065,35.7292938,-78.6994,114.911,1376.0,686.753418,2387,244004.06872745857
2025-10-07T19:46:44.324979+00:00,491,828.73,9.24812,-2.40939617,-5.06420898,0.452913642,-5.79008,-4.70380735,1.46937358,477.727386,-676.598206,-28.0151157,35.7292824,-78.6994095,114.53511,1376.0,687.009705,2387,244004.32497874342
2025-10-07T19:46:44.581230+00:00,491,828.838135,9.07966805,-2.18370533,-5.36006975,0.462830693,-5.87076426,-4.71486712,0.626138508,475.785614,-677.952148,-31.3307667,35.7292633,-78.6994247,117.850761,1377.0,687.26593,2387,244004.58123002804
2025-10-07T19:46:44.837481+00:00,491,828.958923,8.94677,-2.19784713,-5.36006975,0.480349064,-5.87055826,-4.71466875,0.626519501,474.281464,-679.160156,-31.1699467,35.7292519,-78.69944,117.689941,1377.0,687.522217,2387,244004.8374813129
2025-10-07T19:46:45.093733+00:00,491,829.288818,9.1037426,-2.8169179,-5.41292667,0.548744917,-5.16123056,-4.38256264,2.69764805,476.346,-678.470642,-22.1824245,35.7292671,-78.6994324,108.702415,1378.0,687.778442,2387,244005.09373259774
2025-10-07T19:46:45.349984+00:00,491,829.40686,8.99128437,-2.88597965,-5.32370472,0.542809427,-5.16099167,-4.35687256,2.7588098,475.080292,-679.532349,-21.2195053,35.7292557,-78.6994476,107.739502,1379.0,688.034729,2387,244005.3499838826
2025-10-07T19:46:45.606235+00:00,491,829.594,8.72636,-2.91308618,-5.53218508,0.576751649,-5.51079464,-4.5983181,2.66521239,472.041412,-681.884094,-20.9090557,35.729229,-78.6994705,107.429054,1380.0,688.290955,2387,244005.60623516768
2025-10-07T19:46:45.862486+00:00,491,829.677246,8.79271126,-2.79282665,-5.68594027,0.540774107,-5.04803085,-4.23071098,2.0682354,472.880157,-681.349,-22.6324654,35.7292366,-78.6994629,109.152466,1381.0,688.54718,2387,244005.86248645253
2025-10-07T19:46:46.118738+00:00,491,829.817688,8.67726803,-2.83201504,-5.68594027,0.55551964,-5.04809475,-4.23090601,2.06844568,471.586487,-682.433228,-22.1023579,35.7292252,-78.6994781,108.622353,1381.0,688.803467,2387,244006.1187377374
2025-10-07T19:46:46.374989+00:00,491,829.953491,8.60973644,-2.79012108,-6.28063297,0.553636909,-4.92922401,-4.12963343,1.77718139,470.860016,-683.079041,-22.7318573,35.7292213,-78.6994858,109.251846,1382.0,689.059692,2387,244006.37498902247
2025-10-07T19:46:46.631240+00:00,491,830.149841,8.35290432,-2.72212768,-6.36554146,0.590517879,-5.28581429,-4.37289,1.39909363,467.906219,-685.307556,-23.7946873,35.7291946,-78.6995087,110.314682,1383.0,689.316,2387,244006.63124030732
2025-10-07T19:46:46.887492+00:00,491,830.277344,8.16717052,-2.67222333,-6.32280159,0.595887184,-5.46401453,-4.46512413,1.11688757,465.754578,-686.898376,-24.5729942,35.7291718,-78.6995239,111.092995,1384.0,689.572205,2387,244006.8874915924
2025-10-07T19:46:47.143743+00:00,491,830.432068,8.04319382,-2.69468975,-6.32280159,0.611577094,-5.4638257,-4.46507215,1.11724,464.354584,-688.04248,-24.2864494,35.7291603,-78.6995392,110.806442,1384.0,689.82843,2387,244007.14374287726
2025-10-07T19:46:47.399994+00:00,491,830.590759,7.91925,-2.71711802,-6.32280159,0.627206504,-5.4638257,-4.46507215,1.11724,462.954468,-689.186646,-24.0001545,35.7291489,-78.6995544,110.520149,1384.0,690.084717,2387,244007.39999416212
2025-10-07T19:46:47.656245+00:00,491,830.384521,7.98824024,-2.58784127,-6.14756393,0.534535587,-5.05906487,-4.07501507,0.604302585,463.666443,-688.392212,-25.8477325,35.7291565,-78.6995392,112.367729,1385.0,690.340942,2387,244007.65624544697
2025-10-07T19:46:47.912497+00:00,491,830.433167,7.94059563,-2.59677482,-5.73090124,0.548236728,-4.89990759,-3.97752309,0.593773663,463.121368,-688.82196,-25.7329025,35.7291489,-78.6995468,112.252899,1386.0,690.597229,2387,244007.9124967316
2025-10-07T19:46:48.168748+00:00,491,830.558044,7.78104782,-2.44283056,-5.41976643,0.591891348,-5.01950598,-4.06752682,0.00658133673,461.266,-690.127441,-28.0101833,35.7291336,-78.6995621,114.530182,1387.0,690.853455,2387,244008.16874801644
2025-10-07T19:46:48.424999+00:00,491,830.625427,7.54654932,-2.45466018,-4.96111441,0.613362372,-5.34873486,-4.28083086,0.0320215337,458.475616,-692.069458,-27.9039955,35.7291069,-78.699585,114.423988,1388.0,691.109741,2387,244008.4249993013
2025-10-07T19:46:48.681251+00:00,491,830.784363,7.42590189,-2.45781302,-4.96111441,0.627404511,-5.34878492,-4.28049326,0.0322315767,457.105072,-693.16626,-27.8956089,35.7290955,-78.6995926,114.415604,1388.0,691.365967,2387,244008.68125058615
2025-10-07T19:46:48.937502+00:00,491,831.006775,7.09797812,-2.52311945,-4.91338062,0.706776261,-5.8855567,-4.68626118,0.243756622,453.255188,-695.989075,-27.0420208,35.7290611,-78.6996231,113.562019,1389.0,691.622192,2387,244008.937501871
2025-10-07T19:46:49.193753+00:00,491,831.336426,7.47154427,-2.30320692,-5.02175283,0.745779,-4.45660877,-3.81391144,-0.570581913,457.952209,-693.174866,-30.1436081,35.7291031,-78.6995926,116.663605,1390.0,691.878479,2387,244009.19375315608
2025-10-07T19:46:49.450004+00:00,491,831.542175,7.39336634,-2.26975894,-5.06570721,0.78527379,-4.37354612,-3.79239917,-0.667783,457.116577,-693.950317,-30.656744,35.7290955,-78.6996,117.176743,1391.0,692.134705,2387,244009.45000444094
2025-10-07T19:46:49.706256+00:00,491,831.812866,7.22659683,-1.98890543,-5.34106255,0.84996444,-4.54101801,-3.90432572,-1.70674789,455.215912,-695.328125,-34.7839661,35.7290802,-78.6996155,121.303955,1392.0,692.391,2387,244009.7062557258
2025-10-07T19:46:49.962507+00:00,491,832.032043,7.12123537,-1.96131146,-5.34106255,0.86138308,-4.54126024,-3.90416074,-1.70604551,454.052124,-696.328613,-35.2207489,35.7290688,-78.6996307,121.740738,1392.0,692.647217,2387,244009.96250701087
2025-10-07T19:46:50.218758+00:00,491,832.132568,7.01458836,-1.97224712,-5.17712736,0.84826839,-4.56733704,-3.89995265,-1.55914783,452.810394,-697.263062,-35.0937843,35.7290573,-78.6996384,121.613785,1393.0,692.903503,2387,244010.21875829573
2025-10-07T19:46:50.475010+00:00,491,832.376,7.08175087,-2.15223551,-5.04167271,0.880249679,-4.04562902,-3.64916849,-0.76577276,453.779633,-697.050415,-32.4745407,35.7290649,-78.6996384,118.994537,1394.0,693.159729,2387,244010.4750095808
2025-10-07T19:46:50.731261+00:00,491,832.602661,6.98654747,-2.14097261,-5.04167271,0.888977945,-4.046206,-3.64909101,-0.766472518,452.742554,-697.985718,-32.6713486,35.7290573,-78.699646,119.191345,1394.0,693.415955,2387,244010.7312608659
2025-10-07T19:46:50.987512+00:00,491,832.93811,7.21292782,-2.32779312,-5.19659567,0.9420048,-3.0772171,-3.13991642,0.0104700839,455.696381,-696.585938,-29.9125175,35.729084,-78.6996307,116.43251,1395.0,693.672241,2387,244010.98751215098
2025-10-07T19:46:51.243763+00:00,491,833.18,7.13714123,-2.32985258,-5.19659567,0.947014034,-3.07847548,-3.13989568,0.00944498647,454.906738,-697.39093,-29.9109592,35.7290764,-78.6996384,116.430954,1395.0,693.928467,2387,244011.24376344585
2025-10-07T19:46:51.500015+00:00,491,833.489,6.88138914,-2.15695786,-5.68501759,0.994381249,-3.57731748,-3.46506143,-0.661528885,451.942383,-699.568237,-32.5006256,35.7290497,-78.6996689,119.020622,1396.0,694.184753,2387,244011.50001473093
2025-10-07T19:46:51.756266+00:00,491,833.993713,6.25604343,-2.37744594,-5.41186714,1.10924864,-5.05446386,-4.50607443,0.158845514,444.565338,-705.009766,-29.4687462,35.728981,-78.6997223,115.988739,1397.0,694.441,2387,244011.75626601602
2025-10-07T19:46:52.012517+00:00,491,834.215576,5.9604516,-2.62860966,-5.08725691,1.0962348,-5.58356285,-4.81109142,1.05234957,441.053406,-707.613708,-25.8929024,35.7289505,-78.6997528,112.412895,1398.0,694.697205,2387,244012.0125173011
2025-10-07T19:46:52.268769+00:00,491,834.375427,5.96032429,-2.64131522,-4.72892284,1.04120123,-5.24612284,-4.5345912,1.02581215,441.136841,-707.756714,-25.7129803,35.7289505,-78.6997528,112.232979,1399.0,694.953491,2387,244012.2687685862
2025-10-07T19:46:52.525020+00:00,491,834.644226,5.84001493,-2.6618669,-4.72892284,1.05624521,-5.24580574,-4.53473091,1.02549636,439.792694,-708.918701,-25.4503593,35.7289391,-78.6997681,111.970352,1399.0,695.209717,2387,244012.5250198715
2025-10-07T19:46:52.781271+00:00,491,834.906128,5.67929316,-2.86786366,-4.91014624,1.06912148,-5.3701539,-4.6210494,1.71865368,437.945312,-710.468933,-22.4955864,35.7289238,-78.6997833,109.015587,1400.0,695.466,2387,244012.7812711566
2025-10-07T19:46:53.037522+00:00,491,835.228882,5.25832939,-2.85817432,-4.58217621,1.10537124,-6.25438261,-5.13456345,1.54225016,432.884705,-713.933533,-22.7409763,35.728878,-78.6998215,109.260971,1401.0,695.722229,2387,244013.03752244168
2025-10-07T19:46:53.293774+00:00,491,835.380493,5.25374079,-2.93452573,-4.40198803,1.04355049,-5.88422,-4.83997393,1.72410381,432.906891,-714.131775,-21.6334381,35.728878,-78.6998291,108.153435,1402.0,695.978516,2387,244013.29377372653
2025-10-07T19:46:53.550025+00:00,491,835.615295,5.0835309,-2.49895716,-4.21171427,1.0418179,-6.01031065,-4.83420753,-0.0693759173,430.890961,-715.402344,-28.0260429,35.7288589,-78.6998367,114.546043,1403.0,696.234741,2387,244013.55002501138
2025-10-07T19:46:53.806276+00:00,491,835.960571,4.6978755,-2.53015327,-4.39076281,1.10447454,-6.77231264,-5.30326223,0.0340036377,426.244965,-718.595825,-27.666008,35.728817,-78.6998749,114.186005,1404.0,696.490967,2387,244013.806276296
2025-10-07T19:46:54.062528+00:00,491,836.169678,4.59283495,-2.13004279,-4.30730057,1.09068215,-6.66598701,-5.13395309,-1.55159521,424.997223,-719.328125,-33.5297432,35.7288055,-78.6998825,120.049736,1405.0,696.747253,2387,244014.06252758062
2025-10-07T19:46:54.318779+00:00,491,836.452,4.4458046,-2.10571551,-4.30730057,1.11283529,-6.66573906,-5.13396835,-1.55062377,423.289246,-720.643677,-33.9265785,35.7287903,-78.6999,120.446579,1405.0,697.003479,2387,244014.3187788522
2025-10-07T19:46:54.575030+00:00,491,836.753967,4.10325432,-1.96348572,-4.27236366,1.16461039,-7.29255867,-5.4711442,-2.03378153,419.103973,-723.330566,-36.0838203,35.7287521,-78.6999283,122.603821,1406.0,697.259766,2387,244014.57503013706
2025-10-07T19:46:54.831281+00:00,491,837.083679,4.20684,-2.31778765,-4.16923618,1.1560303,-6.42523623,-5.05601,-0.466355532,420.619385,-723.072144,-30.9054909,35.7287674,-78.6999283,117.425491,1407.0,697.516,2387,244014.83128142168
2025-10-07T19:46:55.087533+00:00,491,837.382507,4.06465769,-2.31226826,-4.16923618,1.17620659,-6.42559099,-5.05624247,-0.467408,418.972595,-724.36792,-31.0257587,35.7287521,-78.6999359,117.545753,1407.0,697.772278,2387,244015.08753270653
2025-10-07T19:46:55.343784+00:00,491,837.752136,3.80188537,-2.51203036,-4.4983387,1.22637665,-6.78809834,-5.3116436,0.348296642,415.846802,-726.709351,-28.1726074,35.7287254,-78.6999664,114.692604,1408.0,698.028503,2387,244015.34378399138
2025-10-07T19:46:55.600035+00:00,491,838.069275,3.6524179,-2.52074766,-4.4983387,1.24874401,-6.78801918,-5.31163931,0.346948653,414.107452,-728.070374,-28.0847607,35.7287064,-78.6999817,114.604752,1408.0,698.284729,2387,244015.60003527623
2025-10-07T19:46:55.856287+00:00,491,838.486694,3.40944099,-2.83911347,-4.87739,1.29516292,-7.05810642,-5.51148081,1.56153333,411.23996,-730.33551,-23.4883518,35.7286835,-78.7000046,110.008347,1409.0,698.541,2387,244015.8562865611
2025-10-07T19:46:56.112538+00:00,491,838.892456,3.45059919,-3.3939743,-4.73595715,1.31804526,-6.43249512,-5.21639681,3.6098237,411.964783,-730.608948,-15.3709192,35.7286873,-78.7000122,101.890915,1410.0,698.797241,2387,244016.11253784594
2025-10-07T19:46:56.368789+00:00,491,839.233276,3.30829763,-3.45918751,-4.73595715,1.34272206,-6.43269968,-5.21679258,3.60663128,410.316101,-731.945679,-14.4487562,35.728672,-78.7000198,100.96875,1410.0,699.053528,2387,244016.36878913103
2025-10-07T19:46:56.625040+00:00,491,839.454,3.0929656,-3.34940958,-4.81935835,1.29744816,-6.69581556,-5.26970863,2.93000317,407.677216,-733.636902,-16.0999928,35.7286491,-78.7000427,102.619987,1411.0,699.309753,2387,244016.62504041588
2025-10-07T19:46:56.881292+00:00,491,839.789673,2.94629741,-3.40282536,-4.81935835,1.32233226,-6.69541502,-5.27019644,2.92926049,405.9617,-734.987244,-15.3500624,35.7286339,-78.700058,101.870056,1411.0,699.566,2387,244016.88129170073
2025-10-07T19:46:57.137543+00:00,491,840.131653,2.79971647,-3.45622373,-4.81935835,1.34655619,-6.69541502,-5.27019644,2.92926049,404.246,-736.337769,-14.5994358,35.7286186,-78.7000732,101.119431,1411.0,699.822266,2387,244017.13754299583
2025-10-07T19:46:57.393794+00:00,491,840.416138,2.94950032,-3.35156679,-5.10432148,1.30405855,-5.83231497,-4.76391029,2.36934447,406.306793,-735.496094,-16.1126194,35.7286377,-78.7000656,102.632614,1412.0,700.078491,2387,244017.39379428068
2025-10-07T19:46:57.650046+00:00,491,840.753113,2.82030416,-3.39503241,-5.10432148,1.32316625,-5.83314371,-4.76508951,2.37032533,404.811035,-736.718,-15.504323,35.7286224,-78.7000732,102.024323,1412.0,700.334778,2387,244017.65004556577
2025-10-07T19:46:57.906297+00:00,491,841.087097,2.54856205,-3.08761382,-5.34729671,1.34890282,-6.24189615,-4.95842934,1.13659489,401.477753,-738.81012,-20.0690804,35.7285957,-78.7000961,106.589081,1413.0,700.591,2387,244017.90629685085
2025-10-07T19:46:58.162548+00:00,491,841.467529,2.30541062,-2.94743633,-5.06356812,1.38390303,-6.53993225,-5.1074419,0.573186874,398.518402,-740.782654,-22.1770039,35.728569,-78.700119,108.697006,1414.0,700.84729,2387,244018.16254813594
2025-10-07T19:46:58.418799+00:00,491,841.788147,2.02660704,-2.94820952,-5.1809535,1.40892756,-6.93420935,-5.29915857,0.529874325,395.062683,-742.993347,-22.2196064,35.7285347,-78.7001419,108.739601,1415.0,701.103516,2387,244018.4187994208
2025-10-07T19:46:58.675051+00:00,491,842.181824,1.76913965,-3.28001547,-5.12635803,1.45505333,-7.22997856,-5.48433876,1.61873078,391.913879,-745.2323,-17.3951359,35.728508,-78.7001724,103.915131,1416.0,701.359741,2387,244018.67505070588
2025-10-07T19:46:58.931302+00:00,491,842.557922,1.61322236,-3.31037569,-5.12635803,1.48022521,-7.22971725,-5.48417425,1.61838281,390.061462,-746.637573,-16.9805489,35.7284927,-78.7001877,103.500542,1416.0,701.616,2387,244018.93130199096
2025-10-07T19:46:59.187553+00:00,491,842.94043,1.45742083,-3.340693,-5.12635803,1.5053823,-7.22971725,-5.48417425,1.61838281,388.208832,-748.042908,-16.565836,35.7284737,-78.7002,103.085838,1416.0,701.872253,2387,244019.18755328606
2025-10-07T19:46:59.443805+00:00,491,843.298767,1.26715422,-3.48315454,-4.80592537,1.51217103,-7.33846807,-5.51698303,1.99702692,385.889404,-749.687805,-14.5045862,35.7284546,-78.7002182,101.024582,1417.0,702.12854,2387,244019.44380457138
2025-10-07T19:46:59.700056+00:00,491,843.71875,0.734093606,-3.30898476,-4.86388779,1.56030369,-8.40348148,-6.00357866,1.27439165,379.097687,-753.559692,-17.1507683,35.7283936,-78.700264,103.670761,1418.0,702.384766,2387,244019.70005585646
2025-10-07T19:46:59.956307+00:00,491,844.122864,0.556621,-3.3333447,-4.86388779,1.59275496,-8.40198135,-6.00322533,1.27483404,376.945862,-755.097534,-16.8238239,35.7283745,-78.7002792,103.343819,1418.0,702.641052,2387,244019.95630714155
2025-10-07T19:47:00.212558+00:00,491,844.535156,0.3792243,-3.35763168,-4.86388779,1.62482524,-8.40198135,-6.00322533,1.27483404,374.792847,-756.635864,-16.4971466,35.7283554,-78.7002945,103.017143,1418.0,702.897278,2387,244020.2125584243
2025-10-07T19:47:00.468810+00:00,491,844.788757,0.213037804,-3.31892467,-5.32679367,1.52162015,-8.41371822,-5.85756969,1.07121181,372.71109,-757.932922,-17.093668,35.7283363,-78.7003098,103.613663,1419.0,703.153503,2387,244020.46880970892
2025-10-07T19:47:00.725061+00:00,491,845.183533,0.0369525738,-3.33957934,-5.32679367,1.55513179,-8.41203499,-5.85901,1.07158673,370.556854,-759.434,-16.8186951,35.7283173,-78.700325,103.338692,1419.0,703.40979,2387,244020.72506099354
2025-10-07T19:47:00.981312+00:00,491,845.58606,-0.139065489,-3.36015773,-5.32679367,1.58658659,-8.41203499,-5.85901,1.07158673,368.401276,-760.935364,-16.5441,35.7282944,-78.7003403,103.064095,1419.0,703.666,2387,244020.9813122784
2025-10-07T19:47:01.237564+00:00,491,845.734863,-0.0369873457,-3.44775,-5.52228117,1.40561485,-7.71307802,-5.3402791,1.29413581,369.820587,-760.439331,-15.2422247,35.7283096,-78.7003403,101.762222,1420.0,703.922302,2387,244021.23756354974
2025-10-07T19:47:01.493815+00:00,491,846.099915,-0.197998941,-3.47190285,-5.52228117,1.43531454,-7.71241236,-5.3434391,1.29381633,367.844543,-761.809143,-14.911231,35.7282906,-78.7003555,101.431229,1420.0,704.178528,2387,244021.4938148346
2025-10-07T19:47:01.750066+00:00,491,846.136414,-0.0828562155,-3.55986667,-5.73627043,1.23464632,-7.05866575,-4.82504034,1.50011849,369.388275,-761.126953,-13.5995073,35.7283058,-78.7003479,100.119507,1421.0,704.434753,2387,244021.75006611922
2025-10-07T19:47:02.006317+00:00,491,846.456543,-0.229668543,-3.58734274,-5.73627043,1.2596041,-7.05879545,-4.82798386,1.49948668,367.579193,-762.364502,-13.2160425,35.7282867,-78.7003632,99.7360382,1421.0,704.69104,2387,244022.00631740407
2025-10-07T19:47:02.262569+00:00,491,846.477661,-0.112890765,-3.50911164,-5.68801594,1.06289542,-6.45096064,-4.33039045,1.18859613,369.138763,-761.613342,-14.3582735,35.728302,-78.7003479,100.878273,1422.0,704.947266,2387,244022.26256868892
2025-10-07T19:47:02.518820+00:00,491,846.704956,-0.116497308,-3.18885398,-5.87048769,0.970980167,-6.14828444,-4.06308889,0.159233749,369.183411,-761.740356,-19.0941753,35.728302,-78.7003555,105.614166,1423.0,705.203552,2387,244022.51881997377
2025-10-07T19:47:02.775071+00:00,491,846.956177,-0.243314967,-3.19306684,-5.87048769,0.988488674,-6.14828968,-4.06461954,0.160227627,367.607788,-762.782,-19.0524311,35.7282906,-78.7003632,105.572426,1423.0,705.459778,2387,244022.77507125863
2025-10-07T19:47:03.031323+00:00,491,847.211548,-0.370048881,-3.19721508,-5.87048769,1.00462914,-6.14828968,-4.06461954,0.160227627,366.032288,-763.823547,-19.0113716,35.7282753,-78.7003784,105.531372,1423.0,705.716064,2387,244023.03132254348
2025-10-07T19:47:03.287574+00:00,491,847.471069,-0.496706843,-3.20134521,-5.87048769,1.02075493,-6.14828968,-4.06461954,0.160227627,364.456787,-764.865112,-18.970314,35.72826,-78.700386,105.490311,1423.0,705.97229,2387,244023.28757382833
2025-10-07T19:47:03.543825+00:00,491,847.73468,-0.623287618,-3.20545721,-5.87048769,1.03686571,-6.14828968,-4.06461954,0.160227627,362.881256,-765.906677,-18.9292545,35.7282448,-78.7004,105.449249,1423.0,706.228516,2387,244023.54382511342
2025-10-07T19:47:03.800076+00:00,491,848.002441,-0.749790132,-3.2095511,-5.87048769,1.05296147,-6.14828968,-4.06461954,0.160227627,361.305756,-766.948242,-18.8881969,35.7282333,-78.7004089,105.408188,1423.0,706.484802,2387,244023.80007639827
2025-10-07T19:47:04.056328+00:00,491,848.274353,-0.876213133,-3.21362686,-5.87048769,1.06904173,-6.14828968,-4.06461954,0.160227627,359.730255,-767.989807,-18.8471375,35.7282181,-78.7004242,105.367134,1423.0,706.741,2387,244024.05632768312
2025-10-07T19:47:04.312579+00:00,491,848.550354,-1.00255561,-3.21768427,-5.87048769,1.08510649,-6.14828968,-4.06461954,0.160227627,358.154755,-769.031372,-18.8060799,35.7282028,-78.7004318,105.32608,1423.0,706.997314,2387,244024.3125789682
2025-10-07T19:47:04.568830+00:00,491,848.830444,-1.12881625,-3.22172332,-5.87048769,1.10115552,-6.14828968,-4.06461954,0.160227627,356.579254,-770.072937,-18.7650204,35.7281876,-78.7004471,105.285019,1423.0,707.25354,2387,244024.5688302533
2025-10-07T19:47:04.825082+00:00,491,849.114685,-1.25499392,-3.22574425,-5.87048769,1.11718845,-6.14828968,-4.06461954,0.160227627,355.003723,-771.114502,-18.7239628,35.7281761,-78.7004547,105.243958,1423.0,707.509827,2387,244024.82508153815
2025-10-07T19:47:05.081333+00:00,491,849.403,-1.38108754,-3.22974682,-5.87048769,1.13320518,-6.14828968,-4.06461954,0.160227627,353.428223,-772.156067,-18.6829033,35.7281609,-78.70047,105.202896,1423.0,707.766052,2387,244025.08133282323
2025-10-07T19:47:05.337584+00:00,491,849.695435,-1.50709605,-3.23373103,-5.87048769,1.14920557,-6.14828968,-4.06461954,0.160227627,351.852722,-773.197632,-18.6418457,35.7281456,-78.7004776,105.161842,1423.0,708.022278,2387,244025.33758411833
2025-10-07T19:47:05.593835+00:00,491,849.992,-1.63301814,-3.23769712,-5.87048769,1.16518927,-6.14828968,-4.06461954,0.160227627,350.277222,-774.239197,-18.6007862,35.7281342,-78.7004929,105.120781,1423.0,708.278564,2387,244025.59383540342
2025-10-07T19:47:05.850087+00:00,491,850.292603,-1.75885284,-3.24164462,-5.87048769,1.18115616,-6.14828968,-4.06461954,0.160227627,348.701691,-775.280762,-18.5597286,35.7281189,-78.7005,105.07972,1423.0,708.53479,2387,244025.8500866885
2025-10-07T19:47:06.106338+00:00,491,850.597351,-1.88459897,-3.24557376,-5.87048769,1.197106,-6.14828968,-4.06461954,0.160227627,347.12619,-776.322327,-18.5186691,35.7281036,-78.7005157,105.038666,1423.0,708.791077,2387,244026.1063379736
2025-10-07T19:47:06.362589+00:00,491,850.906128,-2.01025534,-3.2494843,-5.87048769,1.21303856,-6.14828968,-4.06461954,0.160227627,345.55069,-777.363892,-18.4776115,35.7280884,-78.7005234,104.997604,1423.0,709.047302,2387,244026.36258925867
2025-10-07T19:47:06.618841+00:00,491,851.219,-2.1358211,-3.25337672,-5.87048769,1.22895372,-6.14828968,-4.06461954,0.160227627,343.975189,-778.405457,-18.436552,35.7280769,-78.7005386,104.956543,1423.0,709.303528,2387,244026.61884054376
2025-10-07T19:47:06.875092+00:00,491,851.53595,-2.26129484,-3.25725055,-5.87048769,1.24485123,-6.14828968,-4.06461954,0.160227627,342.399689,-779.447,-18.3954945,35.7280617,-78.7005463,104.915489,1423.0,709.559814,2387,244026.87509182884
2025-10-07T19:47:07.131343+00:00,491,851.857,-2.38667536,-3.26110578,-5.87048769,1.26073086,-6.14828968,-4.06461954,0.160227627,340.824158,-780.488586,-18.354435,35.7280464,-78.7005615,104.874435,1423.0,709.81604,2387,244027.13134312417
2025-10-07T19:47:07.387594+00:00,491,852.182129,-2.51196194,-3.26494265,-5.87048769,1.27659249,-6.14828968,-4.06461954,0.160227627,339.248657,-781.530151,-18.3133774,35.728035,-78.7005692,104.833366,1423.0,710.072327,2387,244027.38759440926
2025-10-07T19:47:07.643846+00:00,491,852.511292,-2.63715339,-3.26876116,-5.87048769,1.29243577,-6.14828968,-4.06461954,0.160227627,337.673157,-782.571716,-18.2723179,35.7280197,-78.7005844,104.792313,1423.0,710.328552,2387,244027.64384569458
2025-10-07T19:47:07.900097+00:00,491,852.844482,-2.76224852,-3.27256083,-5.87048769,1.30826068,-6.14828968,-4.06461954,0.160227627,336.097656,-783.613281,-18.2312603,35.7280045,-78.700592,104.751251,1423.0,710.584839,2387,244027.90009697966
2025-10-07T19:47:08.156348+00:00,491,853.181763,-2.88724637,-3.27634215,-5.87048769,1.32406688,-6.14828968,-4.06461954,0.160227627,334.522125,-784.654846,-18.1902,35.7279892,-78.7006073,104.71019,1423.0,710.841064,2387,244028.15634826242
2025-10-07T19:47:08.412600+00:00,491,853.523071,-3.01214552,-3.28010488,-5.87048769,1.33985424,-6.14828968,-4.06461954,0.160227627,332.946625,-785.696411,-18.1491432,35.7279778,-78.7006149,104.669136,1423.0,711.09729,2387,244028.41259954727
2025-10-07T19:47:08.668851+00:00,491,853.868408,-3.13694549,-3.28384924,-5.87048769,1.35562265,-6.14828968,-4.06461954,0.160227627,331.371124,-786.738,-18.1080837,35.7279625,-78.7006302,104.628082,1423.0,711.353577,2387,244028.66885083212
2025-10-07T19:47:08.925102+00:00,491,854.217834,-3.2616446,-3.28757477,-5.87048769,1.37137175,-6.14828968,-4.06461954,0.160227627,329.795624,-787.779541,-18.0670261,35.7279472,-78.7006378,104.587021,1423.0,711.609802,2387,244028.92510211674
2025-10-07T19:47:09.181353+00:00,491,854.571228,-3.38624239,-3.29128194,-5.87048769,1.38710141,-6.14828968,-4.06461954,0.160227627,328.220123,-788.821106,-18.0259666,35.727932,-78.7006531,104.545967,1423.0,711.866089,2387,244029.18135338833
2025-10-07T19:47:09.437605+00:00,491,854.928711,-3.51073718,-3.29497027,-5.87048769,1.40281141,-6.14828968,-4.06461954,0.160227627,326.644592,-789.862671,-17.9849091,35.7279205,-78.7006607,104.504898,1423.0,712.122314,2387,244029.43760467318
2025-10-07T19:47:09.693856+00:00,491,855.290222,-3.6351285,-3.29864,-5.87048769,1.41850173,-6.14828968,-4.06461954,0.160227627,325.069092,-790.904236,-17.9438496,35.7279053,-78.700676,104.463844,1423.0,712.378601,2387,244029.69385595803
2025-10-07T19:47:09.950107+00:00,491,855.655701,-3.75941491,-3.30229139,-5.87048769,1.43417192,-6.14828968,-4.06461954,0.160227627,323.493591,-791.945801,-17.902792,35.72789,-78.7006836,104.422791,1423.0,712.634827,2387,244029.95010724288
2025-10-07T19:47:10.206359+00:00,491,856.025208,-3.88359547,-3.30592394,-5.87048769,1.44982207,-6.14828968,-4.06461954,0.160227627,321.918091,-792.987366,-17.8617325,35.7278786,-78.7007,104.381729,1423.0,712.891052,2387,244030.20635852774
2025-10-07T19:47:10.462610+00:00,491,856.398743,-4.00766945,-3.30953789,-5.87048769,1.46545172,-6.14828968,-4.06461954,0.160227627,320.34259,-794.028931,-17.8206749,35.7278633,-78.7007065,104.340668,1423.0,713.147339,2387,244030.4626098126
2025-10-07T19:47:10.718861+00:00,491,856.776245,-4.13163519,-3.31313324,-5.87048769,1.48106098,-6.14828968,-4.06461954,0.160227627,318.767059,-795.070496,-17.7796154,35.7278481,-78.7007217,104.299606,1423.0,713.403564,2387,244030.71886109744
2025-10-07T19:47:10.975112+00:00,491,857.157776,-4.25549221,-3.31671,-5.87048769,1.49664938,-6.14828968,-4.06461954,0.160227627,317.191559,-796.112061,-17.7385578,35.7278328,-78.7007294,104.258553,1423.0,713.659851,2387,244030.97511238253
2025-10-07T19:47:11.231364+00:00,491,857.543274,-4.37923956,-3.32026815,-5.87048769,1.51221693,-6.14828968,-4.06461954,0.160227627,315.616058,-797.153625,-17.6974983,35.7278214,-78.7007446,104.217499,1423.0,713.916077,2387,244031.23136366738
2025-10-07T19:47:11.487615+00:00,491,857.9328,-4.5028758,-3.32380748,-5.87048769,1.52776337,-6.14828968,-4.06461954,0.160227627,314.040558,-798.19519,-17.6564407,35.7278061,-78.7007523,104.176437,1423.0,714.172302,2387,244031.48761495246
2025-10-07T19:47:11.743866+00:00,491,858.326294,-4.6264,-3.32732821,-5.87048769,1.54328859,-6.14828968,-4.06461954,0.160227627,312.465027,-799.236755,-17.6153812,35.7277908,-78.7007675,104.135376,1423.0,714.428589,2387,244031.74386623732
2025-10-07T19:47:12.000118+00:00,491,858.723755,-4.74981165,-3.33083034,-5.87048769,1.55879223,-6.14828968,-4.06461954,0.160227627,310.889526,-800.27832,-17.5743237,35.7277794,-78.7007751,104.094322,1423.0,714.684814,2387,244032.0001175224
2025-10-07T19:47:12.256369+00:00,491,859.125183,-4.87310934,-3.33431387,-5.87048769,1.57427442,-6.14828968,-4.06461954,0.160227627,309.314026,-801.319885,-17.5332642,35.7277641,-78.7007904,104.053253,1423.0,714.941101,2387,244032.25636880726
2025-10-07T19:47:12.512620+00:00,491,859.530579,-4.99629164,-3.33777881,-5.87048769,1.58973467,-6.14828968,-4.06461954,0.160227627,307.738525,-802.36145,-17.4922066,35.7277489,-78.7008,104.012199,1423.0,715.197327,2387,244032.51262009234
2025-10-07T19:47:12.768871+00:00,491,859.93988,-5.11935854,-3.34122491,-5.87048769,1.60517299,-6.14828968,-4.06461954,0.160227627,306.163025,-803.403,-17.4511471,35.7277336,-78.7008133,103.971146,1423.0,715.453613,2387,244032.76887137743
2025-10-07T19:47:13.025123+00:00,491,860.35321,-5.24230862,-3.34465241,-5.87048769,1.62058926,-6.14828968,-4.06461954,0.160227627,304.587494,-804.44458,-17.4100895,35.7277222,-78.7008209,103.930084,1423.0,715.709839,2387,244033.0251226625
2025-10-07T19:47:13.281374+00:00,491,860.770447,-5.36514091,-3.34806132,-5.87048769,1.63598323,-6.14828968,-4.06461954,0.160227627,303.012,-805.486145,-17.36903,35.7277069,-78.7008362,103.889023,1423.0,715.966064,2387,244033.28137394736
2025-10-07T19:47:13.537625+00:00,491,861.19165,-5.48785448,-3.3514514,-5.87048769,1.65135455,-6.14828968,-4.06461954,0.160227627,301.436493,-806.52771,-17.3279724,35.7276917,-78.7008438,103.847969,1423.0,716.222351,2387,244033.53762523222
2025-10-07T19:47:13.793877+00:00,491,861.61676,-5.61044836,-3.35482311,-5.87048769,1.66670334,-6.14828968,-4.06461954,0.160227627,299.861,-807.569275,-17.2869129,35.7276764,-78.7008591,103.806908,1423.0,716.478577,2387,244033.7938765173
2025-10-07T19:47:14.050128+00:00,491,862.045837,-5.7329216,-3.35817599,-5.87048769,1.68202937,-6.14828968,-4.06461954,0.160227627,298.285461,-808.61084,-17.2458553,35.7276649,-78.7008743,103.765854,1423.0,716.734863,2387,244034.05012780215
2025-10-07T19:47:14.306379+00:00,491,862.478821,-5.85527325,-3.36151028,-5.87048769,1.69733238,-6.14828968,-4.06461954,0.160227627,296.709961,-809.652405,-17.2047958,35.7276497,-78.700882,103.724792,1423.0,716.991089,2387,244034.306379087
2025-10-07T19:47:14.562630+00:00,491,862.91571,-5.97750235,-3.36482596,-5.87048769,1.71261227,-6.14828968,-4.06461954,0.160227627,295.13446,-810.694,-17.1637383,35.7276344,-78.7009,103.683731,1423.0,717.247375,2387,244034.56263037186
2025-10-07T19:47:14.818882+00:00,491,863.356506,-6.09960842,-3.36812282,-5.87048769,1.7278688,-6.14828968,-4.06461954,0.160227627,293.55896,-811.735535,-17.1226788,35.727623,-78.7009048,103.64267,1423.0,717.503601,2387,244034.81888165695
2025-10-07T19:47:15.075133+00:00,491,863.80127,-6.22158957,-3.37140131,-5.87048769,1.74310195,-6.14828968,-4.06461954,0.160227627,291.983459,-812.777039,-17.0816212,35.7276077,-78.7009201,103.601616,1423.0,717.759827,2387,244035.0751329418
2025-10-07T19:47:15.331384+00:00,491,864.249878,-6.34344578,-3.37466121,-5.87048769,1.75831151,-6.14828968,-4.06461954,0.160227627,290.407928,-813.818604,-17.0405617,35.7275925,-78.7009277,103.560555,1423.0,718.016113,2387,244035.33138422688
2025-10-07T19:47:15.587636+00:00,491,864.702393,-6.46517563,-3.37790227,-5.87048769,1.77349722,-6.14828968,-4.06461954,0.160227627,288.832428,-814.860168,-16.9995041,35.7275772,-78.700943,103.519501,1423.0,718.272339,2387,244035.58763551174
2025-10-07T19:47:15.843887+00:00,491,865.158813,-6.58677864,-3.38112497,-5.87048769,1.7886591,-6.14828968,-4.06461954,0.160227627,287.256927,-815.901733,-16.9584446,35.7275658,-78.7009506,103.478439,1423.0,718.528625,2387,244035.84388679682
2025-10-07T19:47:16.100138+00:00,491,865.61908,-6.70825338,-3.38432884,-5.87048769,1.80379677,-6.14828968,-4.06461954,0.160227627,285.681427,-816.943298,-16.917387,35.7275505,-78.7009659,103.437378,1423.0,718.784851,2387,244036.1001380819
2025-10-07T19:47:16.356389+00:00,491,866.083252,-6.82959938,-3.38751435,-5.87048769,1.81891036,-6.14828968,-4.06461954,0.160227627,284.105927,-817.984863,-16.8763275,35.7275352,-78.7009735,103.396324,1423.0,719.041077,2387,244036.356389367
2025-10-07T19:47:16.612641+00:00,491,866.55127,-6.95081568,-3.39068127,-5.87048769,1.8339994,-6.14828968,-4.06461954,0.160227627,282.530396,-819.026428,-16.8352699,35.7275238,-78.7009888,103.355263,1423.0,719.297363,2387,244036.61264065208
2025-10-07T19:47:16.868892+00:00,491,867.023193,-7.07190132,-3.39382958,-5.87048769,1.84906399,-6.14828968,-4.06461954,0.160227627,280.954895,-820.068,-16.7942104,35.7275085,-78.701,103.314209,1423.0,719.553589,2387,244036.86889193716
2025-10-07T19:47:17.125143+00:00,491,867.498901,-7.19285536,-3.3969593,-5.87048769,1.86410391,-6.14828968,-4.06461954,0.160227627,279.379395,-821.109558,-16.7531528,35.7274933,-78.7010117,103.273148,1423.0,719.809875,2387,244037.12514322225
2025-10-07T19:47:17.381395+00:00,491,867.978516,-7.31367731,-3.40007067,-5.87048769,1.87911904,-6.14828968,-4.06461954,0.160227627,277.803894,-822.151123,-16.7120934,35.727478,-78.7010193,103.232086,1423.0,720.066101,2387,244037.38139451735
2025-10-07T19:47:17.637646+00:00,491,868.462,-7.43436575,-3.40316343,-5.87048769,1.89410925,-6.14828968,-4.06461954,0.160227627,276.228363,-823.192688,-16.6710358,35.7274666,-78.7010345,103.191025,1423.0,720.322388,2387,244037.63764580243
2025-10-07T19:47:17.893897+00:00,491,868.94928,-7.55492,-3.4062376,-5.87048769,1.90907419,-6.14828968,-4.06461954,0.160227627,274.652863,-824.234253,-16.6299763,35.7274513,-78.7010422,103.149979,1423.0,720.578613,2387,244037.89389708752
2025-10-07T19:47:18.150148+00:00,491,869.440369,-7.67534,-3.40929341,-5.87048769,1.92401397,-6.14828968,-4.06461954,0.160227627,273.077362,-825.275818,-16.5889187,35.7274361,-78.7010574,103.108917,1423.0,720.834839,2387,244038.15014837284
2025-10-07T19:47:18.406400+00:00,491,869.935303,-7.79562378,-3.41233087,-5.87048769,1.93892837,-6.14828968,-4.06461954,0.160227627,271.501862,-826.317383,-16.5478592,35.7274208,-78.7010651,103.067856,1423.0,721.091125,2387,244038.40639965792
2025-10-07T19:47:18.662651+00:00,491,870.434082,-7.91577101,-3.41534972,-5.87048769,1.95381713,-6.14828968,-4.06461954,0.160227627,269.926361,-827.358948,-16.5068016,35.7274094,-78.7010803,103.026794,1423.0,721.347351,2387,244038.66265094324
2025-10-07T19:47:18.918902+00:00,491,870.936646,-8.03578091,-3.41835022,-5.87048769,1.96868038,-6.14828968,-4.06461954,0.160227627,268.35083,-828.400513,-16.4657421,35.7273941,-78.701088,102.985741,1423.0,721.603638,2387,244038.91890222832
2025-10-07T19:47:19.175154+00:00,491,871.443054,-8.155653,-3.42133212,-5.87048769,1.98351777,-6.14828968,-4.06461954,0.160227627,266.77533,-829.442078,-16.4246845,35.7273788,-78.7011,102.944679,1423.0,721.859863,2387,244039.17515351364
2025-10-07T19:47:19.431405+00:00,491,871.953186,-8.27538586,-3.4242959,-5.87048769,1.99832916,-6.14828968,-4.06461954,0.160227627,265.199829,-830.483643,-16.383625,35.7273674,-78.7011108,102.903625,1423.0,722.11615,2387,244039.4314047985
2025-10-07T19:47:19.687656+00:00,491,872.467163,-8.39497852,-3.42724109,-5.87048769,2.01311445,-6.14828968,-4.06461954,0.160227627,263.624329,-831.525208,-16.3425674,35.7273521,-78.7011261,102.862564,1423.0,722.372375,2387,244039.68765608358
2025-10-07T19:47:19.943907+00:00,491,872.984924,-8.514431,-3.43016815,-5.87048769,2.02787375,-6.14828968,-4.06461954,0.160227627,262.048798,-832.566772,-16.3015079,35.7273369,-78.7011337,102.821503,1423.0,722.628601,2387,244039.94390736867
2025-10-07T19:47:20.200159+00:00,491,873.50647,-8.63374233,-3.43307662,-5.87048769,2.04260635,-6.14828968,-4.06461954,0.160227627,260.473297,-833.608337,-16.2604504,35.7273216,-78.701149,102.780441,1423.0,722.884888,2387,244040.20015865096
2025-10-07T19:47:20.456410+00:00,491,874.031799,-8.75291061,-3.43596697,-5.87048769,2.05731273,-6.14828968,-4.06461954,0.160227627,258.897797,-834.649902,-16.2193909,35.7273102,-78.7011566,102.739388,1423.0,723.141113,2387,244040.45640993558
2025-10-07T19:47:20.712661+00:00,491,874.560852,-8.8719368,-3.43883896,-5.87048769,2.07199264,-6.14828968,-4.06461954,0.160227627,257.322296,-835.691467,-16.1783333,35.7272949,-78.7011719,102.698326,1423.0,723.3974,2387,244040.71266122043
2025-10-07T19:47:20.968913+00:00,491,875.093689,-8.99081898,-3.44169259,-5.87048769,2.0866456,-6.14828968,-4.06461954,0.160227627,255.74678,-836.733032,-16.1372738,35.7272797,-78.7011795,102.657272,1423.0,723.653625,2387,244040.96891250528
2025-10-07T19:47:21.225164+00:00,491,875.630249,-9.1095562,-3.4445281,-5.87048769,2.10127187,-6.14828968,-4.06461954,0.160227627,254.17128,-837.774597,-16.0962162,35.7272682,-78.7011948,102.616211,1423.0,723.909851,2387,244041.2251637771
2025-10-07T19:47:21.481415+00:00,491,876.170593,-9.22814846,-3.4473455,-5.87048769,2.11587119,-6.14828968,-4.06461954,0.160227627,252.595764,-838.816162,-16.0551567,35.727253,-78.7012,102.57515,1423.0,724.166138,2387,244041.48141506195
2025-10-07T19:47:26.606441+00:00,919,840.317,-1.30146599,-0.129782498,-13.6409426,-3.24663186,-9.39724445,-0.585901618,-1.8034066,350.041626,-761.264099,-63.879528,35.7281303,-78.7003479,150.399521,4.0,2.56251287,2387,244046.60644078066
2025-10-07T19:47:26.862692+00:00,919,839.48877,-1.45606816,-0.0942072123,-13.6409426,-3.22203088,-9.40478,-0.588400126,-1.80950558,347.62326,-761.418762,-64.3505402,35.7281075,-78.7003479,150.870529,4.0,2.81876421,2387,244046.8626920655
2025-10-07T19:47:27.118943+00:00,919,838.666321,-1.61034167,-0.0590558574,-13.6409426,-3.19705892,-9.40478,-0.588400126,-1.80950558,345.213287,-761.569519,-64.8142242,35.7280884,-78.7003479,151.334229,4.0,3.07501531,2387,244047.1189433506
2025-10-07T19:47:27.375195+00:00,919,837.850281,-1.76491678,-0.0238353312,-13.6409426,-3.17201352,-9.40478,-0.588400126,-1.80950558,342.803284,-761.720337,-65.277916,35.7280655,-78.7003555,151.797913,4.0,3.33126664,2387,244047.37519463568
2025-10-07T19:47:27.631446+00:00,919,837.040649,-1.91979194,0.0114537738,-13.6409426,-3.14689517,-9.40478,-0.588400126,-1.80950558,340.393311,-761.871094,-65.7416,35.7280426,-78.7003555,152.261597,4.0,3.58751798,2387,244047.63144592053
2025-10-07T19:47:27.887697+00:00,919,836.260681,1.41761267,-1.62948883,-12.4782944,-3.28313708,4.92162275,6.04576254,3.73732734,384.444366,-741.498901,-41.3991776,35.7284393,-78.7001266,127.919174,5.0,3.84376931,2387,244047.88769720562
2025-10-07T19:47:28.143948+00:00,919,834.470947,0.780756533,-1.36404228,-11.4907236,-3.7581439,1.22423875,4.69157,2.32668471,375.306854,-743.934143,-45.2609253,35.7283592,-78.7001572,131.78093,6.0,4.10002041,2387,244048.1439484907
2025-10-07T19:47:28.400200+00:00,919,833.509,0.837626815,-1.40055227,-11.4907236,-3.7522676,1.22487879,4.69063663,2.32263589,375.621124,-742.731873,-44.6707458,35.7283592,-78.7001419,131.190735,6.0,4.35627174,2387,244048.4001997758
2025-10-07T19:47:28.656451+00:00,919,831.909,1.49082136,-1.31623042,-10.5160007,-3.83502769,3.27675629,5.92097902,1.81896913,383.318634,-736.919,-45.7148743,35.7284317,-78.7000809,132.234863,7.0,4.61252308,2387,244048.65645106087
2025-10-07T19:47:28.912702+00:00,919,830.92804,1.59040296,-1.34342325,-10.5160007,-3.82294083,3.27412319,5.91805601,1.81626475,384.153625,-735.40448,-45.252388,35.7284393,-78.700058,131.772385,7.0,4.86877441,2387,244048.9127023462
2025-10-07T19:47:29.168954+00:00,919,829.949768,1.6905328,-1.37087548,-10.5160007,-3.81230497,3.27412319,5.91805601,1.81626475,384.992615,-733.887939,-44.7869644,35.728447,-78.7000427,131.306961,7.0,5.12502575,2387,244049.16895363128
2025-10-07T19:47:29.425205+00:00,919,828.908691,1.44946706,-1.56745219,-10.9674425,-3.91549253,1.90394926,5.26476622,2.47378302,381.460938,-734.724,-41.9268761,35.7284126,-78.7000504,128.446869,8.0,5.38127708,2387,244049.42520491636
2025-10-07T19:47:29.681456+00:00,919,827.907349,1.52245772,-1.60688388,-10.9674425,-3.90715027,1.90199745,5.26213169,2.47187304,381.943726,-733.378601,-41.2964439,35.7284164,-78.7000427,127.816437,8.0,5.63752842,2387,244049.68145620168
2025-10-07T19:47:29.937707+00:00,919,826.852844,2.34384632,-2.36964321,-10.3900118,-3.79444551,4.536201,6.53844786,5.30923,392.043976,-727.378845,-30.1191769,35.728508,-78.6999741,116.639175,9.0,5.89377975,2387,244049.93770748677
2025-10-07T19:47:30.193959+00:00,919,825.836853,2.46408629,-2.67969918,-9.65718746,-3.81807733,4.43821621,6.53168106,6.13390064,393.112366,-725.819641,-25.5961761,35.7285194,-78.6999588,112.116173,10.0,6.15003061,2387,244050.19395877185
2025-10-07T19:47:30.450210+00:00,919,824.876221,2.86695647,-2.34841609,-9.81658077,-3.84319854,5.33261824,7.14255,4.4234004,397.713165,-722.03125,-30.2643642,35.7285614,-78.699913,116.784355,11.0,6.40628195,2387,244050.45021005717
2025-10-07T19:47:30.706461+00:00,919,823.836792,3.1437521,-2.24738908,-10.0149279,-3.86529589,5.71849823,7.44939375,3.74683118,400.680389,-719.139709,-31.6289635,35.7285881,-78.6998825,118.148956,12.0,6.66253328,2387,244050.7064613425
2025-10-07T19:47:30.962713+00:00,919,822.849854,3.29840803,-2.30968857,-10.0149279,-3.83759665,5.71808434,7.44857645,3.74675894,402.144745,-717.231445,-30.6692123,35.7286,-78.6998596,117.189217,12.0,6.91878462,2387,244050.96271262757
2025-10-07T19:47:31.218964+00:00,919,821.834961,2.74292564,-2.72119093,-10.2844849,-3.92615652,3.36698794,6.15052176,5.02433443,394.71875,-720.411865,-24.8304958,35.7285347,-78.6999,111.350494,13.0,7.17503595,2387,244051.2189639129
2025-10-07T19:47:31.475215+00:00,919,820.81311,2.65958381,-2.55590796,-9.84130859,-3.95546865,2.74614644,5.85503244,4.07385111,393.170105,-720.008789,-27.1802292,35.7285194,-78.6998901,113.700226,14.0,7.43128729,2387,244051.47521519798
2025-10-07T19:47:31.731466+00:00,919,819.80127,2.75393629,-2.62544584,-9.84130859,-3.94180846,2.74674582,5.85503817,4.0738883,393.873901,-718.508423,-26.136364,35.7285271,-78.6998749,112.656357,14.0,7.68753862,2387,244051.73146648283
2025-10-07T19:47:31.987718+00:00,919,818.877319,3.85116625,-2.29868698,-9.37412357,-3.81401467,5.81426239,7.61724901,2.70625067,407.07,-709.872742,-30.5753899,35.7286453,-78.6997757,117.095383,15.0,7.94379,2387,244051.98771776792
2025-10-07T19:47:32.243969+00:00,919,817.903381,4.01040268,-2.34263158,-9.37412357,-3.78740478,5.81355143,7.61670589,2.70679355,408.559174,-707.921265,-29.8815041,35.7286568,-78.6997604,116.401497,15.0,8.20004082,2387,244052.2439690502
2025-10-07T19:47:32.500220+00:00,919,817.188354,4.04924,-3.0935936,-9.57404804,-3.69316053,5.46095181,7.28177357,5.17273,408.715118,-707.377075,-19.1430264,35.7286606,-78.6997528,105.663025,16.0,8.45629215,2387,244052.50022033506
2025-10-07T19:47:32.756472+00:00,919,816.327698,4.52694273,-3.25071263,-9.45327854,-3.6219368,6.39798,7.84276295,5.4116683,414.152832,-703.268433,-16.7899494,35.7287102,-78.699707,103.309952,17.0,8.71254349,2387,244052.7564716199
2025-10-07T19:47:33.012723+00:00,919,815.393921,4.87370968,-3.33738637,-9.4712019,-3.6104157,6.85741138,8.1807766,5.38716555,417.914154,-699.982788,-15.4659443,35.7287407,-78.6996689,101.985947,18.0,8.96879482,2387,244053.01272290476
2025-10-07T19:47:33.268974+00:00,919,814.474,5.05711889,-3.43052745,-9.4712019,-3.56908202,6.85712814,8.18009758,5.38677931,419.670746,-697.886841,-14.0860348,35.7287598,-78.699646,100.606033,18.0,9.22504616,2387,244053.2689741768
2025-10-07T19:47:33.525225+00:00,919,813.564697,5.24101782,-3.52387476,-9.4712019,-3.52804542,6.85712814,8.18009758,5.38677931,421.427917,-695.790649,-12.7056656,35.728775,-78.6996231,99.2256622,18.0,9.48129749,2387,244053.52522546166
2025-10-07T19:47:33.781477+00:00,919,812.013794,4.99661589,-2.80017257,-9.26232719,-3.79639959,5.63279438,7.71915817,2.74429655,417.679016,-695.975769,-22.986536,35.7287407,-78.6996231,109.506531,19.0,9.73754883,2387,244053.78147674652
2025-10-07T19:47:34.037728+00:00,919,811.039124,5.38809109,-2.28148484,-8.89319,-3.72995806,6.26893044,8.15215874,0.943652451,421.886444,-692.01416,-30.2120895,35.7287788,-78.699585,116.732086,20.0,9.9938,2387,244054.0377280316
2025-10-07T19:47:34.293979+00:00,919,809.854248,5.47096252,-2.13216376,-8.50997543,-3.75813079,6.0239315,8.07309341,0.441986769,422.254913,-690.307312,-32.2585449,35.7287827,-78.6995621,118.778549,21.0,10.2500515,2387,244054.29397931646
2025-10-07T19:47:34.550231+00:00,919,808.708496,5.64782333,-2.06032729,-8.11237526,-3.76033235,6.04416656,8.1327343,0.216861561,423.776276,-687.983887,-33.1867142,35.7287941,-78.6995392,119.706711,22.0,10.5063028,2387,244054.55023060154
2025-10-07T19:47:34.806482+00:00,919,807.748535,5.81899,-2.05877662,-8.11237526,-3.73229742,6.04409266,8.13276196,0.217333242,425.325,-685.899963,-33.1307182,35.7288094,-78.6995163,119.650711,22.0,10.7625542,2387,244054.80648188663
2025-10-07T19:47:35.062733+00:00,919,806.603943,5.69964361,-1.86647701,-7.80330944,-3.77884793,5.26663923,7.71841478,-0.424144566,423.269928,-685.68927,-35.8149529,35.7287903,-78.6995087,122.334946,23.0,11.0188055,2387,244055.06273317148
2025-10-07T19:47:35.318984+00:00,919,805.550476,5.76390743,-1.81201601,-7.27154636,-3.76595831,5.03301525,7.5782423,-0.564898908,423.477844,-684.283936,-36.5186119,35.7287941,-78.6994934,123.038605,24.0,11.2750568,2387,244055.31898446658
2025-10-07T19:47:35.575236+00:00,919,804.617126,5.64228916,-1.91114616,-7.43849039,-3.74258018,4.30763388,7.06178188,-0.177305177,421.547913,-684.45105,-35.1128883,35.728775,-78.6995,121.632881,25.0,11.5313082,2387,244055.57523575166
2025-10-07T19:47:35.831487+00:00,919,803.684631,5.5511322,-1.713238,-7.51519203,-3.71749496,3.69448328,6.6825695,-0.872223496,419.941681,-684.196106,-37.8651733,35.7287598,-78.6994934,124.38517,26.0,11.7875595,2387,244055.83148703675
2025-10-07T19:47:36.087738+00:00,919,802.733826,5.67243576,-1.69216406,-7.51519203,-3.70327353,3.69492078,6.68309975,-0.871932447,420.888855,-682.483337,-38.088459,35.7287674,-78.6994781,124.608452,26.0,12.0438108,2387,244056.08773832183
2025-10-07T19:47:36.343990+00:00,919,801.789856,5.69126368,-1.89884317,-7.46864891,-3.67400599,3.42843,6.43929863,-0.0452840142,420.648285,-681.679138,-35.150631,35.7287674,-78.6994705,121.670624,27.0,12.3000612,2387,244056.34398960692
2025-10-07T19:47:36.600241+00:00,919,800.879333,5.71510458,-1.76326931,-7.21077585,-3.63071156,3.18687463,6.26950788,-0.531211555,420.434967,-680.641846,-36.9983063,35.7287636,-78.6994553,123.518295,28.0,12.5563126,2387,244056.600240892
2025-10-07T19:47:36.856492+00:00,919,799.933411,5.81600332,-1.65400875,-6.91212225,-3.60776758,3.16819167,6.26504898,-0.883062065,421.119,-679.023926,-38.4556465,35.7287712,-78.69944,124.975647,29.0,12.8125639,2387,244056.8564921771
2025-10-07T19:47:37.112743+00:00,919,799.009277,5.8714242,-1.42260516,-6.59836149,-3.57618189,3.0194726,6.19639206,-1.67573261,421.248,-677.667786,-41.6213226,35.7287712,-78.6994247,128.141327,30.0,13.0688152,2387,244057.1127434624
2025-10-07T19:47:37.368995+00:00,919,798.09436,5.97825384,-1.38660049,-6.59836149,-3.56436586,3.01947808,6.19664621,-1.67517889,422.021851,-676.079834,-42.0503349,35.7287788,-78.6994095,128.570328,30.0,13.3250666,2387,244057.3689947575
2025-10-07T19:47:37.625246+00:00,919,797.216431,6.25052166,-1.2327193,-6.64432526,-3.51876807,3.49443483,6.51023531,-2.11713171,424.735382,-673.209473,-44.0794716,35.7288055,-78.6993713,130.599472,31.0,13.5813179,2387,244057.62524604282
2025-10-07T19:47:37.881497+00:00,919,796.349304,6.2125206,-1.06977189,-6.52454901,-3.49430203,3.04768229,6.23492289,-2.58162189,423.789856,-672.629639,-46.3011284,35.7287941,-78.6993713,132.821121,32.0,13.8375692,2387,244057.8814973279
2025-10-07T19:47:38.137749+00:00,919,795.507935,6.49427032,-1.31294322,-6.33893204,-3.46167326,3.56436944,6.47163725,-1.43439531,426.700775,-670.019531,-42.816143,35.7288208,-78.6993408,129.336136,33.0,14.0938206,2387,244058.137748613
2025-10-07T19:47:38.394000+00:00,919,794.53064,6.55681038,-1.10547936,-6.18777704,-3.47542191,3.38474488,6.43538141,-2.11194348,426.863281,-668.569763,-45.6208687,35.7288246,-78.6993256,132.140869,34.0,14.3500719,2387,244058.3939998983
2025-10-07T19:47:38.650251+00:00,919,793.641968,6.67292309,-1.0606612,-6.18777704,-3.4608047,3.38470411,6.43535185,-2.11186504,427.730591,-666.920654,-46.1619835,35.7288322,-78.6993,132.681976,34.0,14.6063232,2387,244058.65025118363
2025-10-07T19:47:38.906502+00:00,919,792.776,6.74729538,-1.51652062,-5.77453709,-3.4421823,3.30372739,6.23296213,-0.18705979,428.2229,-665.984375,-39.7965698,35.7288361,-78.699295,126.316566,35.0,14.8625746,2387,244058.90650246895
2025-10-07T19:47:39.162754+00:00,919,791.97229,7.05678463,-1.88721,-5.24824095,-3.37221432,3.90686774,6.50051785,1.29768848,431.435822,-663.241,-34.5639496,35.7288628,-78.6992645,121.083939,36.0,15.1188259,2387,244059.16275375403
2025-10-07T19:47:39.419005+00:00,919,791.078369,7.11477375,-1.85600197,-5.0924654,-3.37926984,3.69594979,6.38990736,1.09175098,431.615753,-662.036255,-34.9411354,35.7288666,-78.6992493,121.461136,37.0,15.3750772,2387,244059.41900503912
2025-10-07T19:47:39.675256+00:00,919,790.135864,7.24509239,-1.80225253,-5.06389046,-3.3953681,3.70286703,6.44565153,0.815468311,432.598633,-660.231201,-35.6077652,35.7288742,-78.699234,122.127762,38.0,15.6313286,2387,244059.6752563242
2025-10-07T19:47:39.931508+00:00,919,789.267639,7.36868334,-1.81235731,-5.06389046,-3.38092041,3.70286846,6.44562244,0.815433145,433.547455,-658.579468,-35.3988953,35.7288818,-78.6992111,121.9189,38.0,15.8875799,2387,244059.9315076093
2025-10-07T19:47:40.187759+00:00,919,788.458313,7.09117174,-1.67056251,-5.16991043,-3.3755877,2.52049303,5.66563416,0.16855529,429.888397,-659.897949,-37.3799629,35.7288513,-78.6992264,123.899956,39.0,16.1438313,2387,244060.18775889438
2025-10-07T19:47:40.444010+00:00,919,787.648315,6.96578693,-1.43157351,-5.351089,-3.36063743,1.8525182,5.26151943,-0.805367,427.961578,-659.989502,-40.6528664,35.7288322,-78.6992264,127.172867,40.0,16.4000816,2387,244060.44401017946
2025-10-07T19:47:40.700261+00:00,919,786.798401,7.0626955,-1.43886375,-5.70668364,-3.34642649,1.90236628,5.27896738,-0.695594668,428.617218,-658.559,-40.4855499,35.7288399,-78.6992111,127.005539,41.0,16.6563339,2387,244060.70026146455
2025-10-07T19:47:40.956513+00:00,919,785.822449,7.2602911,-1.49805295,-5.3661952,-3.36173391,2.23610067,5.51453257,-0.382833868,430.365051,-656.305237,-39.5763588,35.7288551,-78.6991882,126.096359,42.0,16.9125843,2387,244060.95651274963
2025-10-07T19:47:41.212764+00:00,919,784.962,7.35165787,-1.48606539,-5.3661952,-3.35390186,2.23600888,5.51458263,-0.382862687,430.938049,-654.892151,-39.6744385,35.7288589,-78.699173,126.194443,42.0,17.1688366,2387,244061.2127640324
2025-10-07T19:47:41.469015+00:00,919,784.075256,7.53905058,-1.54893637,-4.95608,-3.32258892,2.53191495,5.67380428,-0.0855108872,432.601929,-652.786438,-38.7237358,35.7288742,-78.6991501,125.243729,43.0,17.425087,2387,244061.46901531724
2025-10-07T19:47:41.725267+00:00,919,783.205,7.673563,-1.6083436,-4.4103241,-3.28921986,2.65780425,5.71698046,0.170978397,433.662842,-651.087646,-37.8358955,35.7288857,-78.6991272,124.355888,44.0,17.6813393,2387,244061.7252666021
2025-10-07T19:47:41.981518+00:00,919,782.448547,8.02808666,-1.68979883,-4.1603713,-3.21154761,3.41466069,6.15455246,0.5181247,437.277283,-647.823242,-36.5975838,35.7289162,-78.6991,123.117584,45.0,17.9375896,2387,244061.98151788718
2025-10-07T19:47:42.237769+00:00,919,781.620178,7.99791622,-1.80237699,-4.01535463,-3.21116543,2.9949832,5.84562445,0.927288234,436.488312,-647.441772,-35.0327644,35.7289085,-78.6990891,121.552765,46.0,18.1938419,2387,244062.23776915923
2025-10-07T19:47:42.494020+00:00,919,780.798706,8.10637093,-1.8150388,-4.01535463,-3.20025897,2.99487591,5.84576225,0.926864147,437.255707,-645.943787,-34.795475,35.7289162,-78.6990738,121.315468,46.0,18.4500923,2387,244062.4940204443
2025-10-07T19:47:42.750272+00:00,919,779.941101,8.14615345,-1.87151694,-4.14335346,-3.2103312,2.79067016,5.71636438,1.09381175,437.23056,-644.967468,-33.9789772,35.7289162,-78.6990585,120.498978,47.0,18.7063446,2387,244062.75027172916
2025-10-07T19:47:43.006523+00:00,919,779.145752,8.29550838,-1.69477546,-4.06248617,-3.18873978,2.91296434,5.83083344,0.333677,438.441589,-643.054443,-36.3057785,35.7289276,-78.6990433,122.825775,48.0,18.962595,2387,244063.00652301425
2025-10-07T19:47:43.262774+00:00,919,778.477661,8.70944786,-1.92361951,-3.82215643,-3.09691119,3.82946134,6.35596466,1.26502943,442.728729,-639.473145,-33.0586433,35.7289658,-78.699,119.578636,49.0,19.2188473,2387,244063.26277429934
2025-10-07T19:47:43.519026+00:00,919,777.604126,8.81700134,-2.0443325,-3.65885782,-3.11951947,3.75595808,6.33066,1.66938245,443.442749,-637.999634,-31.3558407,35.7289734,-78.6989822,117.875839,50.0,19.4750977,2387,244063.51902558442
2025-10-07T19:47:43.775277+00:00,919,776.806702,8.94421101,-2.0709517,-3.65885782,-3.10387135,3.7557478,6.33046579,1.66886055,444.405029,-636.377502,-30.9284439,35.728981,-78.698967,117.448441,50.0,19.731348,2387,244063.7752768695
2025-10-07T19:47:44.031528+00:00,919,775.960815,9.01428223,-2.11243463,-3.56015587,-3.11257792,3.58348775,6.22923899,1.72257149,444.701935,-635.166504,-30.3142872,35.7289848,-78.6989517,116.834282,51.0,19.9876,2387,244064.0315281546
2025-10-07T19:47:44.287779+00:00,919,775.171082,9.04654694,-2.1984818,-3.36851358,-3.09846067,3.32734537,6.02938366,1.94623423,444.612885,-634.32019,-29.1115017,35.7289848,-78.6989441,115.6315,52.0,20.2438507,2387,244064.28777943944
2025-10-07T19:47:44.544031+00:00,919,774.453735,9.35387325,-2.24320269,-3.36853027,-3.03572154,3.88317204,6.38604879,2.01319575,447.598022,-631.370239,-28.3952751,35.7290115,-78.6989136,114.915268,53.0,20.500103,2387,244064.5440307243
2025-10-07T19:47:44.800282+00:00,919,773.71283,9.17810059,-2.55895877,-3.53757405,-3.02737331,3.01851773,5.71098089,3.11425018,445.244,-632.302,-24.1565304,35.7289886,-78.6989212,110.676529,54.0,20.7563534,2387,244064.80028200915
2025-10-07T19:47:45.056533+00:00,919,772.938843,9.28873253,-2.61403847,-3.53757405,-3.01335,3.01883149,5.71122408,3.11349177,446.017731,-630.838379,-23.3591118,35.7289963,-78.6989059,109.879105,54.0,21.0126057,2387,244065.056533294
2025-10-07T19:47:45.312785+00:00,919,772.175964,9.24302292,-2.25976849,-3.7540431,-3.02984357,2.56270552,5.4546175,1.48073149,445.063507,-630.383667,-28.1195908,35.7289886,-78.6989,114.639587,55.0,21.268856,2387,244065.3127845791
2025-10-07T19:47:45.569036+00:00,919,771.442261,9.57610798,-2.14707589,-3.69527531,-2.99411368,3.21474576,5.9357357,0.963943124,448.288177,-627.128235,-29.5154152,35.7290154,-78.6988678,116.035408,56.0,21.5251083,2387,244065.56903586394
2025-10-07T19:47:45.825287+00:00,919,770.662109,9.53901768,-2.10608578,-3.76714635,-3.00443363,2.77985692,5.64326715,0.739295065,447.426056,-626.759277,-30.0468578,35.7290077,-78.6988602,116.566849,57.0,21.7813587,2387,244065.82528714903
2025-10-07T19:47:46.081538+00:00,919,769.880676,9.80622864,-2.06384873,-3.74249077,-2.9936316,3.2209444,5.98864794,0.551335275,449.885712,-624.01,-30.5073471,35.7290306,-78.6988297,117.027344,58.0,22.037611,2387,244066.08153843388
2025-10-07T19:47:46.337790+00:00,919,769.115173,9.92317772,-2.06963682,-3.74249077,-2.98102331,3.22085762,5.98846722,0.551677942,450.711,-622.475525,-30.3657589,35.7290382,-78.6988144,116.885757,58.0,22.2938614,2387,244066.33778971896
2025-10-07T19:47:46.594041+00:00,919,768.33844,10.2335939,-2.08858514,-3.71117,-2.97218776,3.74006796,6.39580297,0.619473875,453.621368,-619.412842,-29.9908943,35.7290649,-78.6987762,116.510895,59.0,22.5501137,2387,244066.59404100382
2025-10-07T19:47:46.850292+00:00,919,767.569641,10.4752569,-2.0997777,-3.62703276,-2.96513844,4.0317235,6.63702154,0.646586835,455.775421,-616.885376,-29.7396431,35.729084,-78.6987534,116.259644,60.0,22.8063641,2387,244066.8502922889
2025-10-07T19:47:47.106544+00:00,919,766.844727,10.4372349,-1.89476013,-3.77542114,-2.9676168,3.53748441,6.31187105,-0.189895898,454.918671,-616.478638,-32.463871,35.7290764,-78.6987457,118.983871,61.0,23.0626163,2387,244067.106543574
2025-10-07T19:47:47.362795+00:00,919,766.023499,10.6577291,-1.82489693,-3.82135916,-2.9802947,3.77364635,6.5479064,-0.414805651,456.792908,-614.022522,-33.2962418,35.7290916,-78.6987228,119.816238,62.0,23.3188667,2387,244067.36279485907
2025-10-07T19:47:47.619046+00:00,919,765.261963,10.7905931,-1.81147432,-3.82135916,-2.96386409,3.77371311,6.54766321,-0.414352357,457.759857,-612.344727,-33.4021645,35.7291031,-78.6987,119.922165,62.0,23.575119,2387,244067.61904614416
2025-10-07T19:47:47.875297+00:00,919,764.435364,10.9294081,-1.74769485,-3.79538083,-2.97120523,3.77629304,6.59152126,-0.606018603,458.740417,-610.533203,-34.1738625,35.7291107,-78.6986847,120.693863,63.0,23.8313694,2387,244067.87529742924
2025-10-07T19:47:48.131549+00:00,919,763.664856,11.0879917,-1.56716418,-3.71425748,-2.94218254,3.84297395,6.67085695,-1.23307538,459.943451,-608.526306,-36.4939346,35.7291222,-78.6986618,123.013931,64.0,24.0876217,2387,244068.13154872434
2025-10-07T19:47:48.387800+00:00,919,762.959167,11.2961502,-1.24828339,-3.48728275,-2.89005518,4.03218746,6.86707211,-2.34547091,461.676147,-606.061584,-40.6356621,35.7291374,-78.6986313,127.155655,65.0,24.3438721,2387,244068.38780000943
2025-10-07T19:47:48.644051+00:00,919,762.187927,11.551466,-1.15115321,-3.53929543,-2.87799764,4.32320356,7.13388157,-2.50966215,463.889557,-603.315247,-41.8046761,35.7291565,-78.6986,128.324677,66.0,24.6001225,2387,244068.64405129474
2025-10-07T19:47:48.900303+00:00,919,761.453369,11.700141,-1.09614098,-3.53929543,-2.8552146,4.32300949,7.13365126,-2.50902295,464.997223,-601.487366,-42.4472466,35.7291679,-78.6985779,128.967239,66.0,24.8563747,2387,244068.90030257983
2025-10-07T19:47:49.156554+00:00,919,760.742493,11.9690313,-1.23238027,-3.77964497,-2.83063579,4.64576387,7.34047222,-1.75098276,467.410156,-598.845032,-40.5161705,35.729187,-78.698555,127.036163,67.0,25.1126251,2387,244069.1565538626
2025-10-07T19:47:49.412805+00:00,919,760.022949,12.1584339,-1.4215486,-3.83167171,-2.814466,4.73686266,7.35998392,-0.85530144,468.978577,-596.872437,-37.911541,35.7292023,-78.6985321,124.431534,68.0,25.3688774,2387,244069.41280514744
2025-10-07T19:47:49.669056+00:00,919,759.372253,12.2158985,-1.12037277,-4.16925859,-2.77549982,4.46251965,7.18939257,-1.944543,469.123352,-595.666443,-41.8453827,35.7292023,-78.6985168,128.365372,69.0,25.6251278,2387,244069.66905643253
2025-10-07T19:47:49.925308+00:00,919,758.610535,12.3223515,-1.13941121,-4.28031874,-2.77825761,4.33739185,7.09491491,-1.70346308,469.76355,-594.212463,-41.5171356,35.7292099,-78.6985,128.037125,70.0,25.8813801,2387,244069.92530771738
2025-10-07T19:47:50.181559+00:00,919,757.901367,12.4726038,-1.09969079,-4.28031874,-2.75644732,4.33752489,7.09495211,-1.70335543,470.875092,-592.394348,-41.9535904,35.7292213,-78.6984787,128.473587,70.0,26.1376305,2387,244070.18155900246
2025-10-07T19:47:50.437810+00:00,919,757.230347,12.749773,-1.06422412,-4.49172306,-2.70165133,4.67185879,7.34093809,-1.67636275,473.314941,-589.561,-42.2926178,35.7292404,-78.6984482,128.812607,71.0,26.3938828,2387,244070.43781028755
2025-10-07T19:47:50.694062+00:00,919,756.525818,12.8701401,-0.983166099,-4.65486145,-2.68034172,4.57401514,7.272295,-1.83689702,474.096863,-587.954285,-43.2813,35.729248,-78.6984329,129.8013,72.0,26.6501331,2387,244070.69406157263
2025-10-07T19:47:50.950313+00:00,919,755.842041,13.0269575,-0.940448761,-4.65486145,-2.65669346,4.57388973,7.27230263,-1.83675396,475.26889,-586.09082,-43.7519,35.7292595,-78.69841,130.271896,72.0,26.9063854,2387,244070.9503128575
2025-10-07T19:47:51.206564+00:00,919,755.190308,13.299324,-0.852682114,-5.05155325,-2.6191926,4.84901762,7.51506948,-1.99162161,477.624542,-583.251526,-44.7761803,35.7292824,-78.6983795,131.296173,73.0,27.1626358,2387,244071.20656414257
2025-10-07T19:47:51.462815+00:00,919,754.522461,13.4638243,-0.806558967,-5.05155325,-2.59294963,4.84884405,7.51484203,-1.99140954,478.866852,-581.326,-45.2863,35.72929,-78.6983566,131.80629,73.0,27.4188881,2387,244071.46281542766
2025-10-07T19:47:51.719067+00:00,919,753.848877,13.4762907,-0.731583834,-5.72368813,-2.59748,4.47677755,7.22952509,-2.10475421,478.547913,-580.64032,-46.2258835,35.72929,-78.698349,132.74588,74.0,27.6751385,2387,244071.71906671274
2025-10-07T19:47:51.975318+00:00,919,753.322754,12.7078762,-0.554692209,-5.93969822,-2.6050055,2.34143376,5.44247437,-2.62557411,470.321594,-586.441833,-48.7732086,35.7292137,-78.6984177,135.293213,75.0,27.9313908,2387,244071.97531799783
2025-10-07T19:47:52.231569+00:00,919,752.656555,12.8086853,-0.497554392,-5.93969822,-2.59294438,2.34332275,5.44387245,-2.62497258,470.923096,-585.045715,-49.4454155,35.7292213,-78.6984,135.965408,75.0,28.1876411,2387,244072.23156928035
2025-10-07T19:47:52.487821+00:00,919,751.958557,13.0310593,-0.678362846,-6.12642431,-2.57103491,2.64409709,5.6089406,-1.82283366,472.806976,-582.829468,-46.9580231,35.7292366,-78.6983719,133.478027,76.0,28.4438934,2387,244072.48782056544
2025-10-07T19:47:52.744072+00:00,919,751.301147,13.1392946,-0.636705518,-6.12642431,-2.55922055,2.64461088,5.60964,-1.82321513,473.485229,-581.391418,-47.4255486,35.7292442,-78.6983566,133.945541,76.0,28.7001438,2387,244072.7440718503
2025-10-07T19:47:53.000323+00:00,919,750.7323,13.5350056,-0.857659,-6.31313419,-2.49952888,3.30302191,6.04786539,-0.949741662,477.193298,-577.855713,-44.3662605,35.7292747,-78.6983185,130.886261,77.0,28.9563961,2387,244073.00032313514
2025-10-07T19:47:53.256574+00:00,919,750.088257,13.9151382,-1.04825079,-6.16449594,-2.47121167,3.8593688,6.47479582,-0.241556033,480.654236,-574.338257,-41.7063026,35.7293091,-78.6982803,128.226288,78.0,29.2126465,2387,244073.25657442023
2025-10-07T19:47:53.512826+00:00,919,749.457214,14.0542421,-1.03700078,-6.16449594,-2.45389533,3.85862899,6.47432613,-0.2428682,481.642609,-572.679504,-41.7693138,35.7293167,-78.6982651,128.289307,78.0,29.4688969,2387,244073.51282570508
2025-10-07T19:47:53.769077+00:00,919,748.737549,14.3730459,-1.0265516,-6.11338091,-2.46211457,4.20901346,6.83418894,-0.22707063,484.361328,-569.437256,-41.7525787,35.7293396,-78.6982269,128.272583,79.0,29.7251492,2387,244073.76907699017
2025-10-07T19:47:54.025328+00:00,919,748.109314,14.5225801,-1.01524854,-6.11338091,-2.44179368,4.20865154,6.83350754,-0.227614477,485.439331,-567.686523,-41.8113403,35.729351,-78.698204,128.331329,79.0,29.9814,2387,244074.02532827502
2025-10-07T19:47:54.281580+00:00,919,747.465393,14.1959372,-1.00699472,-6.24680281,-2.49830413,3.19082046,5.99260378,-0.257519424,481.770813,-569.94519,-41.9991074,35.7293167,-78.6982346,128.519104,80.0,30.2376518,2387,244074.2815795573
2025-10-07T19:47:54.537831+00:00,919,746.887817,13.9271059,-0.889169633,-6.4026103,-2.49801731,2.36867571,5.29551172,-0.634055674,478.68988,-571.661621,-43.5938,35.72929,-78.6982498,130.1138,81.0,30.4939022,2387,244074.53783084193
2025-10-07T19:47:54.794082+00:00,919,746.268311,13.970212,-0.95872438,-6.33384752,-2.48560691,2.25559068,5.16731119,-0.355651677,478.738495,-570.883362,-42.6385117,35.72929,-78.6982422,129.158508,82.0,30.7501545,2387,244074.79408212678
2025-10-07T19:47:55.050333+00:00,919,745.951904,14.5353155,-1.80592024,-6.33983707,-2.34778833,3.32282,5.79417944,2.48490763,484.277679,-566.50946,-31.4085464,35.7293396,-78.6982,117.928543,83.0,31.0064049,2387,244075.05033341164
2025-10-07T19:47:55.306585+00:00,919,745.352295,14.660533,-1.84943366,-6.33983707,-2.33220983,3.3225739,5.79404211,2.48327613,485.129,-565.024719,-30.7730103,35.7293472,-78.6981812,117.293007,83.0,31.2626572,2387,244075.30658468345
2025-10-07T19:47:55.562836+00:00,919,744.721252,14.9528141,-2.00217295,-6.44732428,-2.34920955,3.64220071,6.12546158,2.85895801,487.604218,-562.166,-28.6582165,35.7293701,-78.698143,115.178215,84.0,31.5189075,2387,244075.5628359683
2025-10-07T19:47:55.819087+00:00,919,744.121765,15.0878201,-2.05296087,-6.44732428,-2.33022,3.6421628,6.12471533,2.85759187,488.537231,-560.596741,-27.9269714,35.7293777,-78.6981277,114.446968,84.0,31.7751598,2387,244075.81908725316
2025-10-07T19:47:56.075339+00:00,919,743.527039,15.2230835,-2.10389662,-6.44732428,-2.31176949,3.6421628,6.12471533,2.85759187,489.47052,-559.027283,-27.1947098,35.7293892,-78.6981125,113.714706,84.0,32.0314102,2387,244076.075338538
2025-10-07T19:47:56.331590+00:00,919,742.75354,14.8694773,-1.63642061,-6.38110447,-2.43779683,2.53718829,5.35629511,1.10130656,485.470276,-561.15,-33.3481674,35.729351,-78.6981354,119.868164,85.0,32.2876625,2387,244076.33158982286
2025-10-07T19:47:56.587841+00:00,919,742.130737,14.9774714,-1.65327239,-6.38110447,-2.42622375,2.53911614,5.35641909,1.10386717,486.122253,-559.776733,-33.0630608,35.7293587,-78.6981201,119.583054,85.0,32.5439148,2387,244076.58784110795
2025-10-07T19:47:56.844092+00:00,919,741.49939,15.2709398,-1.80718982,-6.23309803,-2.39335084,2.93497443,5.67425203,1.5709,488.584625,-556.910522,-30.9383106,35.7293777,-78.6980896,117.458305,86.0,32.8001633,2387,244076.8440923928
2025-10-07T19:47:57.100344+00:00,919,741.207703,14.9811106,-2.75897217,-6.0828,-2.27255964,2.19457865,4.76243448,4.51581,485.576843,-559.690308,-18.7313042,35.729351,-78.6981201,105.251297,87.0,33.0564156,2387,244077.10034367788
2025-10-07T19:47:57.356595+00:00,919,740.627197,15.0784721,-2.84445071,-6.0828,-2.25789785,2.19519782,4.76324081,4.51213932,486.139801,-558.469238,-17.5770874,35.7293587,-78.6981049,104.097084,87.0,33.3126678,2387,244077.3565949625
2025-10-07T19:47:57.612846+00:00,919,739.841614,15.3385277,-2.43717051,-6.02858114,-2.33438015,2.47755,5.16797,2.90093446,488.167908,-555.465271,-22.7182312,35.7293739,-78.6980743,109.238228,88.0,33.5689201,2387,244077.61284624736
2025-10-07T19:47:57.869098+00:00,919,739.245056,15.4449177,-2.490381,-6.02858114,-2.32171631,2.47773242,5.16779804,2.90114164,488.802887,-554.14093,-21.9747257,35.7293816,-78.6980591,108.494728,88.0,33.8251686,2387,244077.8690975322
2025-10-07T19:47:58.125349+00:00,919,738.555969,15.6330099,-2.17934561,-5.9490943,-2.31158257,2.64963436,5.36786318,1.68959355,490.162445,-551.84729,-25.890007,35.729393,-78.6980362,112.41,89.0,34.0814209,2387,244078.12534881683
2025-10-07T19:47:58.381600+00:00,919,737.953308,16.1207504,-1.90943873,-5.75556898,-2.23009539,3.45921302,6.09661722,0.716431499,494.43,-547.050171,-29.1577644,35.7294312,-78.6979828,115.677765,90.0,34.3376732,2387,244078.38160010168
2025-10-07T19:47:58.637851+00:00,919,737.383789,16.253521,-1.91822565,-5.75556898,-2.21519327,3.45786262,6.09608221,0.719130456,495.315369,-545.488953,-28.971714,35.7294388,-78.6979599,115.491714,90.0,34.5939217,2387,244078.63785138653
2025-10-07T19:47:58.894103+00:00,919,736.714905,16.5426769,-1.68126297,-5.53417587,-2.1686554,3.80600977,6.44469595,-0.115363948,497.595245,-542.339111,-31.8772602,35.7294617,-78.6979294,118.397263,91.0,34.850174,2387,244078.8941026714
2025-10-07T19:47:59.150354+00:00,919,736.161133,16.6852837,-1.67295599,-5.53417587,-2.15178561,3.80468512,6.44470644,-0.113362245,498.569427,-540.688293,-31.9046249,35.7294693,-78.6979065,118.424622,91.0,35.1064262,2387,244079.15035395624
2025-10-07T19:47:59.406605+00:00,919,735.804504,17.2814217,-1.64059734,-5.64083815,-1.99105334,4.83382845,7.2989006,-0.169211566,503.927948,-535.197571,-32.0696907,35.7295189,-78.6978455,118.589691,92.0,35.3626785,2387,244079.4066052411
2025-10-07T19:47:59.662857+00:00,919,735.265076,17.4830818,-1.48701978,-5.92971897,-1.98069966,4.88218594,7.40547037,-0.667475402,505.424225,-532.925476,-33.9335098,35.7295303,-78.6978226,120.453506,93.0,35.618927,2387,244079.66285652618
2025-10-07T19:47:59.919108+00:00,919,734.760681,17.6551,-1.4665277,-5.92971897,-1.95467651,4.88124,7.40477133,-0.666412532,506.674347,-531.028625,-34.1034241,35.7295418,-78.6978,120.623421,93.0,35.8751793,2387,244079.91910781103
2025-10-07T19:48:00.175359+00:00,919,734.08606,17.7785606,-1.35624754,-5.94883776,-2.01645923,4.71644974,7.38160229,-0.974061966,507.339111,-529.371216,-35.4328461,35.7295494,-78.6977844,121.952843,94.0,36.1314316,2387,244080.1753591059
2025-10-07T19:48:00.431610+00:00,919,733.572754,17.9481735,-1.32946193,-5.94883776,-1.99029708,4.71650505,7.38098335,-0.973291159,508.547394,-527.480164,-35.6815224,35.7295609,-78.6977615,122.201523,94.0,36.3876839,2387,244080.43161039098
2025-10-07T19:48:00.687862+00:00,919,732.981262,18.3260822,-1.078444,-5.63989925,-1.9815799,5.11028385,7.89589167,-1.72664702,511.570038,-523.507141,-38.703125,35.7295876,-78.6977158,125.223122,95.0,36.6439323,2387,244080.68786167607
2025-10-07T19:48:00.944113+00:00,919,732.386047,18.7297573,-1.12514019,-5.26788,-1.97714829,5.53499651,8.37391853,-1.38805699,514.844,-519.507507,-37.9078789,35.7296143,-78.6976776,124.427872,96.0,36.9001846,2387,244080.94411296092
2025-10-07T19:48:01.200364+00:00,919,731.884094,18.925705,-1.0887686,-5.26788,-1.94222665,5.53436136,8.37276936,-1.3877089,516.261475,-517.362915,-38.2631607,35.7296295,-78.6976547,124.783157,96.0,37.1564369,2387,244081.2003642432
2025-10-07T19:48:01.456616+00:00,919,731.346375,18.8378925,-0.748591781,-5.39818048,-1.98077416,4.88435698,7.86455917,-2.48193359,515.019714,-517.500793,-42.6051941,35.7296181,-78.6976547,129.125183,97.0,37.4126892,2387,244081.45661552806
2025-10-07T19:48:01.712867+00:00,919,730.843079,19.0170937,-0.690492094,-5.39818048,-1.949247,4.88502,7.86414289,-2.48063016,516.271729,-515.485657,-43.2396927,35.7296295,-78.6976318,129.759689,97.0,37.6689377,2387,244081.71286681292
2025-10-07T19:48:01.969118+00:00,919,730.342285,19.0251312,-0.567312658,-5.83248615,-1.95755827,4.50193691,7.52386808,-2.7238512,515.960388,-514.956421,-44.773098,35.7296257,-78.6976242,131.293091,98.0,37.92519,2387,244081.96911809754
2025-10-07T19:48:02.225369+00:00,919,729.988525,19.5148888,-1.01585019,-5.90240049,-1.88572,5.20664549,8.06841087,-0.9028157,520.203186,-510.649902,-38.8403282,35.7296638,-78.6975784,125.360329,99.0,38.1814423,2387,244082.2253693824
2025-10-07T19:48:02.481621+00:00,919,729.509277,19.7033825,-0.989113867,-5.90240049,-1.85392392,5.20652294,8.06791306,-0.90472132,521.537109,-508.58255,-39.0731773,35.7296753,-78.6975555,125.59317,99.0,38.4376945,2387,244082.48162066747
2025-10-07T19:48:02.737872+00:00,919,728.825623,19.8204594,-0.826091945,-5.81813478,-1.94109368,4.97114134,8.02263355,-1.38421583,522.055969,-506.911102,-41.0551338,35.7296829,-78.6975327,127.575134,100.0,38.693943,2387,244082.73787195233
2025-10-07T19:48:02.994123+00:00,919,728.332397,20.0051498,-0.789570808,-5.81813478,-1.90948343,4.97164774,8.0218668,-1.38456416,523.329773,-504.855652,-41.41008,35.7296944,-78.6975098,127.930077,100.0,38.9501953,2387,244082.99412323718
2025-10-07T19:48:03.250375+00:00,919,727.85675,19.8978882,-0.565328121,-6.08116293,-1.93317652,4.33831644,7.44687128,-2.06459761,521.987427,-505.316376,-44.2718735,35.7296791,-78.6975174,130.79187,101.0,39.2064476,2387,244083.25037452203
2025-10-07T19:48:03.506626+00:00,919,727.406738,20.1463833,-0.208176762,-6.32267523,-1.8816148,4.47202969,7.68665791,-3.10349131,523.757629,-502.425018,-48.6582,35.7297,-78.6974869,135.178192,102.0,39.4626961,2387,244083.50662580712
2025-10-07T19:48:03.762877+00:00,919,726.928467,20.3186016,-0.136936277,-6.32267523,-1.85126984,4.47254324,7.68654871,-3.10157,524.90387,-500.455292,-49.451664,35.7297058,-78.697464,135.971664,102.0,39.7189484,2387,244083.76287709197
2025-10-07T19:48:04.019128+00:00,919,726.323608,20.0653496,-0.156922787,-6.20589733,-1.93374097,3.59577847,6.81241083,-2.84015656,522.24884,-502.36908,-49.2690849,35.7296829,-78.6974869,135.789078,103.0,39.9752,2387,244084.01912837705
2025-10-07T19:48:04.275380+00:00,919,725.831116,20.213,-0.0915886387,-6.20589733,-1.91074324,3.59686089,6.8127594,-2.83965445,523.171082,-500.622772,-49.9962463,35.7296906,-78.697464,136.516235,103.0,40.2314529,2387,244084.2753796619
2025-10-07T19:48:04.531631+00:00,919,725.327332,20.2706509,-0.0167792719,-6.34998798,-1.9031322,3.41452122,6.63179398,-2.88130045,523.288452,-499.680023,-50.8803978,35.7296906,-78.6974564,137.400391,104.0,40.4877,2387,244084.531630947
2025-10-07T19:48:04.787882+00:00,919,724.785095,20.4924831,-0.13491042,-6.55760336,-1.9030019,3.57711554,6.77161,-2.26002169,524.873779,-497.388123,-49.2546425,35.7297058,-78.6974335,135.774643,105.0,40.7439537,2387,244084.78788223208
2025-10-07T19:48:05.044134+00:00,919,724.300232,20.6402092,-0.0811029524,-6.55760336,-1.88162255,3.57723498,6.77166939,-2.26070881,525.790588,-495.652802,-49.834343,35.7297134,-78.6974106,136.35434,105.0,41.000206,2387,244085.04413351716
2025-10-07T19:48:05.300385+00:00,919,723.820801,20.7881241,-0.027254289,-6.55760336,-1.86029518,3.57723498,6.77166939,-2.26070881,526.707214,-493.917572,-50.4136543,35.7297211,-78.6973953,136.933655,105.0,41.2564583,2387,244085.30038480202
2025-10-07T19:48:05.556636+00:00,919,723.346863,20.9362335,0.026665533,-6.55760336,-1.8389256,3.57723498,6.77166939,-2.26070881,527.623901,-492.182312,-50.9929619,35.7297325,-78.6973724,137.512955,105.0,41.5127068,2387,244085.55663608687
2025-10-07T19:48:05.812887+00:00,919,723.030762,21.3297558,-0.313597262,-6.58376026,-1.74638,4.09833097,7.13137245,-0.99520421,530.88269,-488.644775,-46.5116158,35.7297592,-78.6973343,133.031616,106.0,41.768959,2387,244085.81288737172
2025-10-07T19:48:06.069139+00:00,919,722.522949,21.8473663,-0.633855224,-6.5441041,-1.70522046,4.75535345,7.79513788,0.121692099,535.00061,-483.768372,-42.2134399,35.7297974,-78.6972809,128.733429,107.0,42.0252113,2387,244086.06913865657
2025-10-07T19:48:06.325390+00:00,919,722.089783,22.0294819,-0.627295673,-6.5441041,-1.67687631,4.75370359,7.79392767,0.11790479,536.217529,-481.772552,-42.1862183,35.7298088,-78.697258,128.706207,107.0,42.2814636,2387,244086.32538994143
2025-10-07T19:48:06.581641+00:00,919,721.56665,22.3985939,-0.592147946,-6.51171875,-1.66267622,5.05410767,8.2048893,0.0492933951,538.921448,-477.935425,-42.4247704,35.7298317,-78.6972122,128.944763,108.0,42.5377121,2387,244086.58164122628
2025-10-07T19:48:06.837893+00:00,919,721.144775,22.5915413,-0.583817184,-6.51171875,-1.63059866,5.05330038,8.20396328,0.0481325053,540.215332,-475.834229,-42.4136429,35.7298431,-78.6971893,128.93364,108.0,42.7939644,2387,244086.83789251136
2025-10-07T19:48:07.094144+00:00,919,720.731,22.784832,-0.575561523,-6.51171875,-1.59852493,5.05330038,8.20396328,0.0481325053,541.510254,-473.731964,-42.4013062,35.7298546,-78.6971664,128.921295,108.0,43.0502167,2387,244087.09414379622
2025-10-07T19:48:07.350395+00:00,919,720.357,23.0592957,-0.469523847,-7.33252716,-1.55095959,5.18460894,8.3801,-0.239010021,543.472473,-470.80014,-43.578167,35.7298737,-78.6971359,130.098175,109.0,43.306469,2387,244087.35039508107
2025-10-07T19:48:07.606646+00:00,919,719.964,23.2571468,-0.455161303,-7.33252716,-1.51714826,5.18400908,8.37922668,-0.238770127,544.8,-468.654236,-43.6393471,35.7298851,-78.697113,130.159332,109.0,43.5627174,2387,244087.60664636616
2025-10-07T19:48:07.862898+00:00,919,719.617859,23.5630455,-0.401079386,-7.84057331,-1.46622646,5.35781193,8.59585762,-0.342822701,547.026245,-465.470886,-44.147789,35.729908,-78.6970749,130.667786,110.0,43.8189697,2387,244087.86289765124
2025-10-07T19:48:08.119149+00:00,919,719.246765,23.7669411,-0.384354413,-7.84057331,-1.43026805,5.35730743,8.59498501,-0.342272282,548.398254,-463.26944,-44.2349968,35.7299194,-78.697052,130.75499,110.0,44.075222,2387,244088.1191489361
2025-10-07T19:48:08.375400+00:00,919,718.884827,23.9711514,-0.367563784,-7.84057331,-1.39438295,5.35730743,8.59498501,-0.342272282,549.771057,-461.066956,-44.3227043,35.7299309,-78.6970291,130.842697,110.0,44.3314705,2387,244088.37540021792
2025-10-07T19:48:08.631652+00:00,919,718.353699,23.8660831,-0.82380718,-7.74458838,-1.45554554,4.86757755,7.96211338,0.948530078,548.623962,-462.115936,-38.6352501,35.7299194,-78.6970444,125.155243,111.0,44.5877228,2387,244088.63165150254
2025-10-07T19:48:08.887903+00:00,919,717.984741,24.0553703,-0.833968103,-7.74458838,-1.4244523,4.86840248,7.96265078,0.945854068,549.871826,-460.074921,-38.3953972,35.7299309,-78.6970215,124.915398,111.0,44.8439751,2387,244088.88790278716
2025-10-07T19:48:09.144154+00:00,919,717.690674,23.4789295,-0.859529614,-8.24539089,-1.45351541,3.70485234,6.50506115,0.906468153,544.982849,-465.406891,-38.3415031,35.7298889,-78.6970749,124.861496,112.0,45.1002274,2387,244089.14415405804
2025-10-07T19:48:09.400405+00:00,919,717.320618,23.6303577,-0.870532811,-8.24539089,-1.43392026,3.70719671,6.5079546,0.905125797,545.93512,-463.736237,-38.1108932,35.7298965,-78.6970596,124.63089,112.0,45.3564758,2387,244089.40040534266
2025-10-07T19:48:09.656657+00:00,919,716.955688,23.7816448,-0.881659806,-8.24539089,-1.41430748,3.70719671,6.5079546,0.905125797,546.885071,-462.068573,-37.8789558,35.7299042,-78.6970367,124.398949,112.0,45.6127281,2387,244089.65665662728
2025-10-07T19:48:09.912908+00:00,919,716.803711,24.3650417,-1.02637064,-8.75154,-1.28630674,4.39416,7.22561932,1.30914307,551.484,-456.500732,-35.7772942,35.7299461,-78.6969757,122.297287,113.0,45.8689804,2387,244089.91290791213
2025-10-07T19:48:10.169159+00:00,919,716.477051,24.5374794,-1.04491317,-8.75154,-1.26105309,4.3939352,7.22601271,1.30781806,552.610168,-454.648346,-35.4438324,35.7299576,-78.6969604,121.963829,113.0,46.1252327,2387,244090.16915919675
2025-10-07T19:48:10.425410+00:00,919,716.047058,24.5511627,-1.28428137,-8.78918362,-1.28489614,4.14894295,6.93456554,1.87361622,552.420776,-454.426025,-32.4300156,35.7299538,-78.6969528,118.950012,114.0,46.3814812,2387,244090.42541048137
2025-10-07T19:48:10.681662+00:00,919,715.720825,24.716526,-1.31479979,-8.78918362,-1.26071501,4.14910364,6.93468666,1.87177908,553.484131,-452.64856,-31.952116,35.7299652,-78.6969376,118.472115,114.0,46.6377335,2387,244090.68166176623
2025-10-07T19:48:10.937913+00:00,919,715.400879,24.8820133,-1.34547651,-8.78918362,-1.23663211,4.14910364,6.93468666,1.87177908,554.547363,-450.871521,-31.4724712,35.7299728,-78.6969147,117.992462,114.0,46.8939857,2387,244090.93791305085
2025-10-07T19:48:11.194164+00:00,919,715.048523,24.9120541,-1.09512985,-9.59478569,-1.27097178,3.91271377,6.75174713,1.12513399,554.478577,-450.170532,-34.5603027,35.7299728,-78.696907,121.080307,115.0,47.150238,2387,244091.1941643357
2025-10-07T19:48:11.450416+00:00,919,714.725891,25.0712547,-1.11067545,-9.59478569,-1.24850893,3.91371536,6.75174427,1.1260041,555.482056,-448.43985,-34.2709274,35.7299805,-78.6968918,120.790924,115.0,47.4064865,2387,244091.45041562055
2025-10-07T19:48:11.706667+00:00,919,714.278564,25.4865246,-0.847784579,-9.34422207,-1.25767171,4.21363401,7.28597212,0.442966342,558.332,-443.922638,-37.3090401,35.7300072,-78.6968384,123.829041,116.0,47.6627388,2387,244091.70666690517
2025-10-07T19:48:11.962918+00:00,919,713.959778,25.6578197,-0.848715305,-9.34422207,-1.23210585,4.21367407,7.28479481,0.445140094,559.411194,-442.056976,-37.1931114,35.7300186,-78.6968155,123.713112,116.0,47.9189911,2387,244091.96291819002
2025-10-07T19:48:12.219169+00:00,919,713.647278,25.8293552,-0.849485397,-9.34422207,-1.20714355,4.21367407,7.28479481,0.445140094,560.490967,-440.190216,-37.0790443,35.7300262,-78.6968,123.599045,116.0,48.1752434,2387,244092.2191694849
2025-10-07T19:48:12.475421+00:00,919,713.358643,25.4207306,-0.897304237,-9.42374897,-1.23387229,3.43559074,6.25085402,0.508021474,557.111084,-444.029755,-36.6793365,35.7299957,-78.6968384,123.199341,117.0,48.4314919,2387,244092.47542076974
2025-10-07T19:48:12.731672+00:00,919,713.044861,25.5659485,-0.900608838,-9.42374897,-1.21585381,3.43694186,6.25223875,0.508764267,557.993103,-442.426147,-36.5480766,35.7300034,-78.6968231,123.068077,117.0,48.6877441,2387,244092.7316720546
2025-10-07T19:48:12.987923+00:00,919,712.842773,25.0255852,-0.858544648,-9.60388184,-1.19324458,2.54883909,5.02704573,0.323297,553.618469,-447.501465,-37.3339767,35.7299652,-78.6968765,123.853973,118.0,48.9439964,2387,244092.98792333968
2025-10-07T19:48:13.244175+00:00,919,712.538086,25.1396599,-0.859361529,-9.60388184,-1.18286073,2.55074668,5.03033447,0.323835671,554.274231,-446.209595,-37.2504082,35.7299728,-78.6968689,123.770409,118.0,49.2002449,2387,244093.2441746215
2025-10-07T19:48:13.500426+00:00,919,712.236389,25.2535458,-0.860140622,-9.60388184,-1.17187917,2.55074668,5.03033447,0.323835671,554.927856,-444.920593,-37.1674271,35.7299767,-78.6968536,123.687424,118.0,49.4564972,2387,244093.50042590612
2025-10-07T19:48:13.756677+00:00,919,712.156494,25.0100193,-1.26415777,-10.2668476,-1.04502583,2.17713308,4.25783873,1.32321846,553.026611,-447.534149,-32.2744598,35.7299614,-78.6968765,118.794464,119.0,49.7127495,2387,244093.75667719098
2025-10-07T19:48:14.012928+00:00,919,711.888794,25.1079826,-1.28631961,-10.2668476,-1.03862679,2.17752934,4.26182508,1.3212533,553.587158,-446.438,-31.9382038,35.7299652,-78.6968689,118.458206,119.0,49.969,2387,244094.0129284756
2025-10-07T19:48:14.269180+00:00,919,712.123901,26.3175964,-1.47232115,-10.0391865,-0.762215495,3.78350544,6.02360249,1.83876932,563.113,-434.950653,-29.0209675,35.7300529,-78.6967392,115.540962,120.0,50.2252502,2387,244094.26917976045
2025-10-07T19:48:14.525431+00:00,919,711.930359,26.4649925,-1.50326872,-10.0391865,-0.744891703,3.78059101,6.02304697,1.83653367,564.081177,-433.407532,-28.5522156,35.7300606,-78.6967239,115.072212,120.0,50.4815025,2387,244094.52543104507
2025-10-07T19:48:14.781682+00:00,919,711.741943,26.6125259,-1.53437138,-10.0391865,-0.725667655,3.78059101,6.02304697,1.83653367,565.049927,-431.864136,-28.0816,35.7300682,-78.6967087,114.601593,120.0,50.7377548,2387,244094.78168232992
2025-10-07T19:48:15.037934+00:00,919,711.367432,26.5885258,-1.2314899,-10.0268316,-0.736080229,3.54973698,5.78443527,0.965854287,564.542419,-431.650513,-31.8332043,35.7300644,-78.6967,118.353203,121.0,50.9940071,2387,244095.03793361477
2025-10-07T19:48:15.294185+00:00,919,711.180298,26.7285404,-1.24494147,-10.0268316,-0.720781267,3.54820871,5.78470659,0.967026949,565.450867,-430.168762,-31.5845852,35.730072,-78.6966858,118.104584,121.0,51.2502556,2387,244095.29418489963
2025-10-07T19:48:15.550436+00:00,919,711.229736,26.1219769,-1.12678015,-10.4052486,-0.661322713,2.60953164,4.39384651,0.539227784,560.878174,-436.06189,-33.3675308,35.7300301,-78.6967545,119.887527,122.0,51.5065079,2387,244095.55043618448
2025-10-07T19:48:15.806687+00:00,919,711.060913,26.2273445,-1.13306761,-10.4052486,-0.653276,2.61047673,4.39711237,0.541143954,561.548767,-434.932831,-33.2270927,35.7300377,-78.6967392,119.747086,122.0,51.7627602,2387,244095.80668746933
2025-10-07T19:48:16.062939+00:00,919,710.894714,26.3325253,-1.13922203,-10.4052486,-0.643897355,2.61047673,4.39711237,0.541143954,562.217712,-433.806061,-33.0884247,35.7300415,-78.6967316,119.608421,122.0,52.0190125,2387,244096.06293875418
2025-10-07T19:48:16.319190+00:00,919,710.92157,26.7892761,-0.914578438,-10.5688629,-0.488547117,3.17704988,4.99897766,-0.0259301532,565.653076,-429.157898,-35.6319275,35.7300758,-78.6966782,122.151924,123.0,52.2752609,2387,244096.319190036
2025-10-07T19:48:16.575441+00:00,919,710.797,26.9111633,-0.908566535,-10.5688629,-0.478070498,3.17569232,5.00048494,-0.0238080546,566.467224,-427.875488,-35.6357307,35.7300797,-78.6966629,122.155731,123.0,52.5315132,2387,244096.57544132063
2025-10-07T19:48:16.831693+00:00,919,710.676147,27.0330029,-0.902368724,-10.5688629,-0.465499133,3.17569232,5.00048494,-0.0238080546,567.280945,-426.594116,-35.6418343,35.7300873,-78.6966476,122.161835,123.0,52.7877655,2387,244096.83169260548
2025-10-07T19:48:17.087944+00:00,919,710.558472,27.1548824,-0.896164775,-10.5688629,-0.45292142,3.17569232,5.00048494,-0.0238080546,568.094727,-425.312714,-35.647934,35.7300949,-78.6966324,122.167931,123.0,53.0440178,2387,244097.0879438901
2025-10-07T19:48:17.344195+00:00,919,710.444,27.2768,-0.889954686,-10.5688629,-0.440337569,3.17569232,5.00048494,-0.0238080546,568.908508,-424.031342,-35.6540337,35.7301025,-78.6966171,122.174026,123.0,53.3002663,2387,244097.34419517472
2025-10-07T19:48:17.600446+00:00,919,710.496033,27.3178596,-0.467089802,-10.5426617,-0.296362936,3.1654954,4.85709238,-1.07136452,569.163757,-423.305176,-40.8659439,35.7301064,-78.6966095,127.385941,124.0,53.5565186,2387,244097.60044645958
2025-10-07T19:48:17.856698+00:00,919,710.419189,27.4365387,-0.440095097,-10.5426617,-0.288019,3.16264439,4.85974884,-1.06620276,569.974365,-422.057892,-41.1318245,35.730114,-78.6966,127.651825,124.0,53.8127708,2387,244097.85669774443
2025-10-07T19:48:18.112949+00:00,919,710.347,27.5550823,-0.412513345,-10.5426617,-0.275510252,3.16264439,4.85974884,-1.06620276,570.78479,-420.812561,-41.4050407,35.7301216,-78.6965866,127.925034,124.0,54.0690193,2387,244098.11294902905
2025-10-07T19:48:18.369200+00:00,919,710.278,27.6736507,-0.384924293,-10.5426617,-0.262997806,3.16264439,4.85974884,-1.06620276,571.595215,-419.567261,-41.678257,35.7301292,-78.6965714,128.198257,124.0,54.3252716,2387,244098.36920031064
2025-10-07T19:48:18.625452+00:00,919,710.212219,27.7922382,-0.357328385,-10.5426617,-0.250481755,3.16264439,4.85974884,-1.06620276,572.40564,-418.32193,-41.9514732,35.7301331,-78.6965561,128.471466,124.0,54.5815239,2387,244098.62545159526
2025-10-07T19:48:18.881703+00:00,919,710.184448,28.0555649,-0.499039441,-10.6690788,-0.133315504,3.4323051,5.03420877,-0.678985238,574.344604,-415.795471,-40.0549622,35.7301521,-78.6965256,126.574959,125.0,54.8377762,2387,244098.88170287988
2025-10-07T19:48:19.137954+00:00,919,710.15,28.180872,-0.479477704,-10.6690788,-0.124413736,3.42837977,5.03666162,-0.678033412,575.223511,-414.503113,-40.2264824,35.7301598,-78.6965179,126.746475,125.0,55.0940247,2387,244099.1379541645
2025-10-07T19:48:19.394205+00:00,919,710.119873,28.3060513,-0.459741324,-10.6690788,-0.110857502,3.42837977,5.03666162,-0.678033412,576.102051,-413.212463,-40.4002304,35.7301674,-78.6965,126.920227,125.0,55.3502769,2387,244099.39420544912
2025-10-07T19:48:19.650457+00:00,919,710.093201,28.431242,-0.44000116,-10.6690788,-0.0972996354,3.42837977,5.03666162,-0.678033412,576.980591,-411.921814,-40.5739746,35.730175,-78.6964874,127.093971,125.0,55.6065292,2387,244099.65045673374
2025-10-07T19:48:19.906708+00:00,919,710.07,28.5564404,-0.420257509,-10.6690788,-0.0837403536,3.42837977,5.03666162,-0.678033412,577.85907,-410.631165,-40.7477226,35.7301826,-78.6964722,127.267715,125.0,55.8627815,2387,244099.9067080186
2025-10-07T19:48:20.162959+00:00,919,710.050293,28.6816444,-0.400510669,-10.6690788,-0.070179835,3.42837977,5.03666162,-0.678033412,578.73761,-409.340515,-40.9214706,35.7301903,-78.6964569,127.441467,125.0,56.11903,2387,244100.16295929995
2025-10-07T19:48:20.419211+00:00,919,710.034058,28.8068562,-0.380760908,-10.6690788,-0.0566182844,3.42837977,5.03666162,-0.678033412,579.61615,-408.049866,-41.0952148,35.7302,-78.6964417,127.615211,125.0,56.3752823,2387,244100.41921058434
2025-10-07T19:48:20.675462+00:00,919,710.021301,28.9320717,-0.361008495,-10.6690788,-0.0430559032,3.42837977,5.03666162,-0.678033412,580.49469,-406.759216,-41.2689629,35.7302094,-78.6964264,127.788956,125.0,56.6315346,2387,244100.67546186896
2025-10-07T19:48:20.931713+00:00,919,710.012,29.0572891,-0.341253787,-10.6690788,-0.0294928923,3.42837977,5.03666162,-0.678033412,581.37323,-405.468567,-41.4427109,35.730217,-78.6964111,127.962708,125.0,56.8877869,2387,244100.93171315335
2025-10-07T19:48:21.187964+00:00,919,710.006165,29.1825104,-0.321497,-10.6690788,-0.0159294456,3.42837977,5.03666162,-0.678033412,582.251709,-404.177917,-41.6164589,35.7302246,-78.6964,128.136459,125.0,57.1440353,2387,244101.18796443797
2025-10-07T19:48:21.444216+00:00,919,710.285461,28.8111267,0.0400276557,-11.4191761,0.0531636924,3.00152731,4.32928896,-1.36214137,579.724426,-407.775085,-46.3086853,35.7302,-78.6964417,132.828674,126.0,57.4002876,2387,244101.4442157226
2025-10-07T19:48:21.700467+00:00,919,710.292,28.920681,0.0718808547,-11.4191761,0.0592723489,3.00233412,4.33799458,-1.35605121,580.501587,-406.641296,-46.6418076,35.7302094,-78.6964264,133.161804,126.0,57.6565399,2387,244101.7004670072
2025-10-07T19:48:21.956718+00:00,919,710.308533,29.0283546,0.104772262,-11.4191761,0.0699751228,3.00233412,4.33799458,-1.35605121,581.270935,-405.529694,-46.9893,35.7302132,-78.6964188,133.509293,126.0,57.9127922,2387,244101.95671829183
2025-10-07T19:48:22.212970+00:00,919,710.32782,29.1360226,0.137661636,-11.4191761,0.0806770846,3.00233412,4.33799458,-1.35605121,582.040283,-404.41806,-47.3367882,35.7302208,-78.6964,133.856781,126.0,58.1690407,2387,244102.21296957645
2025-10-07T19:48:22.469221+00:00,919,710.509155,28.8878326,-0.510651231,-11.1233444,0.096165821,2.74115944,3.75662851,-0.203320041,580.616,-407.615417,-39.4711609,35.7302094,-78.6964417,125.991165,127.0,58.425293,2387,244102.46922086106
2025-10-07T19:48:22.725472+00:00,919,710.530701,28.9852543,-0.501358211,-11.1233444,0.102647968,2.74358177,3.76309347,-0.207847565,581.326416,-406.63324,-39.533,35.730217,-78.6964264,126.052994,127.0,58.6815453,2387,244102.72547214592
2025-10-07T19:48:22.981723+00:00,919,710.558,29.0811806,-0.492842,-11.1233444,0.110481076,2.74358177,3.76309347,-0.207847565,582.02948,-405.668945,-39.5862617,35.7302208,-78.6964188,126.106262,127.0,58.9377937,2387,244102.98172343054
2025-10-07T19:48:23.237975+00:00,919,710.817688,28.2692719,0.475354105,-11.5016785,0.0402542129,1.84523344,2.74289393,-1.89852309,576.08844,-413.131104,-52.0249329,35.7301674,-78.6965,138.544922,128.0,59.194046,2387,244103.23797471516
2025-10-07T19:48:23.494226+00:00,919,710.826294,28.3366833,0.517149568,-11.5016785,0.0470639467,1.84983742,2.74621296,-1.89479506,576.566528,-412.417603,-52.5051842,35.7301712,-78.6964951,139.025177,128.0,59.4503,2387,244103.494226
2025-10-07T19:48:23.750477+00:00,919,710.83905,28.4032421,0.559317052,-11.5016785,0.0523096323,1.84983742,2.74621296,-1.89479506,577.040588,-411.713898,-52.9907265,35.730175,-78.6964874,139.510727,128.0,59.7065506,2387,244103.75047728486
2025-10-07T19:48:24.006729+00:00,919,710.853088,28.4698,0.601482213,-11.5016785,0.0575550236,1.84983742,2.74621296,-1.89479506,577.514587,-411.010162,-53.4762726,35.7301826,-78.6964798,139.996277,128.0,59.9628,2387,244104.00672856972
2025-10-07T19:48:24.262980+00:00,919,710.86853,28.5363579,0.64364481,-11.5016785,0.062800087,1.84983742,2.74621296,-1.89479506,577.988586,-410.306458,-53.9618149,35.7301865,-78.6964645,140.481812,128.0,60.2190514,2387,244104.26297985433
2025-10-07T19:48:24.519231+00:00,919,710.885315,28.6029129,0.685804605,-11.5016785,0.0680448,1.84983742,2.74621296,-1.89479506,578.462646,-409.602722,-54.4473572,35.7301903,-78.6964569,140.967361,128.0,60.4753036,2387,244104.51923113895
2025-10-07T19:48:24.775482+00:00,919,710.903381,28.6694641,0.727961421,-11.5016785,0.0732891187,1.84983742,2.74621296,-1.89479506,578.936646,-408.899017,-54.9329033,35.7301941,-78.6964493,141.452896,128.0,60.7315559,2387,244104.77548242357
2025-10-07T19:48:25.031734+00:00,919,710.922852,28.7360153,0.770115,-11.5016785,0.0785330236,1.84983742,2.74621296,-1.89479506,579.410706,-408.195282,-55.4184456,35.7301979,-78.6964417,141.938446,128.0,60.9878044,2387,244105.0317337082
2025-10-07T19:48:25.287985+00:00,919,710.943665,28.8025627,0.812265217,-11.5016785,0.0837764814,1.84983742,2.74621296,-1.89479506,579.884705,-407.491577,-55.9039917,35.7302,-78.696434,142.423981,128.0,61.2440567,2387,244105.2879849928
2025-10-07T19:48:25.544236+00:00,919,710.96582,28.8691082,0.854411781,-11.5016785,0.0890194699,1.84983742,2.74621296,-1.89479506,580.358704,-406.787842,-56.389534,35.7302055,-78.6964264,142.909531,128.0,61.500309,2387,244105.54423627743
2025-10-07T19:48:25.800488+00:00,919,710.989258,28.9356499,0.89655447,-11.5016785,0.0942619517,1.84983742,2.74621296,-1.89479506,580.832764,-406.084137,-56.8750763,35.7302094,-78.6964188,143.395081,128.0,61.7565613,2387,244105.8004875623
2025-10-07T19:48:26.056739+00:00,919,711.014099,29.0021896,0.938693047,-11.5016785,0.0995039,1.84983742,2.74621296,-1.89479506,581.306763,-405.380402,-57.3606224,35.730217,-78.6964111,143.880615,128.0,62.0128098,2387,244106.0567388469
2025-10-07T19:48:26.312990+00:00,919,711.040283,29.0687256,0.980827391,-11.5016785,0.104745284,1.84983742,2.74621296,-1.89479506,581.780823,-404.676697,-57.8461647,35.7302208,-78.6964,144.366165,128.0,62.269062,2387,244106.31299012827
2025-10-07T19:48:26.569241+00:00,919,711.06781,29.1352596,1.02295721,-11.5016785,0.109986074,1.84983742,2.74621296,-1.89479506,582.254822,-403.972961,-58.331707,35.7302246,-78.6963959,144.8517,128.0,62.5253143,2387,244106.56924141265
2025-10-07T19:48:26.825493+00:00,919,711.096619,29.2017879,1.06508231,-11.5016785,0.115226239,1.84983742,2.74621296,-1.89479506,582.728821,-403.269226,-58.8172531,35.7302284,-78.6963882,145.33725,128.0,62.7815666,2387,244106.82549269727
2025-10-07T19:48:27.081744+00:00,919,711.126831,29.2683144,1.10720253,-11.5016785,0.120465748,1.84983742,2.74621296,-1.89479506,583.202881,-402.565521,-59.3027954,35.7302322,-78.6963806,145.822784,128.0,63.0378151,2387,244107.08174398166
2025-10-07T19:48:27.337995+00:00,919,711.158386,29.334837,1.1493175,-11.5016785,0.125704587,1.84983742,2.74621296,-1.89479506,583.67688,-401.861786,-59.7883377,35.7302361,-78.696373,146.308334,128.0,63.2940674,2387,244107.33799526255
2025-10-07T19:48:27.594247+00:00,919,711.191284,29.4013538,1.19142723,-11.5016785,0.130942702,1.84983742,2.74621296,-1.89479506,584.15094,-401.158081,-60.2738838,35.7302399,-78.6963654,146.793884,128.0,63.5503197,2387,244107.59424654694
2025-10-07T19:48:27.850498+00:00,919,711.225464,29.4678669,1.23353124,-11.5016785,0.136180073,1.84983742,2.74621296,-1.89479506,584.624939,-400.454346,-60.7594261,35.7302437,-78.6963577,147.279419,128.0,63.8065681,2387,244107.8504978311
2025-10-07T19:48:28.106749+00:00,919,711.261047,29.5343761,1.27562952,-11.5016785,0.141416684,1.84983742,2.74621296,-1.89479506,585.098938,-399.750641,-61.2449684,35.7302475,-78.6963501,147.764969,128.0,64.0628204,2387,244108.10674911548
2025-10-07T19:48:28.363000+00:00,919,711.298,29.6008816,1.31772184,-11.5016785,0.14665249,1.84983742,2.74621296,-1.89479506,585.573,-399.046906,-61.7305145,35.7302551,-78.6963425,148.250519,128.0,64.3190689,2387,244108.36300038613
2025-10-07T19:48:28.619252+00:00,919,711.336243,29.6673813,1.35980785,-11.5016785,0.151887476,1.84983742,2.74621296,-1.89479506,586.047,-398.343201,-62.2160568,35.7302589,-78.6963348,148.736053,128.0,64.575325,2387,244108.61925167052
2025-10-07T19:48:28.875503+00:00,919,711.375793,29.7338753,1.40188754,-11.5016785,0.157121584,1.84983742,2.74621296,-1.89479506,586.521,-397.639465,-62.7016029,35.7302628,-78.6963272,149.221588,128.0,64.8315735,2387,244108.8755029549
2025-10-07T19:48:29.131754+00:00,919,711.416748,29.8003654,1.44396043,-11.5016785,0.162354812,1.84983742,2.74621296,-1.89479506,586.995056,-396.93576,-63.1871452,35.7302666,-78.6963196,149.707138,128.0,65.0878296,2387,244109.13175423953
2025-10-07T19:48:29.388006+00:00,919,711.459,29.8668499,1.48602653,-11.5016785,0.167587131,1.84983742,2.74621296,-1.89479506,587.469055,-396.232025,-63.6726875,35.7302704,-78.696312,150.192688,128.0,65.3440781,2387,244109.3880055239
2025-10-07T19:48:29.644257+00:00,919,711.502625,29.9333286,1.52808559,-11.5016785,0.172818497,1.84983742,2.74621296,-1.89479506,587.943115,-395.52832,-64.1582336,35.7302742,-78.6963043,150.678223,128.0,65.6003265,2387,244109.64425680853
2025-10-07T19:48:29.900508+00:00,919,711.547607,29.9998016,1.57013738,-11.5016785,0.178048879,1.84983742,2.74621296,-1.89479506,588.417114,-394.824585,-64.6437759,35.730278,-78.6963,151.163773,128.0,65.8565826,2387,244109.90050809315
2025-10-07T19:48:30.156759+00:00,919,711.593872,30.0662689,1.61218154,-11.5016785,0.183278263,1.84983742,2.74621296,-1.89479506,588.891113,-394.12088,-65.1293182,35.7302818,-78.6962891,151.649323,128.0,66.1128311,2387,244110.15675937777
2025-10-07T19:48:30.413011+00:00,919,711.641541,30.1327286,1.65421808,-11.5016785,0.188506603,1.84983742,2.74621296,-1.89479506,589.365173,-393.417145,-65.6148605,35.7302895,-78.6962814,152.134857,128.0,66.3690796,2387,244110.41301066216
2025-10-07T19:48:30.669262+00:00,919,711.690491,30.1991844,1.69624662,-11.5016785,0.193733886,1.84983742,2.74621296,-1.89479506,589.839172,-392.71344,-66.1004105,35.7302933,-78.6962738,152.620407,128.0,66.6253357,2387,244110.66926194655
2025-10-07T19:48:30.925513+00:00,919,711.740784,30.2656326,1.73826706,-11.5016785,0.198960081,1.84983742,2.74621296,-1.89479506,590.313232,-392.009705,-66.5859528,35.7302971,-78.6962662,153.105957,128.0,66.8815842,2387,244110.92551323093
2025-10-07T19:48:31.181765+00:00,919,711.79248,30.3320751,1.78027916,-11.5016785,0.204185143,1.84983742,2.74621296,-1.89479506,590.787231,-391.306,-67.0714951,35.7303,-78.6962585,153.591492,128.0,67.1378403,2387,244111.18176451532
2025-10-07T19:48:31.438016+00:00,919,711.845459,30.39851,1.82228267,-11.5016785,0.209409058,1.84983742,2.74621296,-1.89479506,591.26123,-390.602264,-67.5570374,35.7303047,-78.6962509,154.077026,128.0,67.3940887,2387,244111.4380157997
2025-10-07T19:48:31.694267+00:00,919,711.89978,30.4649391,1.86427748,-11.5016785,0.214631781,1.84983742,2.74621296,-1.89479506,591.735291,-389.89856,-68.0425797,35.7303085,-78.6962433,154.562576,128.0,67.6503372,2387,244111.69426708433
2025-10-07T19:48:31.950518+00:00,919,711.955444,30.5313606,1.90626323,-11.5016785,0.219853297,1.84983742,2.74621296,-1.89479506,592.20929,-389.194824,-68.5281219,35.7303123,-78.6962357,155.048126,128.0,67.9065933,2387,244111.9505183687
2025-10-07T19:48:32.206770+00:00,919,712.012451,30.5977745,1.94823968,-11.5016785,0.225073591,1.84983742,2.74621296,-1.89479506,592.68335,-388.491119,-69.0136719,35.7303162,-78.696228,155.533661,128.0,68.1628418,2387,244112.20676966335
2025-10-07T19:48:32.463021+00:00,919,712.070801,30.6641808,1.99020684,-11.5016785,0.230292603,1.84983742,2.74621296,-1.89479506,593.157349,-387.787384,-69.4992142,35.7303238,-78.6962204,156.019211,128.0,68.4190903,2387,244112.46302094773
2025-10-07T19:48:32.719272+00:00,919,712.130493,30.7305794,2.03216434,-11.5016785,0.235510319,1.84983742,2.74621296,-1.89479506,593.631348,-387.083679,-69.9847565,35.7303276,-78.6962128,156.504761,128.0,68.6753464,2387,244112.71927223235
2025-10-07T19:48:32.975524+00:00,919,712.191528,30.7969704,2.07411194,-11.5016785,0.240726709,1.84983742,2.74621296,-1.89479506,594.105408,-386.379944,-70.4703,35.7303314,-78.6962051,156.990295,128.0,68.9315948,2387,244112.97552351697
2025-10-07T19:48:33.231775+00:00,919,712.253845,30.8633537,2.11604953,-11.5016785,0.245941743,1.84983742,2.74621296,-1.89479506,594.579407,-385.676239,-70.9558411,35.7303352,-78.6962,157.47583,128.0,69.1878433,2387,244113.2317748016
2025-10-07T19:48:33.488026+00:00,919,712.317566,30.9297295,2.1579771,-11.5016785,0.251155376,1.84983742,2.74621296,-1.89479506,595.053467,-384.972504,-71.441391,35.7303391,-78.6961899,157.96138,128.0,69.4441,2387,244113.4880260862
2025-10-07T19:48:33.744277+00:00,919,712.382568,30.9960957,2.19989395,-11.5016785,0.256367624,1.84983742,2.74621296,-1.89479506,595.527466,-384.268799,-71.9269333,35.7303429,-78.6961823,158.44693,128.0,69.7003479,2387,244113.74427737106
2025-10-07T19:48:34.000529+00:00,919,712.448914,31.0624542,2.2418,-11.5016785,0.261578411,1.84983742,2.74621296,-1.89479506,596.001465,-383.565063,-72.4124756,35.7303467,-78.6961746,158.932465,128.0,69.956604,2387,244114.00052865568
2025-10-07T19:48:34.256780+00:00,919,712.516602,31.1288033,2.28369546,-11.5016785,0.266787738,1.84983742,2.74621296,-1.89479506,596.475525,-382.861328,-72.8980179,35.7303505,-78.696167,159.418015,128.0,70.2128525,2387,244114.2567799403
2025-10-07T19:48:34.513031+00:00,919,712.585632,31.1951447,2.32557964,-11.5016785,0.271995574,1.84983742,2.74621296,-1.89479506,596.949524,-382.157623,-73.3835602,35.7303543,-78.6961594,159.903564,128.0,70.4691,2387,244114.5130312247
2025-10-07T19:48:34.769283+00:00,919,712.656,31.2614765,2.36745262,-11.5016785,0.277201861,1.84983742,2.74621296,-1.89479506,597.423584,-381.453888,-73.8691,35.7303619,-78.6961517,160.389099,128.0,70.7253571,2387,244114.7692825093
2025-10-07T19:48:35.025534+00:00,919,712.727722,31.3277988,2.40931392,-11.5016785,0.282406598,1.84983742,2.74621296,-1.89479506,597.897583,-380.750183,-74.3546524,35.7303658,-78.6961441,160.874634,128.0,70.9816055,2387,244115.0255337937
2025-10-07T19:48:35.281785+00:00,919,712.800781,31.3941116,2.45116377,-11.5016785,0.287609756,1.84983742,2.74621296,-1.89479506,598.371582,-380.046448,-74.8401947,35.7303696,-78.6961365,161.360199,128.0,71.237854,2387,244115.28178507832
2025-10-07T19:48:35.538036+00:00,919,712.875122,31.4604149,2.49300146,-11.5016785,0.292811304,1.84983742,2.74621296,-1.89479506,598.845642,-379.342743,-75.325737,35.7303734,-78.6961288,161.845734,128.0,71.4941101,2387,244115.53803636294
2025-10-07T19:48:35.794288+00:00,919,712.950806,31.5267086,2.53482699,-11.5016785,0.298011214,1.84983742,2.74621296,-1.89479506,599.319641,-378.639,-75.8112793,35.7303772,-78.6961212,162.331268,128.0,71.7503586,2387,244115.79428764756
2025-10-07T19:48:36.050539+00:00,919,713.027832,31.5929928,2.57664037,-11.5016785,0.303209424,1.84983742,2.74621296,-1.89479506,599.793701,-377.935303,-76.2968216,35.730381,-78.6961136,162.816818,128.0,72.0066147,2387,244116.05053893218
2025-10-07T19:48:36.306790+00:00,919,713.106201,31.6592655,2.61844087,-11.5016785,0.308405966,1.84983742,2.74621296,-1.89479506,600.2677,-377.231567,-76.7823639,35.7303848,-78.696106,163.302368,128.0,72.2628632,2387,244116.30679021307
2025-10-07T19:48:36.563041+00:00,919,713.185913,31.7255287,2.66022897,-11.5016785,0.313600749,1.84983742,2.74621296,-1.89479506,600.741699,-376.527863,-77.2679138,35.7303886,-78.6961,163.787903,128.0,72.5191116,2387,244116.56304149746
2025-10-07T19:48:36.819293+00:00,919,710.310913,25.9974728,-0.581683338,-10.9084291,-0.0427570976,-0.418985367,-0.488634288,0.231615096,559.101257,-436.276123,-40.1314926,35.7300148,-78.6967545,126.651489,129.0,72.7753677,2387,244116.81929278208
2025-10-07T19:48:37.075544+00:00,919,710.306,26.001009,-0.581123888,-10.9084291,-0.0394418612,-0.382267475,-0.444272906,0.201552331,559.124329,-436.23819,-40.1363106,35.7300148,-78.6967545,126.656311,129.0,73.0316162,2387,244117.07554406647
2025-10-07T19:48:37.331795+00:00,919,710.295959,25.98909,-0.585751116,-10.9084291,-0.0393038429,-0.382267475,-0.444272906,0.201552331,559.026367,-436.35202,-40.0846634,35.7300148,-78.6967545,126.60466,129.0,73.2878647,2387,244117.3317953469
2025-10-07T19:48:37.588047+00:00,919,710.285889,25.9771709,-0.590378404,-10.9084291,-0.0391658135,-0.382267475,-0.444272906,0.201552331,558.928406,-436.465881,-40.0330162,35.7300148,-78.6967545,126.553009,129.0,73.5441208,2387,244117.58804663128
2025-10-07T19:48:37.844298+00:00,919,710.140259,25.0977802,-0.153853521,-10.4713488,-0.237787783,-0.918679714,-0.746214449,-0.140860856,551.907959,-444.514252,-45.8681679,35.72995,-78.696846,132.388168,130.0,73.8003693,2387,244117.84429791544
2025-10-07T19:48:38.100549+00:00,919,710.087036,25.0765972,-0.151115358,-10.4713488,-0.223950565,-0.90086025,-0.745319426,-0.142681897,551.700684,-444.682343,-45.9092064,35.72995,-78.696846,132.429199,130.0,74.0566177,2387,244118.10054919982
2025-10-07T19:48:38.356800+00:00,919,710.029724,25.0527954,-0.148823142,-10.4713488,-0.223467916,-0.90086025,-0.745319426,-0.142681897,551.469788,-444.873322,-45.9457703,35.7299461,-78.6968536,132.465759,130.0,74.3128738,2387,244118.35680048398
2025-10-07T19:48:38.613052+00:00,919,709.504333,26.4345551,0.101890102,-9.8416214,-0.611681044,-0.539479315,0.337430716,-0.297649741,561.587402,-430.909576,-48.300354,35.7300377,-78.6966934,134.820343,131.0,74.5691223,2387,244118.61305176836
2025-10-07T19:48:38.869303+00:00,919,709.351624,26.4324265,0.108707525,-9.8416214,-0.60281384,-0.533500373,0.330629677,-0.297082901,561.448059,-430.83136,-48.3752022,35.7300377,-78.6966934,134.895203,131.0,74.8253784,2387,244118.86930305275
2025-10-07T19:48:39.125554+00:00,919,709.118835,26.7121735,-0.625110626,-9.15317726,-0.871275365,-0.598556042,0.605661631,0.534275115,563.582397,-428.592133,-39.1564598,35.7300568,-78.6966705,125.676453,132.0,75.0816269,2387,244119.12555433714
2025-10-07T19:48:39.381806+00:00,919,708.565369,26.7067719,-0.383904457,-9.51605797,-1.09077406,-0.792931437,0.740286708,0.225845039,563.042725,-428.106384,-42.104084,35.7300491,-78.6966629,128.624084,133.0,75.3378754,2387,244119.38180562176
2025-10-07T19:48:39.638057+00:00,919,708.286621,26.7092342,-0.38708365,-9.51605797,-1.08895016,-0.791697204,0.738983691,0.225133389,562.840515,-427.916534,-42.0470352,35.7300491,-78.6966629,128.567032,133.0,75.5941315,2387,244119.63805690614
2025-10-07T19:48:39.894308+00:00,919,708.007629,26.7116375,-0.390318453,-9.51605797,-1.08893645,-0.791697204,0.738983691,0.225133389,562.637634,-427.727173,-41.9893456,35.7300453,-78.6966629,128.509338,133.0,75.8503799,2387,244119.89430819053
2025-10-07T19:48:40.150559+00:00,919,707.728577,26.7140427,-0.39355582,-9.51605797,-1.08892274,-0.791697204,0.738983691,0.225133389,562.434814,-427.537811,-41.9316521,35.7300453,-78.6966553,128.451645,133.0,76.1066284,2387,244120.15055947143
2025-10-07T19:48:40.406811+00:00,919,707.312073,26.7304249,-0.0134387044,-9.3350153,-1.22597384,-0.911753654,0.880723059,-0.45615083,562.113647,-426.789368,-46.5774803,35.7300415,-78.6966476,133.097473,134.0,76.3628845,2387,244120.4068107558
2025-10-07T19:48:40.663062+00:00,919,706.546387,27.0791626,-0.249189764,-9.36497307,-1.36353254,-0.725792587,1.3028903,0.0610385612,564.175293,-423.115326,-43.4450645,35.7300606,-78.6966095,129.965057,135.0,76.619133,2387,244120.66306203997
2025-10-07T19:48:40.919313+00:00,919,706.198,27.0915947,-0.248156294,-9.36497307,-1.36219668,-0.725708902,1.30099535,0.0610012114,563.988953,-422.783569,-43.4297829,35.7300606,-78.6966095,129.949783,135.0,76.8753891,2387,244120.91931332435
2025-10-07T19:48:41.175565+00:00,919,705.856,27.0827637,-0.0112027135,-9.80565834,-1.38009405,-0.777441263,1.31986713,-0.465933084,563.577271,-422.454163,-46.3239746,35.7300568,-78.6966,132.843964,136.0,77.1316376,2387,244121.17556460874
2025-10-07T19:48:41.431816+00:00,919,705.502869,27.0944786,0.000821171969,-9.80565834,-1.37917912,-0.777167201,1.31900799,-0.465083927,563.378113,-422.116821,-46.442215,35.7300529,-78.6966,132.962219,136.0,77.387886,2387,244121.43181589313
2025-10-07T19:48:41.688067+00:00,919,705.165283,27.2195511,0.0909860879,-9.66314888,-1.37862766,-0.661425531,1.49724174,-0.645379245,564.002258,-420.603241,-47.460125,35.7300606,-78.696579,133.980118,137.0,77.6441422,2387,244121.6880671775
2025-10-07T19:48:41.944318+00:00,919,704.826904,26.9951668,0.169957519,-10.1774664,-1.38435161,-0.943934381,1.14855123,-0.826464117,562.044434,-422.531036,-48.5240097,35.7300415,-78.6966,135.044,138.0,77.9003906,2387,244121.9443184619
2025-10-07T19:48:42.200570+00:00,919,704.472229,27.0016727,0.189450353,-10.1774664,-1.38387871,-0.943634868,1.14868426,-0.825873792,561.802795,-422.236542,-48.735054,35.7300377,-78.6966,135.255051,138.0,78.1566391,2387,244122.2005697463
2025-10-07T19:48:42.456821+00:00,919,704.451538,26.2226315,0.284146965,-10.5514097,-1.30350637,-1.86261272,-0.142944172,-1.10922551,555.927368,-429.728699,-50.2991562,35.7299881,-78.6966858,136.819153,139.0,78.4128952,2387,244122.4568210309
2025-10-07T19:48:42.713072+00:00,919,704.117615,26.1956387,0.308116227,-10.5514097,-1.30255032,-1.8617655,-0.141679719,-1.10872567,555.451172,-429.763916,-50.5827408,35.7299805,-78.6966858,137.102737,139.0,78.6691437,2387,244122.71307231553
2025-10-07T19:48:42.969324+00:00,919,704.019531,25.6792831,-0.620068908,-10.0827255,-1.23303258,-2.39762759,-1.17193186,1.40883219,551.739197,-435.510864,-39.4673958,35.72995,-78.6967468,125.987396,140.0,78.9253922,2387,244122.96932359991
2025-10-07T19:48:43.225575+00:00,919,703.395752,25.4674225,-1.17360699,-9.6697464,-1.25506639,-2.64553976,-1.51751983,2.82458043,549.731323,-437.593384,-32.7584763,35.7299309,-78.6967697,119.278473,141.0,79.1816483,2387,244123.2255748843
2025-10-07T19:48:43.481826+00:00,919,703.07489,25.4107285,-1.23362565,-9.6697464,-1.24946749,-2.64490294,-1.51633108,2.82171178,549.054077,-437.981201,-32.0369186,35.7299232,-78.6967773,118.556915,141.0,79.4379,2387,244123.4818261687
2025-10-07T19:48:43.738077+00:00,919,702.755432,25.3539066,-1.29382408,-9.6697464,-1.24374294,-2.64490294,-1.51633108,2.82171178,548.376343,-438.369751,-31.3138523,35.7299194,-78.6967773,117.833847,141.0,79.6941528,2387,244123.73807745308
2025-10-07T19:48:43.994329+00:00,919,702.437439,25.2970314,-1.35407579,-9.6697464,-1.23801064,-2.64490294,-1.51633108,2.82171178,547.698608,-438.758331,-30.5907841,35.7299118,-78.696785,117.110786,141.0,79.9504,2387,244123.99432873746
2025-10-07T19:48:44.250580+00:00,919,702.263123,24.7539806,-1.39546669,-9.60064507,-1.15789902,-3.35881734,-2.46612215,2.72241402,543.376282,-443.841034,-30.3459435,35.7298737,-78.6968384,116.865944,142.0,80.2066498,2387,244124.2505800179
2025-10-07T19:48:44.506831+00:00,919,701.695557,24.2305412,-1.07188869,-9.49088478,-1.19419646,-4.10555124,-3.18557644,1.5504123,538.814087,-448.17804,-34.532093,35.7298317,-78.6968842,121.052094,143.0,80.4629059,2387,244124.50683130205
2025-10-07T19:48:44.763083+00:00,919,701.391235,24.1259804,-1.10746193,-9.49088478,-1.18422842,-4.10357952,-3.18299985,1.55228901,537.765198,-448.991302,-34.1329956,35.7298241,-78.6969,120.652992,143.0,80.7191544,2387,244124.7630825862
2025-10-07T19:48:45.019334+00:00,919,701.194,23.6106796,-0.499133468,-9.58594322,-1.09138191,-4.76823711,-3.88577342,-0.411927044,533.424561,-453.193298,-41.7980118,35.7297821,-78.6969452,128.318008,144.0,80.9754,2387,244125.01933387035
2025-10-07T19:48:45.275585+00:00,919,700.915955,23.4839191,-0.494319379,-9.58594322,-1.07855129,-4.76736784,-3.88409257,-0.408990264,532.20459,-454.187042,-41.9001961,35.7297707,-78.6969528,128.420197,144.0,81.2316589,2387,244125.27558515474
2025-10-07T19:48:45.531836+00:00,919,700.641296,23.3568611,-0.489291519,-9.58594322,-1.06508291,-4.76736784,-3.88409257,-0.408990264,530.983,-455.182343,-42.005,35.729763,-78.6969681,128.525,144.0,81.4879074,2387,244125.5318364389
2025-10-07T19:48:45.788088+00:00,919,700.348389,23.3492393,-0.447352707,-10.0779877,-1.05677307,-4.56680679,-3.65242171,-0.505744874,530.689575,-455.027466,-42.502346,35.7297592,-78.6969604,129.022339,145.0,81.7441635,2387,244125.78808772328
2025-10-07T19:48:46.044339+00:00,919,700.078857,23.2284679,-0.440300554,-10.0779877,-1.04510307,-4.56680441,-3.65182972,-0.503463805,529.519958,-455.962555,-42.6285896,35.7297478,-78.6969757,129.14859,145.0,82.000412,2387,244126.04433900767
2025-10-07T19:48:46.300590+00:00,919,699.877441,22.8732929,-0.0199729614,-10.2870283,-0.959939778,-4.96188259,-4.0470705,-1.74424922,526.398621,-458.735718,-47.901535,35.7297211,-78.6970062,134.421539,146.0,82.2566605,2387,244126.30059029206
2025-10-07T19:48:46.556842+00:00,919,699.633362,22.7396069,0.012682559,-10.2870283,-0.944714665,-4.96159697,-4.04625797,-1.74091578,525.12793,-459.772034,-48.3440819,35.7297096,-78.6970139,134.864075,146.0,82.5129166,2387,244126.55684157644
2025-10-07T19:48:46.813093+00:00,919,699.678833,21.9521675,0.206772014,-10.7940359,-0.779220223,-6.01998138,-5.27103758,-2.28823876,518.696899,-466.793427,-51.0680466,35.7296524,-78.6970901,137.588043,147.0,82.769165,2387,244126.81309286083
2025-10-07T19:48:47.069344+00:00,919,699.593384,21.4847183,0.169317439,-11.2574015,-0.717977345,-6.5100112,-5.82354259,-2.0915134,514.802856,-470.985016,-50.8143425,35.7296143,-78.6971359,137.334335,148.0,83.0254135,2387,244127.06934414522
2025-10-07T19:48:47.325595+00:00,919,699.413,21.3009281,0.20770897,-11.2574015,-0.688531399,-6.50875044,-5.82239389,-2.09089708,513.136,-472.475769,-51.3493385,35.7296,-78.6971588,137.869339,148.0,83.2816696,2387,244127.32559542937
2025-10-07T19:48:47.581847+00:00,919,698.826416,20.6017265,0.0282353722,-10.8759365,-0.711289406,-7.45280123,-6.69900608,-1.53417921,506.940308,-478.463,-49.4276657,35.7295456,-78.6972198,135.947662,149.0,83.5379181,2387,244127.58184671376
2025-10-07T19:48:47.838098+00:00,919,698.649048,20.390955,0.0542040542,-10.8759365,-0.67328614,-7.45132875,-6.69818783,-1.53436434,505.031891,-480.178314,-49.8207588,35.7295265,-78.6972427,136.340759,149.0,83.7941666,2387,244127.8380979979
2025-10-07T19:48:48.094349+00:00,919,698.481323,20.1799564,0.0801874325,-10.8759365,-0.635754824,-7.45132875,-6.69818783,-1.53436434,503.122467,-481.894745,-50.2139435,35.7295113,-78.697258,136.733948,149.0,84.0504227,2387,244128.0943492823
2025-10-07T19:48:48.350601+00:00,919,697.77478,20.0946693,0.0524128973,-10.5047016,-0.801911592,-7.35472822,-6.35414934,-1.36296713,501.902466,-482.17981,-49.8618774,35.7295,-78.6972656,136.381866,150.0,84.3066711,2387,244128.3506005667
2025-10-07T19:48:48.606852+00:00,919,697.574524,19.8902836,0.0753413215,-10.5047016,-0.765188277,-7.35273647,-6.35435772,-1.36343479,500.020172,-483.806702,-50.2114143,35.7294807,-78.6972809,136.731415,150.0,84.5629272,2387,244128.60685185084
2025-10-07T19:48:48.863103+00:00,919,697.195312,19.6464615,-0.0947202444,-10.351326,-0.779916823,-7.44472742,-6.4256134,-0.830506086,497.732056,-485.817627,-48.222332,35.7294617,-78.6973,134.742325,151.0,84.8191757,2387,244128.86310313523
2025-10-07T19:48:49.119354+00:00,919,697.000732,19.4396954,-0.0829695389,-10.351326,-0.743799806,-7.44385242,-6.42538214,-0.831800938,495.82608,-487.463257,-48.4365,35.7294464,-78.697319,134.956497,151.0,85.0754242,2387,244129.1193544196
2025-10-07T19:48:49.375606+00:00,919,696.876099,19.004961,-0.205724657,-10.3225603,-0.672517955,-7.83308697,-6.84663105,-0.473711491,492.046967,-491.229279,-47.1159554,35.7294121,-78.6973648,133.635956,152.0,85.3316803,2387,244129.375605704
2025-10-07T19:48:49.631857+00:00,919,696.640625,19.3258381,-0.473181605,-10.1130857,-0.740002275,-6.86547327,-5.92855263,0.35176295,494.707794,-488.528809,-43.7266693,35.729435,-78.6973343,130.246658,153.0,85.5879288,2387,244129.63185698862
2025-10-07T19:48:49.888108+00:00,919,696.454956,19.135479,-0.485923201,-10.1130857,-0.709637225,-6.86596155,-5.92923927,0.35019958,492.94809,-490.048401,-43.6379204,35.7294197,-78.6973495,130.157913,153.0,85.8441772,2387,244129.888108273
2025-10-07T19:48:50.144360+00:00,919,696.259338,18.8323059,-0.586847603,-10.0447874,-0.661533177,-7.06863594,-6.1512661,0.598068058,490.226288,-492.592102,-42.524353,35.729393,-78.6973801,129.044342,154.0,86.1004333,2387,244130.1443595574
2025-10-07T19:48:50.400611+00:00,919,696.094,18.6355839,-0.605049729,-10.0447874,-0.629192173,-7.06873417,-6.15134573,0.59715,488.414886,-494.168396,-42.3721085,35.7293777,-78.6973953,128.892105,154.0,86.3566818,2387,244130.40061084155
2025-10-07T19:48:50.656862+00:00,919,695.93689,18.4387741,-0.623317,-10.0447874,-0.596871793,-7.06873417,-6.15134573,0.59715,486.603516,-495.74469,-42.2190857,35.7293625,-78.6974106,128.73909,154.0,86.6129379,2387,244130.65686212547
2025-10-07T19:48:50.913113+00:00,919,696.05719,17.6679478,-0.45524469,-9.99487686,-0.46338442,-8.1243391,-7.12044048,-0.0132086473,479.910217,-502.191162,-44.562664,35.7293,-78.6974869,131.082672,155.0,86.8691864,2387,244130.91311340962
2025-10-07T19:48:51.169365+00:00,919,695.944275,17.4406281,-0.461585581,-9.99487686,-0.41969505,-8.12185192,-7.11932182,-0.0124569573,477.831238,-504.013611,-44.5651894,35.7292824,-78.6975,131.08519,155.0,87.1254349,2387,244131.1693646791
2025-10-07T19:48:51.425616+00:00,919,695.590637,17.5404701,-0.63984257,-10.1028633,-0.57784611,-7.57956839,-6.45600939,0.539586186,478.51239,-503.069641,-42.3458176,35.72929,-78.6974945,128.865814,156.0,87.381691,2387,244131.42561596326
2025-10-07T19:48:51.681867+00:00,919,695.447571,17.3310795,-0.657029033,-10.1028633,-0.539502561,-7.57814407,-6.45714092,0.538861692,476.570923,-504.723663,-42.2083,35.7292709,-78.6975098,128.728302,156.0,87.6379395,2387,244131.68186724742
2025-10-07T19:48:51.938119+00:00,919,695.276367,17.3517914,-0.966014,-10.2096128,-0.586275399,-7.15450478,-6.0590744,1.42709577,476.700897,-504.665436,-38.4487381,35.7292709,-78.6975098,124.968735,157.0,87.8941879,2387,244131.93811853157
2025-10-07T19:48:52.194370+00:00,919,695.030151,17.2045765,-1.40333378,-10.0337477,-0.606357872,-7.09312,-6.00097895,2.6119225,475.298523,-506.020081,-33.1951637,35.7292595,-78.697525,119.715164,158.0,88.150444,2387,244132.19436981573
2025-10-07T19:48:52.450621+00:00,919,694.879272,17.0102425,-1.46382511,-10.0337477,-0.571424723,-7.09292,-6.00163269,2.60959101,473.480896,-507.557861,-32.5280457,35.7292442,-78.6975403,119.048042,158.0,88.4066925,2387,244132.4506211001
2025-10-07T19:48:52.706872+00:00,919,694.941223,16.388588,-1.09503531,-10.2487278,-0.485715926,-7.88728094,-6.63752794,1.2966882,467.925964,-512.448,-37.2245483,35.7291946,-78.6975937,123.744545,159.0,88.662941,2387,244132.70687238427
2025-10-07T19:48:52.963124+00:00,919,694.822083,16.1718864,-1.12843847,-10.2487278,-0.445284545,-7.88623619,-6.63757563,1.29700446,465.905792,-514.148376,-36.8920021,35.7291756,-78.6976166,123.412,159.0,88.9192,2387,244132.96312366865
2025-10-07T19:48:53.219375+00:00,919,694.713074,15.9550371,-1.16182303,-10.2487278,-0.405542582,-7.88623619,-6.63757563,1.29700446,463.884949,-515.849243,-36.5596428,35.7291565,-78.6976318,123.079636,159.0,89.1754456,2387,244133.21937496282
2025-10-07T19:48:53.475626+00:00,919,694.877686,15.3489618,-0.622316062,-10.4254951,-0.28290388,-8.61596584,-7.17661428,-0.413364619,458.390778,-520.439392,-43.3105621,35.7291069,-78.6976852,129.830566,160.0,89.4317,2387,244133.4756262472
2025-10-07T19:48:53.731878+00:00,919,694.811462,15.1121674,-0.620394707,-10.4254951,-0.235837936,-8.61386776,-7.17604399,-0.409468055,456.185455,-522.277039,-43.4112549,35.7290878,-78.6977081,129.931244,160.0,89.6879501,2387,244133.7318775316
2025-10-07T19:48:53.988129+00:00,919,694.336731,15.510438,-0.0971466601,-10.3412275,-0.396918565,-7.56107235,-5.99510908,-1.82300758,459.357605,-518.302124,-49.5681114,35.7291145,-78.6976624,136.088104,161.0,89.9442,2387,244133.98812881598
2025-10-07T19:48:54.244380+00:00,919,694.239746,15.3055763,-0.0642913431,-10.3412275,-0.36068061,-7.56119776,-5.99666071,-1.81780112,457.419922,-519.839355,-50.0291862,35.7291,-78.6976776,136.549179,161.0,90.2004547,2387,244134.24438010037
2025-10-07T19:48:54.500631+00:00,919,694.151917,15.1006889,-0.0310331713,-10.3412275,-0.325126171,-7.56119776,-5.99666071,-1.81780112,455.482361,-521.376038,-50.4950027,35.7290802,-78.6976929,137.015,161.0,90.4567,2387,244134.50063138452
2025-10-07T19:48:54.756883+00:00,919,694.030518,15.2751122,-0.0561239719,-10.6885033,-0.325657189,-6.84845352,-5.42851448,-1.62311268,457.001984,-519.918518,-50.1232567,35.7290955,-78.6976776,136.64325,162.0,90.7129517,2387,244134.7568826689
2025-10-07T19:48:55.013134+00:00,919,693.950928,15.0892448,-0.0267277565,-10.6885033,-0.296620488,-6.85035801,-5.43016386,-1.62136185,455.244537,-521.312195,-50.5362816,35.7290802,-78.6976929,137.056274,162.0,90.9692078,2387,244135.01313395306
2025-10-07T19:48:55.269385+00:00,919,693.937744,14.8725977,-0.0909705311,-11.1354179,-0.230196834,-6.87245798,-5.5191865,-1.37270749,453.273865,-523.076538,-49.8333,35.7290611,-78.6977158,136.353302,163.0,91.2254562,2387,244135.26938523722
2025-10-07T19:48:55.525637+00:00,919,693.882324,14.6852913,-0.0667441487,-11.1354179,-0.201228872,-6.87367964,-5.51965189,-1.37290919,451.511047,-524.492065,-50.1849747,35.7290459,-78.697731,136.704971,163.0,91.4817123,2387,244135.5256365216
2025-10-07T19:48:55.781888+00:00,919,693.834534,14.4981098,-0.0424983799,-11.1354179,-0.17184478,-6.87367964,-5.51965189,-1.37290919,449.749664,-525.906494,-50.5367851,35.7290306,-78.6977463,137.056778,163.0,91.7379608,2387,244135.781887806
2025-10-07T19:48:56.038139+00:00,919,693.506958,14.4650879,0.322942376,-10.7579536,-0.195381314,-6.70277786,-5.23482943,-2.24698114,449.107239,-525.582581,-54.9327049,35.729023,-78.6977386,141.452698,164.0,91.9942093,2387,244136.03813909038
2025-10-07T19:48:56.294390+00:00,919,693.46051,14.2838278,0.365849525,-10.7579536,-0.167223245,-6.70354176,-5.23508358,-2.24531198,447.388641,-526.925049,-55.5064163,35.7290077,-78.6977539,142.026413,164.0,92.2504654,2387,244136.29439037057
2025-10-07T19:48:56.550642+00:00,919,693.421326,14.1026402,0.408898562,-10.7579536,-0.138635367,-6.70354176,-5.23508358,-2.24531198,445.670837,-528.266541,-56.0817833,35.7289925,-78.6977692,142.601776,164.0,92.5067139,2387,244136.55064165473
2025-10-07T19:48:56.806893+00:00,919,693.389465,13.9214334,0.451947927,-10.7579536,-0.110043079,-6.70354176,-5.23508358,-2.24531198,443.953064,-529.608032,-56.6571465,35.7289772,-78.6977844,143.177139,164.0,92.7629623,2387,244136.80689293888
2025-10-07T19:48:57.063144+00:00,919,693.364929,13.7402086,0.494996279,-10.7579536,-0.0814473107,-6.70354176,-5.23508358,-2.24531198,442.23526,-530.949524,-57.2325096,35.7289619,-78.6978,143.752502,164.0,93.0192184,2387,244137.06314422304
2025-10-07T19:48:57.319396+00:00,919,693.347717,13.5589714,0.538042307,-10.7579536,-0.0528489538,-6.70354176,-5.23508358,-2.24531198,440.517487,-532.291,-57.8078728,35.7289467,-78.6978149,144.327866,164.0,93.2754669,2387,244137.31939550277
2025-10-07T19:48:57.575647+00:00,919,693.337891,13.3777237,0.581084549,-10.7579536,-0.0242489241,-6.70354176,-5.23508358,-2.24531198,438.799683,-533.632507,-58.3832359,35.7289314,-78.6978302,144.903229,164.0,93.5317154,2387,244137.57564678692
2025-10-07T19:48:57.831898+00:00,919,693.335327,13.1964703,0.624121845,-10.7579536,0.00435187435,-6.70354176,-5.23508358,-2.24531198,437.081909,-534.974,-58.9586029,35.7289162,-78.6978455,145.478592,164.0,93.7879715,2387,244137.83189807084
2025-10-07T19:48:58.088149+00:00,919,693.340088,13.0152149,0.667152703,-10.7579536,0.0329525359,-6.70354176,-5.23508358,-2.24531198,435.364105,-536.315491,-59.5339661,35.7289,-78.6978607,146.053955,164.0,94.04422,2387,244138.088149355
2025-10-07T19:48:58.344401+00:00,919,693.352234,12.8339605,0.710175812,-10.7579536,0.061552152,-6.70354176,-5.23508358,-2.24531198,433.646301,-537.657,-60.1093292,35.7288857,-78.697876,146.629333,164.0,94.3004761,2387,244138.34440063892
2025-10-07T19:48:58.600652+00:00,919,693.371643,12.6527109,0.753189921,-10.7579536,0.0901498124,-6.70354176,-5.23508358,-2.24531198,431.928528,-538.998474,-60.6846924,35.7288704,-78.6978912,147.204681,164.0,94.5567245,2387,244138.60065192307
2025-10-07T19:48:58.856903+00:00,919,693.398376,12.4714699,0.7961936,-10.7579536,0.118744619,-6.70354176,-5.23508358,-2.24531198,430.210724,-540.34,-61.2600594,35.7288551,-78.6979065,147.78006,164.0,94.812973,2387,244138.85690320723
2025-10-07T19:48:59.113154+00:00,919,693.432495,12.2902412,0.839185536,-10.7579536,0.147335663,-6.70354176,-5.23508358,-2.24531198,428.49295,-541.681519,-61.8354225,35.7288361,-78.6979218,148.355423,164.0,95.0692291,2387,244139.11315449138
2025-10-07T19:48:59.369406+00:00,919,693.473938,12.1090288,0.882164359,-10.7579536,0.175922036,-6.70354176,-5.23508358,-2.24531198,426.775146,-543.023,-62.4107857,35.7288208,-78.697937,148.930786,164.0,95.3254776,2387,244139.36940577577
2025-10-07T19:48:59.625657+00:00,919,693.262756,12.3228922,0.390938133,-10.6026497,0.0812408775,-6.17865181,-4.86639452,-1.23830938,428.879974,-541.750244,-56.4083061,35.7288399,-78.6979218,142.928299,165.0,95.5817261,2387,244139.62565705992
2025-10-07T19:48:59.881908+00:00,919,693.28186,12.3528137,-0.25712958,-10.3127918,0.0763932392,-5.88484812,-4.75674343,-0.0228882022,429.392334,-542.126892,-48.5842247,35.7288475,-78.6979218,135.104218,166.0,95.8379822,2387,244139.8819083443
2025-10-07T19:49:00.138160+00:00,919,693.303284,12.1919384,-0.25984633,-10.3127918,0.0979305357,-5.88703299,-4.75832701,-0.0285539925,427.877106,-543.349487,-48.6008224,35.7288322,-78.697937,135.120819,166.0,96.0942307,2387,244140.13815963847
2025-10-07T19:49:00.394411+00:00,919,693.331116,12.0316916,-0.263319939,-10.3127918,0.119104236,-5.88703299,-4.75832701,-0.0285539925,426.368561,-544.568787,-48.608139,35.728817,-78.6979523,135.128128,166.0,96.3504868,2387,244140.39441092286
2025-10-07T19:49:00.650662+00:00,919,693.364319,11.8714581,-0.266791195,-10.3127918,0.140275136,-5.88703299,-4.75832701,-0.0285539925,424.86,-545.788147,-48.6154556,35.7288055,-78.6979675,135.135452,166.0,96.6067352,2387,244140.65066220725
2025-10-07T19:49:00.906913+00:00,919,693.403,11.7112408,-0.27026,-10.3127918,0.161442757,-5.88703299,-4.75832701,-0.0285539925,423.35144,-547.007446,-48.6227722,35.7287903,-78.6979828,135.142761,166.0,96.8629837,2387,244140.90691349164
2025-10-07T19:49:01.163165+00:00,919,693.447083,11.5510435,-0.273726285,-10.3127918,0.182606578,-5.88703299,-4.75832701,-0.0285539925,421.842865,-548.226807,-48.6300888,35.7287788,-78.6979904,135.150085,166.0,97.1192398,2387,244141.1631647758
2025-10-07T19:49:01.419416+00:00,919,693.496582,11.3908672,-0.27718997,-10.3127918,0.203766108,-5.88703299,-4.75832701,-0.0285539925,420.33432,-549.446106,-48.6374054,35.7287636,-78.6980057,135.15741,166.0,97.3754883,2387,244141.41941605994
2025-10-07T19:49:01.675667+00:00,919,693.565552,11.5215244,-0.190666258,-11.115633,0.198170915,-5.54723167,-4.49912834,-0.172673091,421.606842,-548.466736,-49.6494713,35.728775,-78.698,136.169464,167.0,97.6317368,2387,244141.67566734386
2025-10-07T19:49:01.931919+00:00,919,693.618103,11.3696718,-0.190435454,-11.115633,0.217181057,-5.54915619,-4.50057745,-0.174079582,420.178314,-549.623718,-49.6992493,35.7287636,-78.6980057,136.219238,167.0,97.8879929,2387,244141.9319186278
2025-10-07T19:49:02.188170+00:00,919,694.406677,10.273756,-0.262342751,-11.8836813,0.434236,-6.55668879,-5.34806156,-0.0903788134,410.038574,-558.255798,-49.1881714,35.728672,-78.6981049,135.70816,168.0,98.1442413,2387,244142.18816989704
2025-10-07T19:49:02.444421+00:00,919,694.520691,10.0952835,-0.264865458,-11.8836813,0.460297912,-6.55539465,-5.34674931,-0.0908777341,408.359528,-559.624512,-49.213047,35.7286568,-78.6981201,135.733047,168.0,98.4004898,2387,244142.4444211812
2025-10-07T19:49:02.700672+00:00,919,694.642,9.91675663,-0.267521709,-11.8836813,0.486619145,-6.55539465,-5.34674931,-0.0908777341,406.679688,-560.994629,-49.2363358,35.7286415,-78.6981354,135.756332,168.0,98.6567459,2387,244142.70067246511
2025-10-07T19:49:02.956924+00:00,919,694.770081,9.73829365,-0.270174444,-11.8836813,0.512926221,-6.55539465,-5.34674931,-0.0908777341,404.999878,-562.364746,-49.2596207,35.7286263,-78.6981506,135.779617,168.0,98.9129944,2387,244142.95692374927
2025-10-07T19:49:03.213175+00:00,919,694.904907,9.55989838,-0.272823542,-11.8836813,0.539218426,-6.55539465,-5.34674931,-0.0908777341,403.320038,-563.734863,-49.2829094,35.728611,-78.6981659,135.802902,168.0,99.1692505,2387,244143.21317503342
2025-10-07T19:49:03.469426+00:00,919,694.123901,10.9841375,-1.19459677,-11.2199926,0.287160695,-4.81348801,-4.0876174,1.49708521,416.999481,-553.622314,-37.7060928,35.7287331,-78.6980515,124.226089,169.0,99.4255,2387,244143.46942631758
2025-10-07T19:49:03.725678+00:00,919,694.199646,10.8511515,-1.2290535,-11.2199926,0.303623587,-4.81655788,-4.0906558,1.49089825,415.762207,-554.672363,-37.3302155,35.7287216,-78.6980667,123.850212,169.0,99.6817474,2387,244143.72567760173
2025-10-07T19:49:03.981929+00:00,919,694.515259,10.3117619,-1.22304058,-11.2569599,0.414003611,-5.24568558,-4.46459723,1.40906739,410.697906,-558.809,-37.5662575,35.7286758,-78.6981125,124.086258,170.0,99.938,2387,244143.98192888589
2025-10-07T19:49:04.238180+00:00,919,694.400146,10.1251488,-1.18874824,-10.7559452,0.403217793,-5.33622742,-4.48211098,1.27981091,408.798492,-560.026367,-38.024456,35.7286606,-78.6981201,124.544449,171.0,100.194252,2387,244144.23818017004
2025-10-07T19:49:04.494431+00:00,919,694.505859,9.97877502,-1.21946657,-10.7559452,0.421520859,-5.33625507,-4.48191547,1.27949917,407.431122,-561.174866,-37.6970024,35.7286491,-78.6981354,124.216995,171.0,100.4505,2387,244144.4944314542
2025-10-07T19:49:04.750683+00:00,919,694.797729,10.2827892,-1.85621953,-10.6448145,0.486438692,-4.6642127,-4.16232443,2.54032707,410.666077,-559.644531,-29.9219818,35.7286758,-78.6981201,116.441978,172.0,100.706757,2387,244144.75068273811
2025-10-07T19:49:05.006934+00:00,919,694.92572,10.2718925,-2.03141952,-10.2701721,0.500666559,-4.4916296,-4.05478096,2.80347776,410.649689,-559.924438,-27.8077927,35.7286758,-78.6981201,114.327789,173.0,100.963005,2387,244145.00693402227
2025-10-07T19:49:05.263185+00:00,919,695.244507,9.86315346,-1.70013762,-10.2337,0.555099845,-4.89631796,-4.32951975,1.85830319,406.797668,-562.903381,-31.9433556,35.7286415,-78.6981583,118.463356,174.0,101.219261,2387,244145.2631853062
2025-10-07T19:49:05.519437+00:00,919,695.452942,9.328125,-1.58575976,-10.0864296,0.602745056,-5.55855227,-4.76306105,1.43233895,401.623901,-566.773682,-33.476265,35.7285957,-78.6982,119.996262,175.0,101.47551,2387,244145.51943659034
2025-10-07T19:49:05.775688+00:00,919,695.61,9.17491913,-1.61985838,-10.0864296,0.623149395,-5.55801153,-4.76277781,1.43300891,400.19986,-567.994,-33.1087608,35.7285843,-78.6982117,119.628761,175.0,101.731758,2387,244145.7756878745
2025-10-07T19:49:06.031939+00:00,919,695.773315,9.18298721,-1.35499263,-10.3339739,0.607472599,-5.27130079,-4.49793243,0.589974582,400.335541,-567.901794,-36.3262444,35.7285843,-78.6982117,122.846237,176.0,101.988014,2387,244146.03193915865
2025-10-07T19:49:06.288190+00:00,919,695.992065,8.82302189,-1.45950818,-10.3774767,0.657035708,-5.68774843,-4.80867672,0.834733546,396.89502,-570.65155,-35.1587563,35.7285538,-78.6982422,121.678749,177.0,102.244263,2387,244146.28819043838
2025-10-07T19:49:06.544442+00:00,919,696.163086,8.66701698,-1.48101199,-10.3774767,0.677670419,-5.68731689,-4.8085618,0.835273,395.437866,-571.883606,-34.9443169,35.7285385,-78.6982574,121.46431,177.0,102.500511,2387,244146.54444172254
2025-10-07T19:49:06.800693+00:00,919,696.330566,8.59653091,-1.13347542,-10.6317883,0.665670753,-5.53754377,-4.60883141,-0.307801694,394.769135,-572.274475,-39.1865654,35.7285347,-78.6982574,125.706558,178.0,102.756767,2387,244146.80069300646
2025-10-07T19:49:07.056944+00:00,919,696.503662,8.44517612,-1.13088942,-10.6317883,0.684954941,-5.53727102,-4.60912275,-0.306484878,393.350311,-573.455566,-39.263855,35.7285194,-78.6982727,125.783852,178.0,103.013016,2387,244147.0569442906
2025-10-07T19:49:07.313196+00:00,919,696.763428,8.48640156,-1.67927289,-10.7791729,0.709619224,-5.04078531,-4.40547,1.4449333,393.997223,-573.743896,-32.6100769,35.7285271,-78.6982727,119.130081,179.0,103.269264,2387,244147.31319557453
2025-10-07T19:49:07.569447+00:00,919,696.816772,8.27212238,-1.65229,-10.5332193,0.698124707,-5.24962664,-4.49357939,1.2498672,391.872925,-575.239807,-32.9910316,35.728508,-78.698288,119.511032,180.0,103.52552,2387,244147.5694468587
2025-10-07T19:49:07.825698+00:00,919,696.998,8.12791634,-1.68206942,-10.5332193,0.716113269,-5.24973106,-4.49364948,1.24899137,390.527588,-576.391357,-32.6715469,35.7284966,-78.6983,119.191544,180.0,103.781769,2387,244147.82569814284
2025-10-07T19:49:08.081949+00:00,919,697.128296,7.78058577,-1.64138663,-10.7201033,0.731992662,-5.74313736,-4.78051567,1.01358831,387.089539,-578.829773,-33.2518845,35.728466,-78.6983337,119.771881,181.0,104.038025,2387,244148.081949427
2025-10-07T19:49:08.338201+00:00,919,697.318604,7.62453604,-1.66639435,-10.7201033,0.752750337,-5.74270773,-4.78030825,1.01354837,385.618347,-580.054504,-32.9922562,35.7284508,-78.6983414,119.512253,181.0,104.294273,2387,244148.33820071115
2025-10-07T19:49:08.594452+00:00,919,697.162,7.50948668,-1.63080239,-10.2874117,0.684207082,-5.73451662,-4.66569567,0.841093361,384.360413,-580.675049,-33.4430962,35.7284393,-78.698349,119.963089,182.0,104.550522,2387,244148.59445199507
2025-10-07T19:49:08.850703+00:00,919,697.363708,7.40877151,-1.51062739,-10.2213917,0.726735115,-5.60146093,-4.58976603,0.403921157,383.43158,-581.442932,-34.9358139,35.7284317,-78.6983566,121.455811,183.0,104.806778,2387,244148.850703279
2025-10-07T19:49:09.106955+00:00,919,697.55249,7.25731373,-1.52270305,-10.2213917,0.74563396,-5.60161304,-4.58962774,0.404521,381.996368,-582.61908,-34.8317909,35.7284203,-78.6983719,121.351791,183.0,105.063026,2387,244149.1069545629
2025-10-07T19:49:09.363206+00:00,919,697.730896,7.2043128,-1.52399981,-10.4225016,0.767729,-5.36637115,-4.45252275,0.377001733,381.554321,-583.121948,-34.8365135,35.7284164,-78.6983795,121.356506,184.0,105.319275,2387,244149.36320584707
2025-10-07T19:49:09.619457+00:00,919,697.92981,7.05866623,-1.53538227,-10.4225016,0.785053492,-5.36681604,-4.45239544,0.377307057,380.178864,-584.263,-34.7395744,35.7284,-78.6983871,121.259567,184.0,105.575531,2387,244149.61945713122
2025-10-07T19:49:09.875708+00:00,919,698.13324,6.91312,-1.5467273,-10.4225016,0.802725434,-5.36681604,-4.45239544,0.377307057,378.803619,-585.403931,-34.6428871,35.7283897,-78.6984,121.162888,184.0,105.831779,2387,244149.87570841538
2025-10-07T19:49:10.131960+00:00,919,698.336914,6.6786561,-0.958945036,-9.96837521,0.85046351,-5.60518169,-4.50632477,-1.42777801,376.403564,-586.722229,-41.8547859,35.7283669,-78.6984177,128.374786,185.0,106.088036,2387,244150.13195969953
2025-10-07T19:49:10.388211+00:00,919,698.588257,6.49360943,-0.945473433,-10.167037,0.896529555,-5.67229271,-4.57842302,-1.3929224,374.634399,-588.136475,-42.072319,35.7283516,-78.6984329,128.592316,186.0,106.344284,2387,244150.38821098345
2025-10-07T19:49:10.644462+00:00,919,698.843933,6.17152643,-0.864832342,-10.3715439,0.953479648,-6.06096363,-4.82731104,-1.56671035,371.432861,-590.389587,-43.1351089,35.7283249,-78.6984558,129.655106,187.0,106.600533,2387,244150.64446226737
2025-10-07T19:49:10.900714+00:00,919,699.091125,6.009305,-0.8358441,-10.3715439,0.975833893,-6.06077957,-4.82699299,-1.56609535,369.88,-591.626465,-43.5358353,35.7283096,-78.6984711,130.055832,187.0,106.856789,2387,244150.9007135513
2025-10-07T19:49:11.156965+00:00,919,699.278,6.10566425,-1.02139747,-10.2303143,0.954657912,-5.46024847,-4.49096441,-0.918909431,371.017334,-591.297607,-41.2680664,35.7283211,-78.6984711,127.788063,188.0,107.113037,2387,244151.15696483545
2025-10-07T19:49:11.413216+00:00,919,699.512695,5.91833067,-0.883235037,-9.78877354,0.993346512,-5.55814075,-4.54184914,-1.28458023,369.171387,-592.605469,-43.0027313,35.728302,-78.6984863,129.522736,189.0,107.369286,2387,244151.41321611937
2025-10-07T19:49:11.669467+00:00,919,699.719604,5.71385527,-0.822865784,-9.45639,1.01295245,-5.69915199,-4.61232662,-1.39844489,367.14389,-594.049866,-43.7912674,35.7282829,-78.6985,130.311264,190.0,107.625542,2387,244151.66946740352
2025-10-07T19:49:11.925719+00:00,919,699.932861,5.73989105,-0.823004186,-8.93650627,1.01447797,-5.27256203,-4.36069679,-1.30917871,367.526459,-594.064,-43.7978592,35.7282867,-78.6985,130.317856,191.0,107.88179,2387,244151.92571868768
2025-10-07T19:49:12.181970+00:00,919,700.195,5.59733725,-0.799104393,-8.93650627,1.03172684,-5.27281952,-4.3606987,-1.30917263,366.175201,-595.181519,-44.1333389,35.7282753,-78.6985092,130.653336,191.0,108.138039,2387,244152.18196996718
2025-10-07T19:49:12.438221+00:00,919,700.430237,5.44489431,-0.899460435,-8.36100578,1.05292392,-5.29126835,-4.40706491,-0.90554142,364.732574,-596.429199,-42.9530296,35.7282639,-78.6985245,129.473022,192.0,108.394295,2387,244152.4382212511
2025-10-07T19:49:12.694473+00:00,919,700.679688,5.42133141,-0.717579663,-7.65533304,1.06536412,-4.99858284,-4.19491816,-1.45848167,364.57309,-596.654175,-45.192379,35.72826,-78.6985245,131.712372,193.0,108.650543,2387,244152.69447253502
2025-10-07T19:49:12.950724+00:00,919,700.947388,5.35969067,-0.659693241,-7.30822182,1.08139503,-4.80379629,-4.07732058,-1.56214476,364.053802,-597.229248,-45.927906,35.7282562,-78.6985321,132.447906,194.0,108.906799,2387,244152.95072381894
2025-10-07T19:49:13.206975+00:00,919,701.224182,5.39233,-0.834378183,-7.02801132,1.08601546,-4.33627939,-3.86141849,-0.814712524,364.581665,-597.391479,-43.8065948,35.72826,-78.6985397,130.326599,195.0,109.163048,2387,244153.2069750982
2025-10-07T19:49:13.463226+00:00,919,701.503967,5.27248955,-0.820544064,-7.02801132,1.09804785,-4.33673573,-3.86154985,-0.81517446,363.470154,-598.381104,-44.0156975,35.7282524,-78.6985474,130.53569,195.0,109.419296,2387,244153.4632263819
2025-10-07T19:49:13.719478+00:00,919,701.767212,5.13136387,-0.765205622,-6.6481657,1.11193359,-4.4049654,-3.88990116,-0.974374235,362.114197,-599.45752,-44.7348862,35.728241,-78.6985626,131.254883,196.0,109.675552,2387,244153.7194776658
2025-10-07T19:49:13.975729+00:00,919,702.065125,4.86176729,-0.878806651,-5.85151768,1.14333141,-4.82075882,-4.1807,-0.481421709,359.462433,-601.496033,-43.4141693,35.7282143,-78.6985779,129.934158,197.0,109.931801,2387,244153.9757289495
2025-10-07T19:49:14.231980+00:00,919,702.378235,4.53311253,-0.787768602,-5.45936823,1.17713809,-5.41170645,-4.50075245,-0.824380457,356.135559,-603.749084,-44.6058388,35.7281837,-78.6986084,131.125839,198.0,110.188049,2387,244154.23198023342
2025-10-07T19:49:14.488232+00:00,919,702.650208,4.4122014,-0.771395147,-4.90395594,1.17781675,-5.34651041,-4.44531345,-0.833583176,354.991058,-604.72113,-44.8446,35.7281761,-78.698616,131.364594,199.0,110.444305,2387,244154.48823151735
2025-10-07T19:49:14.744483+00:00,919,702.954224,4.26869202,-0.757559538,-4.90395594,1.19520032,-5.34626,-4.4451952,-0.833491623,353.621216,-605.860107,-45.0581512,35.7281647,-78.6986313,131.578156,199.0,110.700554,2387,244154.74448280127
2025-10-07T19:49:15.000734+00:00,919,703.242493,4.1041255,-0.695930421,-4.553298,1.20724225,-5.4222579,-4.4647665,-1.02909386,352.004211,-607.074951,-45.8593941,35.7281494,-78.6986465,132.379395,200.0,110.95681,2387,244155.0007340852
2025-10-07T19:49:15.256985+00:00,919,703.532288,3.91177034,-0.622563779,-4.00337172,1.21942353,-5.58326,-4.52571249,-1.25742733,350.084229,-608.44696,-46.8092766,35.7281303,-78.6986618,133.329285,201.0,111.213058,2387,244155.25698536934
2025-10-07T19:49:15.513237+00:00,919,703.857788,3.74323797,-0.773228884,-3.58332253,1.2473619,-5.6260438,-4.61379147,-0.549744904,348.488098,-609.873657,-45.0118675,35.7281151,-78.6986771,131.53186,202.0,111.469307,2387,244155.51323665326
2025-10-07T19:49:15.769488+00:00,919,704.186096,3.6245954,-0.755145431,-3.29580545,1.27229249,-5.52372217,-4.564013,-0.591044784,347.378937,-610.865173,-45.2738495,35.7281075,-78.6986847,131.793854,203.0,111.725563,2387,244155.76948793742
2025-10-07T19:49:16.025739+00:00,919,704.514404,3.47737145,-0.746425271,-3.29580545,1.29043221,-5.52377939,-4.56394815,-0.591286838,345.96344,-612.034668,-45.4254837,35.7280922,-78.6987,131.94548,203.0,111.981812,2387,244156.02573922157
2025-10-07T19:49:16.281991+00:00,919,704.853149,3.33521271,-0.700465441,-3.27547073,1.30725694,-5.51103926,-4.54410744,-0.744523287,344.594116,-613.150696,-46.0338783,35.7280807,-78.6987076,132.553879,204.0,112.23806,2387,244156.2819905055
2025-10-07T19:49:16.538242+00:00,919,705.260803,2.98467541,-0.561465859,-3.02756405,1.37334621,-6.16137266,-4.88781071,-1.27761853,340.987488,-615.494507,-47.8213425,35.7280502,-78.6987381,134.341339,205.0,112.494316,2387,244156.5382417894
2025-10-07T19:49:16.794493+00:00,919,705.625,2.77169061,-0.297088385,-3.23472524,1.39336538,-6.35529518,-4.89668655,-2.26392412,338.790253,-616.858215,-51.1254272,35.7280273,-78.6987534,137.645416,206.0,112.750565,2387,244156.79449307334
2025-10-07T19:49:17.050744+00:00,919,705.977783,2.70638943,-0.547528803,-3.00973725,1.38678145,-6.00435925,-4.79043913,-1.06320918,338.325897,-617.760742,-48.0825768,35.7280235,-78.698761,134.60257,207.0,113.006813,2387,244157.05074435726
2025-10-07T19:49:17.306996+00:00,919,706.335938,2.54885387,-0.529195607,-3.00973725,1.40807211,-6.00432825,-4.79059935,-1.06354654,336.787262,-618.988342,-48.3552551,35.7280121,-78.6987762,134.875244,207.0,113.263069,2387,244157.30699564118
2025-10-07T19:49:17.563247+00:00,919,706.705139,2.74232316,-0.536197305,-3.10053229,1.40677118,-4.87567806,-4.20888805,-0.942472935,339.06015,-618.175354,-48.2662811,35.7280312,-78.6987686,134.786285,208.0,113.519318,2387,244157.56324692533
2025-10-07T19:49:17.819498+00:00,919,707.116211,2.51075888,-0.408132136,-3.14262772,1.45273674,-5.19492149,-4.36726809,-1.39519131,336.711823,-619.796814,-49.9045258,35.7280121,-78.6987839,136.424515,209.0,113.775574,2387,244157.81949820925
2025-10-07T19:49:18.075749+00:00,919,707.532837,2.20427346,-0.417723417,-3.23787642,1.49771702,-5.71405268,-4.66674757,-1.26822162,333.58136,-621.964905,-49.8588753,35.7279816,-78.6988068,136.378876,210.0,114.031822,2387,244158.0757494934
2025-10-07T19:49:18.332001+00:00,919,707.851501,2.1189661,-0.435603082,-2.95672131,1.4760946,-5.52341938,-4.54143,-1.1049273,332.807312,-622.756531,-49.6727142,35.7279739,-78.6988144,136.192719,211.0,114.288071,2387,244158.33200078757
2025-10-07T19:49:18.588252+00:00,919,708.232056,1.97338104,-0.416399091,-2.95672131,1.49431312,-5.52334213,-4.54145956,-1.10503542,331.391937,-623.920288,-49.955925,35.7279625,-78.6988297,136.475922,211.0,114.544327,2387,244158.58825207173
2025-10-07T19:49:18.844503+00:00,919,708.669434,1.79369891,-0.850152194,-2.8510704,1.53651702,-5.57258224,-4.7230587,0.64322269,329.748169,-625.687,-44.6580162,35.7279472,-78.6988525,131.178009,212.0,114.800575,2387,244158.84450335588
2025-10-07T19:49:19.100755+00:00,919,709.07605,1.65533853,-0.946295261,-2.60272908,1.54884934,-5.53773,-4.71893597,0.948452473,328.444641,-626.91272,-43.5141945,35.7279358,-78.6988602,130.03418,213.0,115.056824,2387,244159.10075464004
2025-10-07T19:49:19.357006+00:00,919,709.500854,1.40895903,-0.882295787,-2.63364744,1.57784581,-5.85379219,-4.85839605,0.605811536,325.919983,-628.649048,-44.3625183,35.7279129,-78.6988831,130.882507,214.0,115.31308,2387,244159.35700592396
2025-10-07T19:49:19.613257+00:00,919,709.842407,1.41416085,-0.822119296,-2.67018533,1.55503047,-5.37658119,-4.56613064,0.31690833,326.119171,-628.876831,-45.1272354,35.7279167,-78.6988831,131.647232,215.0,115.569328,2387,244159.6132572081
2025-10-07T19:49:19.869508+00:00,919,710.243103,1.27210832,-0.832175612,-2.67018533,1.57222462,-5.37670898,-4.56630182,0.317094117,324.741302,-630.047,-45.0459251,35.7279,-78.6989,131.565918,215.0,115.825584,2387,244159.86950849203
2025-10-07T19:49:20.125760+00:00,919,710.715576,0.991805494,-0.926974058,-2.97278595,1.63520992,-5.7869916,-4.82974958,0.638712347,321.885742,-632.120117,-43.9361343,35.7278786,-78.6989212,130.456131,216.0,116.081833,2387,244160.12575977595
2025-10-07T19:49:20.382011+00:00,919,711.137085,0.840239763,-0.943704665,-2.97278595,1.65476108,-5.78685,-4.82955694,0.63853389,320.403,-633.357605,-43.7726707,35.7278633,-78.6989365,130.292664,216.0,116.338081,2387,244160.38201105522
2025-10-07T19:49:20.638262+00:00,919,712.07782,-0.0633537173,-1.46767843,-3.41269302,1.95682132,-7.98663568,-6.20918369,2.53024936,310.880798,-639.536743,-37.4272156,35.7277794,-78.6990051,123.94722,217.0,116.594337,2387,244160.63826233914
2025-10-07T19:49:20.894514+00:00,919,712.410339,-0.169325739,-1.5191046,-3.6913,1.83954775,-7.7286067,-5.92974949,2.51065612,309.850494,-640.441833,-36.8167191,35.7277679,-78.6990128,123.336716,218.0,116.850586,2387,244160.89451362306
2025-10-07T19:49:21.150765+00:00,919,712.886169,-0.365347385,-1.57427704,-3.6913,1.87535608,-7.7270155,-5.92964792,2.50897241,307.871,-641.960693,-36.1748123,35.7277489,-78.699028,122.694809,218.0,117.106834,2387,244161.1507649021
2025-10-07T19:49:21.407016+00:00,919,713.269104,-0.613006234,-1.50085664,-4.23635149,1.82196283,-7.92062378,-5.893538,2.04026175,305.240143,-643.585754,-37.1301575,35.727726,-78.6990433,123.650162,219.0,117.363091,2387,244161.40701618578
2025-10-07T19:49:21.663267+00:00,919,713.867188,-0.552334845,-2.00952,-4.15274239,1.85874045,-7.1035881,-5.61504126,3.70264459,306.265839,-644.094299,-30.8254929,35.7277374,-78.6990509,117.34549,220.0,117.619339,2387,244161.66326746947
2025-10-07T19:49:21.919519+00:00,919,714.251587,-0.765737593,-2.12169886,-4.40702248,1.8362658,-7.23205853,-5.61141729,3.81861925,304.043427,-645.635193,-29.4642982,35.7277145,-78.6990662,115.984299,221.0,117.875587,2387,244161.9195187534
2025-10-07T19:49:22.175770+00:00,919,714.714111,-0.81289649,-1.84456944,-4.80437136,1.80929017,-6.82940435,-5.34087133,2.55161738,303.666229,-646.156311,-32.9411087,35.7277145,-78.6990738,119.461105,222.0,118.131844,2387,244162.17577003708
2025-10-07T19:49:22.432021+00:00,919,715.181396,-0.986141801,-1.89996111,-4.80437136,1.83774316,-6.82945156,-5.34131956,2.55203223,301.916077,-647.525085,-32.2869949,35.7276955,-78.6990891,118.806992,222.0,118.388092,2387,244162.432021321
2025-10-07T19:49:22.688273+00:00,919,715.823242,-1.52379906,-1.91428983,-5.33836079,1.94719863,-7.87841368,-5.84419775,2.40929818,296.09082,-650.920593,-32.180542,35.7276459,-78.6991272,118.700539,223.0,118.644348,2387,244162.68827260492
2025-10-07T19:49:22.944524+00:00,919,716.283386,-1.45790541,-1.78194594,-5.85111237,1.89922428,-7.11855459,-5.43041849,1.77670658,297.008118,-650.924255,-33.8488808,35.7276535,-78.6991272,120.368874,224.0,118.900597,2387,244162.9445238886
2025-10-07T19:49:23.200775+00:00,919,716.773743,-1.63659608,-1.8213774,-5.85111237,1.92805743,-7.11853313,-5.4308238,1.77748466,295.183899,-652.315857,-33.3928642,35.7276344,-78.6991425,119.912857,224.0,119.156845,2387,244163.20077517253
2025-10-07T19:49:23.457026+00:00,919,717.114929,-1.51459432,-1.68503428,-6.02826786,1.86718571,-6.29737854,-4.98461962,1.20226884,296.690094,-651.917603,-35.1040573,35.7276497,-78.6991425,121.624054,225.0,119.413101,2387,244163.4570264567
2025-10-07T19:49:23.713278+00:00,919,717.596375,-1.67407739,-1.71257627,-6.02826786,1.88988543,-6.29791355,-4.98533487,1.20307183,295.075775,-653.195374,-34.7950745,35.7276344,-78.6991501,121.315063,225.0,119.66935,2387,244163.7132777406
2025-10-07T19:49:23.969529+00:00,919,718.02533,-1.67631567,-2.11397028,-6.18654728,1.91623616,-5.86501217,-4.86246395,2.39516377,295.292725,-653.815796,-29.7909946,35.7276382,-78.6991577,116.310989,226.0,119.925598,2387,244163.96952902453
2025-10-07T19:49:24.225780+00:00,919,718.519104,-1.82633507,-2.16538358,-6.18654728,1.93738329,-5.866117,-4.86259794,2.39420462,293.788727,-655.062256,-29.1781654,35.727623,-78.699173,115.698158,226.0,120.181854,2387,244164.22578030868
2025-10-07T19:49:24.482032+00:00,919,719.170105,-2.38291526,-2.07386374,-6.59846783,2.06460929,-6.93857861,-5.37629938,1.94819939,287.65686,-658.434265,-30.3893757,35.7275696,-78.6992111,116.90937,227.0,120.438103,2387,244164.48203159237
2025-10-07T19:49:24.738283+00:00,919,719.47052,-2.43267894,-1.90592027,-6.44438219,2.01984167,-6.65489531,-5.17048025,1.30183852,287.177185,-658.870361,-32.5119705,35.7275658,-78.6992188,119.031967,228.0,120.694359,2387,244164.7382828763
2025-10-07T19:49:24.994534+00:00,919,719.991272,-2.5991354,-1.93521321,-6.44438219,2.04394674,-6.65468311,-5.17008972,1.30268586,285.472229,-660.195129,-32.1776848,35.7275505,-78.6992264,118.697678,228.0,120.950607,2387,244164.9945341602
2025-10-07T19:49:25.250785+00:00,919,720.380432,-2.57271886,-1.85440326,-6.6366334,2.03019691,-6.16244793,-4.93130875,0.965233922,285.917236,-660.376099,-33.2085037,35.7275543,-78.699234,119.7285,229.0,121.206856,2387,244165.25078544414
2025-10-07T19:49:25.507037+00:00,919,721.060364,-2.25592542,-2.27852154,-6.35308933,2.09351921,-4.8361969,-4.50751638,2.21152973,289.905792,-659.624878,-27.8877983,35.7275887,-78.6992264,114.407791,230.0,121.463112,2387,244165.50703672806
2025-10-07T19:49:25.763288+00:00,919,721.671265,-2.46090388,-2.71113276,-6.34350157,2.16101384,-5.02566481,-4.66132498,3.42027783,287.839508,-661.402,-22.4786415,35.7275696,-78.6992416,108.998642,231.0,121.71936,2387,244165.76328801198
2025-10-07T19:49:26.019539+00:00,919,722.146057,-2.55763221,-2.5156641,-6.32423353,2.14534402,-4.95158529,-4.58117628,2.56551647,286.890198,-662.243103,-24.9615116,35.727562,-78.6992493,111.481506,232.0,121.975609,2387,244166.01953929613
2025-10-07T19:49:26.275791+00:00,919,722.697937,-2.68682599,-2.56991696,-6.32423353,2.16207337,-4.95178461,-4.58114862,2.5654819,285.621155,-663.417053,-24.3041573,35.7275505,-78.6992645,110.82415,232.0,122.231865,2387,244166.27579058005
2025-10-07T19:49:26.532042+00:00,919,723.225769,-2.630831,-2.50069904,-6.65077639,2.1655097,-4.43751049,-4.35782957,2.16178727,286.470032,-663.59314,-25.1918907,35.7275581,-78.6992645,111.711884,233.0,122.488113,2387,244166.53204186374
2025-10-07T19:49:26.788293+00:00,919,723.782349,-2.74845958,-2.54668212,-6.65077639,2.17897677,-4.43803883,-4.35783291,2.16230369,285.332397,-664.709961,-24.6374397,35.7275467,-78.6992798,111.157433,233.0,122.744362,2387,244166.78829314766
2025-10-07T19:49:27.044544+00:00,919,724.352478,-2.66908288,-2.5179162,-7.24059439,2.19167495,-3.87960696,-4.13180208,1.91769862,286.474762,-664.825562,-25.0158081,35.7275581,-78.6992798,111.535805,234.0,123.000618,2387,244167.04454443158
2025-10-07T19:49:27.300796+00:00,919,724.915405,-2.77439737,-2.55886,-7.24059439,2.20237637,-3.88084483,-4.1320734,1.91848433,285.479218,-665.884827,-24.5234642,35.7275505,-78.699295,111.043457,234.0,123.256866,2387,244167.3007957155
2025-10-07T19:49:27.557047+00:00,919,725.48114,-2.87946367,-2.59967375,-7.24059439,2.21330953,-3.88084483,-4.1320734,1.91848433,284.484741,-666.943665,-24.0318489,35.7275391,-78.6993,110.551849,234.0,123.513123,2387,244167.55704699943
2025-10-07T19:49:27.813298+00:00,919,726.144531,-2.45257878,-2.59891677,-7.85447884,2.2390728,-2.41490364,-3.55958676,1.79268873,289.708374,-665.415039,-24.0389,35.7275887,-78.6992874,110.558899,235.0,123.769371,2387,244167.81329828335
2025-10-07T19:49:28.069550+00:00,919,726.718689,-2.52633047,-2.63709497,-7.85447884,2.24449658,-2.41842484,-3.56060219,1.79339194,289.084564,-666.328918,-23.5783978,35.727581,-78.699295,110.098389,235.0,124.02562,2387,244168.0695495675
2025-10-07T19:49:28.325801+00:00,919,727.590393,-3.12369323,-1.99557102,-8.16633797,2.36410117,-3.76568985,-4.14159632,-0.294129819,282.372498,-669.808655,-31.7800026,35.72752,-78.6993332,118.299995,236.0,124.281876,2387,244168.32580084653
2025-10-07T19:49:28.582052+00:00,919,728.301697,-3.59772062,-1.3727771,-8.12144184,2.43082714,-4.76447105,-4.46804094,-2.15445662,276.965454,-672.409363,-39.7395096,35.7274704,-78.6993637,126.259506,237.0,124.538124,2387,244168.58205213046
2025-10-07T19:49:28.838303+00:00,919,729.052795,-4.04346132,-1.73474729,-8.24401665,2.459445,-5.56521654,-4.84638596,-0.95648104,272.076782,-675.465332,-35.197525,35.7274284,-78.6994,121.717529,238.0,124.794373,2387,244168.83830341438
2025-10-07T19:49:29.094555+00:00,919,729.727661,-4.47737265,-1.73556376,-8.7208,2.4792726,-6.33654308,-5.11737871,-0.908990383,267.197021,-678.134888,-35.2327156,35.7273827,-78.6994247,121.752716,239.0,125.050629,2387,244169.09455469807
2025-10-07T19:49:29.350806+00:00,919,730.365723,-4.63364553,-1.72000444,-8.7208,2.50102425,-6.33568335,-5.11743116,-0.908960462,265.573944,-679.446,-35.4655075,35.7273712,-78.69944,121.985504,239.0,125.306877,2387,244169.35080598222
2025-10-07T19:49:29.607057+00:00,919,730.764343,-4.58149433,-1.83206666,-8.80416107,2.39160419,-5.81813431,-4.82593632,-0.514598906,266.36026,-679.638855,-34.0559692,35.727375,-78.6994476,120.575966,240.0,125.563133,2387,244169.60705726614
2025-10-07T19:49:29.863309+00:00,919,731.319702,-4.64202929,-1.69550312,-8.90572929,2.37189221,-5.61955,-4.69821405,-0.890776634,265.816162,-680.358,-35.8243904,35.7273712,-78.6994553,122.344383,241.0,125.819382,2387,244169.86330855006
2025-10-07T19:49:30.119560+00:00,919,731.929871,-4.7814064,-1.68020248,-8.90572929,2.38941526,-5.61955786,-4.69869232,-0.890693367,264.376251,-681.562,-36.0525894,35.7273598,-78.6994629,122.572586,241.0,126.07563,2387,244170.11955983398
2025-10-07T19:49:30.375811+00:00,919,732.567261,-4.3544817,-1.63538098,-9.49039268,2.36056662,-4.1313262,-4.12858772,-0.965771794,269.676849,-680.136963,-36.645813,35.7274055,-78.6994476,123.16581,242.0,126.331886,2387,244170.3758111179
2025-10-07T19:49:30.632062+00:00,919,733.173584,-4.46204233,-1.61863172,-9.49039268,2.37107778,-4.13235044,-4.12921906,-0.96565181,268.617065,-681.195557,-36.8931618,35.7273979,-78.6994629,123.413162,242.0,126.588135,2387,244170.63206240183
2025-10-07T19:49:30.888314+00:00,919,733.782532,-4.5693469,-1.60189617,-9.49039268,2.38135362,-4.13235044,-4.12921906,-0.96565181,267.558136,-682.253662,-37.1406097,35.7273865,-78.6994705,123.660606,242.0,126.844383,2387,244170.88831368551
2025-10-07T19:49:31.144565+00:00,919,734.394043,-4.67647171,-1.58518267,-9.49039268,2.39160371,-4.13235044,-4.12921906,-0.96565181,266.499207,-683.311768,-37.3880615,35.7273788,-78.6994858,123.908058,242.0,127.100639,2387,244171.1445649643
2025-10-07T19:49:31.400816+00:00,919,735.00824,-4.78341579,-1.56849158,-9.49039268,2.40182829,-4.13235044,-4.12921906,-0.96565181,265.440308,-684.369873,-37.6355095,35.7273674,-78.6995,124.155502,242.0,127.356888,2387,244171.40081624824
2025-10-07T19:49:31.657068+00:00,919,735.611267,-5.18575716,-1.42416489,-9.83046913,2.4094336,-4.87266636,-4.35604477,-1.31487024,260.804565,-686.689758,-39.5238457,35.7273254,-78.6995239,126.043839,243.0,127.613136,2387,244171.65706753192
2025-10-07T19:49:31.913319+00:00,919,736.230957,-5.30738926,-1.40076411,-9.83046913,2.42383575,-4.87158918,-4.35673714,-1.31388807,259.557556,-687.806091,-39.8589592,35.727314,-78.6995316,126.378952,243.0,127.869392,2387,244171.9133188156
2025-10-07T19:49:32.169570+00:00,919,736.896729,-5.6130681,-2.0854888,-9.84278488,2.43101931,-5.26391506,-4.57358742,0.527254462,256.254944,-690.205,-31.1016331,35.7272835,-78.6995621,117.621628,244.0,128.125641,2387,244172.1695700993
2025-10-07T19:49:32.425821+00:00,919,737.548767,-5.23566,-2.18565369,-10.0627823,2.3933742,-4.06459761,-4.13376093,0.755914927,261.045258,-689.161377,-29.8371906,35.7273293,-78.6995468,116.357185,245.0,128.381897,2387,244172.42582138322
2025-10-07T19:49:32.682073+00:00,919,738.16333,-5.34051514,-2.20261455,-10.0627823,2.40364146,-4.06522846,-4.13435364,0.754463,260.002838,-690.220886,-29.6449928,35.7273178,-78.6995621,116.164986,245.0,128.638138,2387,244172.6820726669
2025-10-07T19:49:32.938324+00:00,919,738.780518,-5.44514656,-2.21962786,-10.0627823,2.41349196,-4.06522846,-4.13435364,0.754463,258.961121,-691.280273,-29.4516602,35.7273102,-78.6995773,115.971649,245.0,128.894394,2387,244172.93832395083
2025-10-07T19:49:33.194575+00:00,919,739.400208,-5.54960537,-2.23660564,-10.0627823,2.42331743,-4.06522846,-4.13435364,0.754463,257.919403,-692.339722,-29.2583275,35.7273,-78.699585,115.77832,245.0,129.15065,2387,244173.19457523475
2025-10-07T19:49:33.450827+00:00,919,740.413635,-6.53237438,-2.38478947,-10.2059307,2.57600093,-6.01107,-4.89872169,1.07787132,246.36937,-697.685242,-27.3837872,35.7271957,-78.699646,113.903786,246.0,129.406906,2387,244173.45082651867
2025-10-07T19:49:33.707078+00:00,919,741.080444,-6.76269245,-1.96404719,-10.3643732,2.54861116,-6.2226243,-4.86958408,-0.0279813241,243.704361,-699.092102,-32.8432045,35.7271729,-78.6996613,119.363197,247.0,129.663147,2387,244173.7070778026
2025-10-07T19:49:33.963329+00:00,919,741.725342,-6.79045343,-2.33410645,-10.3734827,2.51323581,-5.93875742,-4.76584482,0.890639901,243.647018,-700.002808,-28.0848255,35.7271729,-78.6996689,114.60482,248.0,129.919403,2387,244173.96332908652
2025-10-07T19:49:34.219580+00:00,919,742.328125,-7.03877401,-2.5486,-10.6417198,2.5169704,-6.18399954,-4.83476114,1.3753947,240.843155,-701.71521,-25.3263321,35.7271461,-78.6996918,111.846329,249.0,130.175659,2387,244174.21958038068
2025-10-07T19:49:34.475832+00:00,919,742.975586,-7.18553734,-2.57724762,-10.6417198,2.53705764,-6.18361807,-4.83502,1.37499893,239.25882,-702.954,-24.9741917,35.7271309,-78.6997,111.494186,249.0,130.4319,2387,244174.4758316646
2025-10-07T19:49:34.732083+00:00,919,743.780518,-7.35964918,-3.21679401,-10.8167372,2.6093142,-6.22043562,-4.91926384,2.90271044,237.468689,-704.655457,-16.6983395,35.7271156,-78.6997223,103.218338,250.0,130.688156,2387,244174.73208294876
2025-10-07T19:49:34.988334+00:00,919,744.452,-7.50721693,-3.27482986,-10.8167372,2.63172054,-6.220191,-4.91938877,2.901649,235.874985,-705.915955,-15.9557066,35.7271,-78.6997375,102.475708,250.0,130.944412,2387,244174.9883342329
2025-10-07T19:49:35.244586+00:00,919,745.129272,-7.65455341,-3.33281,-10.8167372,2.65385246,-6.220191,-4.91938877,2.901649,234.281052,-707.176575,-15.2121553,35.7270889,-78.6997528,101.732155,250.0,131.200653,2387,244175.24458551683
2025-10-07T19:49:35.500837+00:00,919,745.653076,-8.14731598,-2.81151104,-10.7899981,2.66801429,-7.03430796,-5.11264277,1.46369398,228.289062,-709.506348,-21.9880428,35.7270317,-78.6997757,108.508041,251.0,131.456909,2387,244175.50083680052
2025-10-07T19:49:35.757088+00:00,919,746.339905,-8.31002617,-2.84145403,-10.7899981,2.69223952,-7.03318739,-5.11231089,1.4646796,226.487961,-710.81604,-21.6118908,35.7270164,-78.699791,108.131889,251.0,131.713165,2387,244175.7570880842
2025-10-07T19:49:36.013339+00:00,919,746.784485,-9.02715492,-2.06125641,-10.4376688,2.75568295,-8.36971474,-5.41049576,-0.550148547,217.564316,-713.683899,-31.752655,35.7269363,-78.6998215,118.272652,252.0,131.969406,2387,244176.0133393679
2025-10-07T19:49:36.269591+00:00,919,747.228149,-8.90221214,-1.94549739,-10.0068569,2.70047712,-7.67018223,-5.14630556,-0.814820588,219.225464,-713.57,-33.2864227,35.7269516,-78.6998215,119.806412,253.0,132.225662,2387,244176.26959063645
2025-10-07T19:49:36.525842+00:00,919,747.984192,-9.20587349,-1.55373847,-10.314043,2.80062342,-8.00069,-5.24259424,-1.81953228,215.564774,-715.217957,-38.4117851,35.7269173,-78.6998367,124.931778,254.0,132.481918,2387,244176.52584192014
2025-10-07T19:49:36.782093+00:00,919,748.705627,-9.38564301,-1.52012765,-10.314043,2.83010769,-8.00052547,-5.24234438,-1.81828213,213.51503,-716.56134,-38.8767738,35.7269,-78.699852,125.396767,254.0,132.738159,2387,244176.78209320406
2025-10-07T19:49:37.038344+00:00,919,749.434692,-9.56508732,-1.48649395,-10.314043,2.85976815,-8.00052547,-5.24234438,-1.81828213,211.46489,-717.904663,-39.3427124,35.7268829,-78.6998672,125.862701,254.0,132.994415,2387,244177.03834448775
2025-10-07T19:49:37.294596+00:00,919,750.355774,-9.92997646,-1.01884449,-10.6705732,3.00383615,-8.48643494,-5.37986612,-3.04091859,207.010941,-719.799866,-45.4809113,35.726841,-78.6998901,132.000916,255.0,133.250671,2387,244177.29459577167
2025-10-07T19:49:37.550847+00:00,919,751.129639,-10.1181326,-0.962029338,-10.6705732,3.03767037,-8.48610401,-5.37921667,-3.03902221,204.836868,-721.178101,-46.2575684,35.7268219,-78.6999054,132.777557,255.0,133.506912,2387,244177.55084705536
2025-10-07T19:49:37.807098+00:00,919,751.940674,-10.4731512,-1.04738188,-10.8257904,3.06864738,-8.88779926,-5.49061775,-2.63623238,200.598221,-723.281128,-45.1619072,35.7267838,-78.6999283,131.6819,256.0,133.763168,2387,244177.80709833905
2025-10-07T19:49:38.063350+00:00,919,752.549255,-10.1168203,-1.44025552,-10.7431927,2.95607591,-7.47256947,-5.12414646,-1.37619078,205.373444,-722.873596,-40.0743294,35.7268257,-78.6999207,126.594322,257.0,134.019424,2387,244178.06334962274
2025-10-07T19:49:38.319601+00:00,919,753.309937,-10.2841797,-1.41543615,-10.7431927,2.98190475,-7.47343206,-5.1245594,-1.37748706,203.45784,-724.186707,-40.4279633,35.7268105,-78.6999359,126.947952,257.0,134.275681,2387,244178.31960090643
2025-10-07T19:49:38.575852+00:00,919,753.907715,-9.95585155,-1.47536266,-10.6859503,2.92797208,-6.23584127,-4.77941799,-1.12557685,207.789108,-723.619202,-39.697155,35.7268486,-78.6999283,126.217148,258.0,134.531921,2387,244178.57585219035
2025-10-07T19:49:38.832103+00:00,919,754.585083,-9.6082468,-1.76478446,-10.1441498,2.91703796,-4.96812487,-4.49202728,-0.225170806,212.442322,-723.1698,-35.9498405,35.7268906,-78.6999283,122.469833,259.0,134.788177,2387,244178.83210347404
2025-10-07T19:49:39.088355+00:00,919,755.379456,-9.66654491,-1.52725422,-10.1616173,2.9568038,-4.82505369,-4.44747496,-0.915571511,211.869888,-724.002502,-39.1114845,35.7268867,-78.6999359,125.631477,260.0,135.044434,2387,244179.08835475796
2025-10-07T19:49:39.344606+00:00,919,756.105225,-9.82310581,-1.39113438,-10.1839733,2.97704649,-4.95619249,-4.46721268,-1.28182554,210.055084,-725.187256,-40.9321671,35.7268677,-78.6999512,127.452164,261.0,135.300674,2387,244179.3446060519
2025-10-07T19:49:39.600857+00:00,919,756.869629,-9.93949795,-1.36875975,-10.1839733,2.98946476,-4.95640564,-4.46707678,-1.28153026,208.784805,-726.332031,-41.2604523,35.7268562,-78.6999588,127.780457,261.0,135.556931,2387,244179.6008573358
2025-10-07T19:49:39.857109+00:00,919,757.569763,-10.0910139,-1.4838438,-10.1025715,3.00100136,-5.05125666,-4.51505947,-0.859982371,207.083099,-727.631165,-39.7680969,35.726841,-78.6999741,126.288086,262.0,135.813187,2387,244179.85710861973
2025-10-07T19:49:40.113360+00:00,919,758.340271,-10.2089691,-1.46954548,-10.1025715,3.01345229,-5.05131435,-4.51479864,-0.86009407,205.788605,-728.788,-39.9886055,35.7268295,-78.6999893,126.508606,262.0,136.069427,2387,244180.11335990365
2025-10-07T19:49:40.369611+00:00,919,759.114075,-10.3266773,-1.45527852,-10.1025715,3.02612424,-5.05131435,-4.51479864,-0.86009407,204.494202,-729.944946,-40.2090034,35.7268181,-78.7000046,126.729004,262.0,136.325684,2387,244180.36961119782
2025-10-07T19:49:40.625862+00:00,919,760.040039,-10.6240139,-1.78847659,-10.32617,3.11755157,-5.47956705,-4.75239611,0.228591695,201.030228,-732.09613,-35.8194542,35.7267876,-78.7000275,122.339447,263.0,136.58194,2387,244180.62586248197
2025-10-07T19:49:40.882114+00:00,919,760.840454,-10.7503147,-1.79471266,-10.32617,3.13128877,-5.47917795,-4.75145197,0.226538241,199.626648,-733.313293,-35.763649,35.7267761,-78.7000351,122.283646,263.0,136.838181,2387,244180.8821137659
2025-10-07T19:49:41.138365+00:00,919,761.674255,-11.1436405,-1.46723783,-10.3432178,3.17281246,-6.22554255,-4.89148712,-0.804452062,194.713287,-735.272217,-40.1151237,35.7267303,-78.700058,126.635117,264.0,137.094437,2387,244181.13836505005
2025-10-07T19:49:41.394616+00:00,919,762.489441,-11.2834463,-1.4539969,-10.3432178,3.1904304,-6.22398567,-4.89085,-0.803815842,193.119766,-736.525085,-40.3206825,35.7267151,-78.7000732,126.840683,264.0,137.350693,2387,244181.39461633374
2025-10-07T19:49:41.650868+00:00,919,763.268433,-11.1403084,-1.47592676,-10.1907454,3.16393638,-5.4691968,-4.68851805,-0.693764687,195.166061,-736.805481,-40.0838089,35.7267342,-78.7000732,126.603806,265.0,137.606934,2387,244181.65086761743
2025-10-07T19:49:41.907119+00:00,919,763.860901,-11.2845497,-1.39436007,-9.80876446,3.13036561,-5.5665822,-4.64954519,-0.909147322,193.436539,-737.813965,-41.1870155,35.7267189,-78.7000885,127.707008,266.0,137.86319,2387,244181.90711890112
2025-10-07T19:49:42.163370+00:00,919,764.665,-11.410511,-1.37922287,-9.80876446,3.14500546,-5.5667181,-4.64962101,-0.908889174,192.010086,-739.005493,-41.419735,35.7267075,-78.7001,127.939735,266.0,138.119446,2387,244182.16337016944
2025-10-07T19:49:42.419621+00:00,919,765.367188,-11.446002,-1.67155731,-9.54714394,3.13632417,-5.3198247,-4.62432432,0.0304007344,191.80661,-739.99115,-37.5545,35.7267036,-78.7001114,124.074493,267.0,138.375687,2387,244182.41962145336
2025-10-07T19:49:42.675873+00:00,919,766.186218,-11.6037884,-1.66154981,-9.03577518,3.17756367,-5.41656828,-4.67178631,-0.00958538707,189.967133,-741.304,-37.7123337,35.7266884,-78.7001266,124.23233,268.0,138.631943,2387,244182.67587273728
2025-10-07T19:49:42.932124+00:00,919,767.140564,-10.9518566,-1.71468806,-8.99495792,3.17365456,-3.29780436,-4.18259192,0.148988351,198.655945,-740.042725,-37.1120071,35.7267647,-78.7001114,123.632,269.0,138.888199,2387,244182.93212402097
2025-10-07T19:49:43.188375+00:00,919,767.992554,-11.2366371,-1.86053467,-9.24215698,3.17704654,-3.84234834,-4.3281951,0.60120523,195.226562,-741.931274,-35.1737823,35.7267342,-78.7001343,121.693771,270.0,139.144455,2387,244183.18837529977
2025-10-07T19:49:43.444627+00:00,919,768.807678,-11.3288059,-1.87412,-9.24215698,3.18507957,-3.84263444,-4.328372,0.600853086,194.241653,-743.040466,-35.0200424,35.7267265,-78.7001495,121.540039,270.0,139.400696,2387,244183.44462658346
2025-10-07T19:49:43.700878+00:00,919,769.620605,-11.8324261,-1.67518055,-9.2168,3.13321447,-5.00218487,-4.49174929,-0.0774463192,187.847382,-745.392517,-37.6743889,35.7266693,-78.7001724,124.194382,271.0,139.656952,2387,244183.70087786714
2025-10-07T19:49:43.957129+00:00,919,770.425354,-11.9457951,-1.67573118,-9.2168,3.14612246,-5.001369,-4.49273825,-0.0772931203,186.566208,-746.543701,-37.6940613,35.7266579,-78.7001877,124.214058,271.0,139.913208,2387,244183.95712915083
2025-10-07T19:49:44.213380+00:00,919,771.191895,-11.9788189,-2.16872191,-9.20366287,2.99048567,-4.75580883,-4.33392477,1.52420318,186.445374,-747.668396,-31.0992088,35.7266579,-78.7001953,117.619202,272.0,140.169449,2387,244184.21338043452
2025-10-07T19:49:44.469632+00:00,919,771.960571,-12.0868349,-2.19901395,-9.20366287,3.0043323,-4.75491381,-4.33602858,1.52275538,185.227203,-748.779602,-30.7103634,35.7266464,-78.7002106,117.230362,272.0,140.425705,2387,244184.46963171844
2025-10-07T19:49:44.725883+00:00,919,772.731873,-12.1946583,-2.22933793,-9.20366287,3.01583457,-4.75491381,-4.33602858,1.52275538,184.008759,-749.890747,-30.3201561,35.726635,-78.7002182,116.840149,272.0,140.681961,2387,244184.72588300213
2025-10-07T19:49:44.982134+00:00,919,772.894348,-12.4094286,-2.08139253,-9.09681,2.61155176,-5.14156818,-3.97138882,0.961766362,181.198883,-750.659485,-32.2954865,35.7266083,-78.7002335,118.815483,273.0,140.938202,2387,244184.98213428605
2025-10-07T19:49:45.238386+00:00,919,773.56665,-12.5220804,-2.10065961,-9.09681,2.62776661,-5.13987684,-3.97527957,0.960946262,179.883636,-751.678223,-32.0501938,35.7265968,-78.7002411,118.57019,273.0,141.194458,2387,244185.23838557999
2025-10-07T19:49:45.494637+00:00,919,773.962158,-12.8803701,-1.7784096,-9.07311058,2.31559157,-5.87011147,-3.74100375,-0.0982113257,175.185303,-752.997192,-36.3706627,35.7265549,-78.7002563,122.890656,274.0,141.450714,2387,244185.4946368639
2025-10-07T19:49:45.750888+00:00,919,774.558716,-13.0046711,-1.77750373,-9.07311058,2.33237767,-5.86831093,-3.74325395,-0.0973919854,173.684052,-753.956543,-36.3949318,35.7265396,-78.700264,122.914932,274.0,141.706955,2387,244185.75088814783
2025-10-07T19:49:46.007139+00:00,919,775.158203,-13.1289568,-1.77653587,-9.07311058,2.34659338,-5.86831093,-3.74325395,-0.0973919854,172.180283,-754.915771,-36.4198875,35.7265282,-78.7002792,122.93988,274.0,141.963211,2387,244186.00713943175
2025-10-07T19:49:46.263391+00:00,919,775.481445,-13.0410471,-0.961800814,-9.45443821,1.92278337,-5.40300179,-3.05250049,-2.61104417,173.173737,-754.407227,-47.457077,35.7265358,-78.7002716,133.977066,275.0,142.219467,2387,244186.26339071567
2025-10-07T19:49:46.519642+00:00,919,775.607605,-13.0085659,-1.04543519,-9.26651573,1.50088477,-5.07885695,-2.57938242,-2.1567266,173.656265,-754.495483,-46.3390045,35.7265396,-78.7002716,132.859009,276.0,142.475708,2387,244186.5196419996
2025-10-07T19:49:46.775893+00:00,919,775.993835,-13.1127739,-1.00534117,-9.26651573,1.51224911,-5.07896662,-2.57934237,-2.1555419,172.355118,-755.156616,-46.8904266,35.7265282,-78.7002792,133.410431,276.0,142.731964,2387,244186.77589328328
2025-10-07T19:49:47.032145+00:00,919,776.382874,-13.2168951,-0.965213299,-9.26651573,1.52373493,-5.07896662,-2.57934237,-2.1555419,171.053619,-755.817566,-47.4427872,35.7265167,-78.7002869,133.962784,276.0,142.98822,2387,244187.0321445672
2025-10-07T19:49:47.288396+00:00,919,776.77478,-13.3209095,-0.925122678,-9.26651573,1.53520358,-5.07896662,-2.57934237,-2.1555419,169.752136,-756.478577,-47.9951477,35.7265053,-78.7002945,134.515137,276.0,143.244461,2387,244187.28839585112
2025-10-07T19:49:47.544647+00:00,919,777.169617,-13.4248161,-0.885069549,-9.26651573,1.5466547,-5.07896662,-2.57934237,-2.1555419,168.450638,-757.139526,-48.5475082,35.7264938,-78.7003,135.067505,276.0,143.500717,2387,244187.54464713504
2025-10-07T19:49:47.800898+00:00,919,777.567444,-13.528614,-0.845054388,-9.26651573,1.55808842,-5.07896662,-2.57934237,-2.1555419,167.149139,-757.800476,-49.0998688,35.7264824,-78.7003098,135.619873,276.0,143.756973,2387,244187.80089841897
2025-10-07T19:49:48.057150+00:00,919,776.770935,-13.8195028,-0.675014794,-9.19335938,0.734222,-5.70163202,-1.81281948,-2.46488237,163.070389,-757.726,-51.3084145,35.7264442,-78.7003098,137.8284,277.0,144.013229,2387,244188.0571497029
2025-10-07T19:49:48.313401+00:00,919,776.585449,-12.7230816,-0.265334934,-9.46857452,0.300874889,-2.85631967,-0.717852473,-3.49460649,177.386139,-753.904541,-56.9833298,35.7265739,-78.700264,143.503326,278.0,144.26947,2387,244188.31340098658
2025-10-07T19:49:48.569652+00:00,919,776.663879,-12.778286,-0.199129358,-9.46857452,0.306723863,-2.85770845,-0.717215419,-3.493572,176.65242,-754.089539,-57.8770981,35.7265663,-78.7002716,144.397095,278.0,144.525726,2387,244188.56965227003
2025-10-07T19:49:48.825904+00:00,919,776.52771,-13.0319176,0.715579212,-9.58718491,0.184164226,-3.49553537,-0.445266366,-5.86787939,172.92804,-753.76709,-70.1884918,35.7265358,-78.700264,156.708496,279.0,144.781982,2387,244188.82590355372
2025-10-07T19:49:49.082155+00:00,919,776.576843,-13.0970974,0.827143252,-9.58718491,0.200955451,-3.49545836,-0.44675532,-5.8667922,172.032944,-753.881165,-71.6901,35.7265244,-78.700264,158.210083,279.0,145.038223,2387,244189.08215483718
2025-10-07T19:49:49.338406+00:00,919,776.579773,-13.6823301,0.665336668,-9.76408577,0.0692925304,-4.73631859,-0.639472067,-5.02623272,164.359116,-755.805786,-69.4260864,35.7264557,-78.7002869,155.946075,280.0,145.294479,2387,244189.33840610526
2025-10-07T19:49:49.594657+00:00,919,776.088928,-13.2798138,0.893452525,-9.80287933,-0.0706766695,-3.62677264,-0.222805411,-5.40390587,169.484863,-753.877,-72.5149155,35.7265,-78.700264,159.034912,281.0,145.550735,2387,244189.59465738895
2025-10-07T19:49:49.850909+00:00,919,776.072754,-13.3466587,0.996862888,-9.80287933,-0.0557363927,-3.62671733,-0.223814592,-5.40342617,168.555511,-753.934387,-73.8987045,35.7264938,-78.700264,160.418701,281.0,145.806976,2387,244189.85090867264
2025-10-07T19:49:50.107160+00:00,919,776.060303,-13.4135113,1.10033774,-9.80287933,-0.0417369567,-3.62671733,-0.223814592,-5.40342617,167.62616,-753.991699,-75.2833405,35.7264862,-78.700264,161.803329,281.0,146.063232,2387,244190.10715995633
2025-10-07T19:49:50.363411+00:00,919,776.051392,-13.4803705,1.20381391,-9.80287933,-0.0277369414,-3.62671733,-0.223814592,-5.40342617,166.696808,-754.049072,-76.6679764,35.7264786,-78.700264,163.187958,281.0,146.319489,2387,244190.36341124025
2025-10-07T19:49:50.619663+00:00,919,776.046082,-13.5472355,1.30729043,-9.80287933,-0.0137365432,-3.62671733,-0.223814592,-5.40342617,165.767471,-754.106445,-78.0526123,35.7264709,-78.7002716,164.572601,281.0,146.575729,2387,244190.61966252417
2025-10-07T19:49:50.875914+00:00,919,776.044312,-13.6141071,1.41076612,-9.80287933,0.000264046073,-3.62671733,-0.223814592,-5.40342617,164.83812,-754.163757,-79.4372406,35.7264595,-78.7002716,165.957245,281.0,146.831985,2387,244190.87591380786
2025-10-07T19:49:51.132165+00:00,919,776.046204,-13.6809845,1.51423979,-9.80287933,0.014264632,-3.62671733,-0.223814592,-5.40342617,163.908768,-754.22113,-80.8218765,35.7264519,-78.7002716,167.341873,281.0,147.088242,2387,244191.13216509178
2025-10-07T19:49:51.388416+00:00,919,776.051636,-13.7478676,1.61771047,-9.80287933,0.0282650199,-3.62671733,-0.223814592,-5.40342617,162.979416,-754.278503,-82.2065125,35.7264442,-78.7002716,168.726501,281.0,147.344482,2387,244191.38841637547
2025-10-07T19:49:51.644668+00:00,919,776.060669,-13.8147564,1.72117698,-9.80287933,0.0422650166,-3.62671733,-0.223814592,-5.40342617,162.050064,-754.335815,-83.5911484,35.7264366,-78.7002716,170.111145,281.0,147.600739,2387,244191.64466765916
2025-10-07T19:49:51.900919+00:00,919,776.073303,-13.88165,1.82463825,-9.80287933,0.0562644266,-3.62671733,-0.223814592,-5.40342617,161.120712,-754.393188,-84.9757843,35.726429,-78.7002716,171.495789,281.0,147.857,2387,244191.90091894285
2025-10-07T19:49:52.157170+00:00,919,776.533875,-14.1823349,0.136691272,-9.81738853,0.113266326,-3.94378734,-0.849546134,-1.07754779,157.926239,-757.756,-62.2097816,35.7264,-78.7003098,148.729767,282.0,148.113235,2387,244192.15717022654
2025-10-07T19:49:52.413422+00:00,919,776.559814,-14.2584753,0.160259888,-9.81738853,0.116175912,-3.94422054,-0.845444739,-1.09240735,156.912628,-757.967712,-62.5186234,35.7263908,-78.7003098,149.03862,282.0,148.369492,2387,244192.41342151046
2025-10-07T19:49:52.669673+00:00,919,776.590271,-14.3344984,0.181666702,-9.81738853,0.121934272,-3.94422054,-0.845444739,-1.09240735,155.901917,-758.184326,-62.7985535,35.7263794,-78.7003098,149.318542,282.0,148.625748,2387,244192.66967279415
2025-10-07T19:49:52.925924+00:00,919,776.622253,-14.4105158,0.203071475,-9.81738853,0.127691939,-3.94422054,-0.845444739,-1.09240735,154.891205,-758.401,-63.0784836,35.7263718,-78.7003174,149.59848,282.0,148.882,2387,244192.92592407807
2025-10-07T19:49:53.182175+00:00,919,776.655762,-14.4865265,0.224474087,-9.81738853,0.133448869,-3.94422054,-0.845444739,-1.09240735,153.880493,-758.617615,-63.3584137,35.7263641,-78.7003174,149.878403,282.0,149.138245,2387,244193.182175372
2025-10-07T19:49:53.438427+00:00,919,776.690674,-14.5625315,0.24587442,-9.81738853,0.139205053,-3.94422054,-0.845444739,-1.09240735,152.869781,-758.83429,-63.6383476,35.7263527,-78.7003174,150.15834,282.0,149.394501,2387,244193.43842665592
2025-10-07T19:49:53.694678+00:00,919,776.727051,-14.6385288,0.267272353,-9.81738853,0.144960433,-3.94422054,-0.845444739,-1.09240735,151.85907,-759.050903,-63.9182777,35.7263451,-78.700325,150.438263,282.0,149.650757,2387,244193.69467793984
2025-10-07T19:49:53.950929+00:00,919,776.764954,-14.7145205,0.288667768,-9.81738853,0.150715,-3.94422054,-0.845444739,-1.09240735,150.848358,-759.267578,-64.198204,35.7263336,-78.700325,150.718201,282.0,149.907,2387,244193.95092922376
2025-10-07T19:49:54.207181+00:00,919,776.804321,-14.7905035,0.310060561,-9.81738853,0.156468689,-3.94422054,-0.845444739,-1.09240735,149.837646,-759.484192,-64.4781418,35.726326,-78.700325,150.998138,282.0,150.163254,2387,244194.20718050768
2025-10-07T19:49:54.463432+00:00,919,776.845154,-14.8664799,0.331450582,-9.81738853,0.162221491,-3.94422054,-0.845444739,-1.09240735,148.826935,-759.700867,-64.7580719,35.7263184,-78.7003326,151.278061,282.0,150.41951,2387,244194.4634317916
2025-10-07T19:49:54.719683+00:00,919,776.66333,-13.4120798,0.936698258,-10.0654249,0.0285813,-1.38440263,-0.114924967,-2.29466724,167.843491,-754.775452,-73.1341248,35.72649,-78.7002792,159.654114,283.0,150.675751,2387,244194.7196830753
2025-10-07T19:49:54.975934+00:00,919,776.667175,-13.4412279,0.98088026,-10.0654249,0.0344285592,-1.40137196,-0.12222822,-2.29397,167.440506,-754.811218,-73.7266464,35.7264862,-78.7002792,160.246643,283.0,150.932,2387,244194.97593435922
2025-10-07T19:49:55.232186+00:00,919,776.67627,-13.4671478,1.02464736,-10.0654249,0.0368172266,-1.40137196,-0.12222822,-2.29397,167.08139,-754.842529,-74.3144836,35.7264824,-78.7002792,160.834473,283.0,151.188263,2387,244195.23218564314
2025-10-07T19:49:55.488437+00:00,919,776.686035,-13.4930677,1.06841326,-10.0654249,0.0392058082,-1.40137196,-0.12222822,-2.29397,166.72229,-754.87384,-74.9023132,35.7264786,-78.7002792,161.422302,283.0,151.444504,2387,244195.48843692706
2025-10-07T19:49:55.744688+00:00,919,776.69635,-13.5189877,1.11217785,-10.0654249,0.0415942967,-1.40137196,-0.12222822,-2.29397,166.36319,-754.905212,-75.4901505,35.7264748,-78.7002792,162.010132,283.0,151.70076,2387,244195.74468821098
2025-10-07T19:49:56.000939+00:00,919,776.707336,-13.5449076,1.15594101,-10.0654249,0.0439826883,-1.40137196,-0.12222822,-2.29397,166.004089,-754.936523,-76.07798,35.7264709,-78.7002792,162.597961,283.0,151.957016,2387,244196.0009394949
2025-10-07T19:49:56.257191+00:00,919,776.718933,-13.5708275,1.19970262,-10.0654249,0.0463709757,-1.40137196,-0.12222822,-2.29397,165.644989,-754.967834,-76.6658096,35.7264671,-78.7002792,163.185806,283.0,152.213257,2387,244196.25719077882
2025-10-07T19:49:56.513442+00:00,919,776.731079,-13.5967474,1.24346256,-10.0654249,0.0487591513,-1.40137196,-0.12222822,-2.29397,165.285873,-754.999146,-77.2536469,35.7264671,-78.7002792,163.773636,283.0,152.469513,2387,244196.51344206228
2025-10-07T19:49:56.769693+00:00,919,776.743896,-13.6226683,1.28722095,-10.0654249,0.0511472113,-1.40137196,-0.12222822,-2.29397,164.926773,-755.030457,-77.8414764,35.7264633,-78.7002792,164.361481,283.0,152.725769,2387,244196.76969334573
2025-10-07T19:49:57.025945+00:00,919,776.757324,-13.6485882,1.33097756,-10.0654249,0.0535351522,-1.40137196,-0.12222822,-2.29397,164.567673,-755.061768,-78.4293137,35.7264595,-78.7002792,164.94931,283.0,152.98201,2387,244197.02594462942
2025-10-07T19:49:57.282196+00:00,919,776.771362,-13.6745081,1.37473238,-10.0654249,0.0559229665,-1.40137196,-0.12222822,-2.29397,164.208572,-755.09314,-79.0171432,35.7264557,-78.7002792,165.53714,283.0,153.238266,2387,244197.2821958975
2025-10-07T19:49:57.538447+00:00,919,776.78595,-13.700429,1.41848528,-10.0654249,0.0583106503,-1.40137196,-0.12222822,-2.29397,163.849472,-755.124451,-79.6049728,35.7264519,-78.7002792,166.124969,283.0,153.494522,2387,244197.5384471812
2025-10-07T19:49:57.794698+00:00,919,776.801208,-13.7263489,1.46223629,-10.0654249,0.0606981926,-1.40137196,-0.12222822,-2.29397,163.490356,-755.155762,-80.1928101,35.7264481,-78.7002792,166.712799,283.0,153.750778,2387,244197.7946984649
2025-10-07T19:49:58.050950+00:00,919,776.817078,-13.7522688,1.50598514,-10.0654249,0.0630855933,-1.40137196,-0.12222822,-2.29397,163.131256,-755.187073,-80.7806396,35.7264442,-78.7002792,167.300629,283.0,154.007019,2387,244198.05094974858
2025-10-07T19:49:58.307201+00:00,919,776.833557,-13.7781887,1.54973197,-10.0654249,0.0654728487,-1.40137196,-0.12222822,-2.29397,162.772156,-755.218384,-81.3684769,35.7264442,-78.7002792,167.888458,283.0,154.263275,2387,244198.3072010425
2025-10-07T19:49:58.563452+00:00,919,776.850647,-13.8041086,1.59347653,-10.0654249,0.0678599477,-1.40137196,-0.12222822,-2.29397,162.413055,-755.249695,-81.9563065,35.7264404,-78.7002792,168.476303,283.0,154.519531,2387,244198.5634523262
2025-10-07T19:49:58.819704+00:00,919,776.868347,-13.8300285,1.63721871,-10.0654249,0.0702468827,-1.40137196,-0.12222822,-2.29397,162.053955,-755.281067,-82.5441437,35.7264366,-78.7002792,169.064133,283.0,154.775772,2387,244198.81970361012
2025-10-07T19:49:59.075955+00:00,919,776.886658,-13.8559484,1.68095863,-10.0654249,0.0726336539,-1.40137196,-0.12222822,-2.29397,161.694839,-755.312378,-83.1319733,35.7264328,-78.7002792,169.651962,283.0,155.032028,2387,244199.07595489404
2025-10-07T19:49:59.332206+00:00,919,776.905579,-13.8818684,1.72469616,-10.0654249,0.0750202537,-1.40137196,-0.12222822,-2.29397,161.335739,-755.343689,-83.7198,35.726429,-78.7002792,170.239807,283.0,155.288284,2387,244199.33220617773
2025-10-07T19:49:59.588457+00:00,919,776.92511,-13.9077883,1.76843107,-10.0654249,0.0774066746,-1.40137196,-0.12222822,-2.29397,160.976639,-755.375,-84.3076401,35.7264252,-78.7002792,170.827637,283.0,155.544525,2387,244199.58845746142
2025-10-07T19:49:59.844709+00:00,919,776.945251,-13.9337082,1.81216347,-10.0654249,0.0797929168,-1.40137196,-0.12222822,-2.29397,160.617538,-755.406311,-84.8954697,35.7264252,-78.7002792,171.415466,283.0,155.800781,2387,244199.8447087451
2025-10-07T19:50:00.100960+00:00,919,776.966,-13.9596281,1.85589314,-10.0654249,0.0821789652,-1.40137196,-0.12222822,-2.29397,160.258438,-755.437622,-85.4833069,35.7264214,-78.7002792,172.003296,283.0,156.057037,2387,244200.1009600288
2025-10-07T19:50:00.357211+00:00,919,776.987366,-13.9855471,1.89962,-10.0654249,0.0845648199,-1.40137196,-0.12222822,-2.29397,159.899323,-755.469,-86.0711365,35.7264175,-78.7002869,172.591125,283.0,156.313278,2387,244200.35721131272
2025-10-07T19:50:00.613463+00:00,919,777.009338,-14.011466,1.94334412,-10.0654249,0.0869504809,-1.40137196,-0.12222822,-2.29397,159.540222,-755.500305,-86.6589661,35.7264137,-78.7002869,173.178955,283.0,156.569534,2387,244200.61346259664
2025-10-07T19:50:00.869714+00:00,919,777.031921,-14.0373859,1.98706532,-10.0654249,0.0893359333,-1.40137196,-0.12222822,-2.29397,159.181122,-755.531616,-87.2468,35.7264099,-78.7002869,173.7668,283.0,156.82579,2387,244200.86971388033
2025-10-07T19:50:01.125965+00:00,919,777.055115,-14.0633049,2.03078365,-10.0654249,0.0917211771,-1.40137196,-0.12222822,-2.29397,158.822021,-755.562927,-87.8346329,35.7264061,-78.7002869,174.35463,283.0,157.082031,2387,244201.12596516425
2025-10-07T19:50:01.382216+00:00,919,777.078918,-14.0892229,2.07449865,-10.0654249,0.0941062,-1.40137196,-0.12222822,-2.29397,158.462921,-755.594238,-88.4224701,35.7264023,-78.7002869,174.942459,283.0,157.338287,2387,244201.38221645818
2025-10-07T19:50:01.638468+00:00,919,777.103333,-14.1151419,2.11821079,-10.0654249,0.096491,-1.40137196,-0.12222822,-2.29397,158.103821,-755.625549,-89.0103,35.7264023,-78.7002869,175.530289,283.0,157.594543,2387,244201.6384677421
2025-10-07T19:50:01.894719+00:00,919,777.128357,-14.1410608,2.16191959,-10.0654249,0.0988755748,-1.40137196,-0.12222822,-2.29397,157.744705,-755.656921,-89.5981369,35.7264,-78.7002869,176.118134,283.0,157.850784,2387,244201.89471902602
2025-10-07T19:50:02.150970+00:00,919,777.154,-14.1669788,2.20562506,-10.0654249,0.101259917,-1.40137196,-0.12222822,-2.29397,157.385605,-755.688232,-90.1859665,35.7263947,-78.7002869,176.705963,283.0,158.10704,2387,244202.15097031018
2025-10-07T19:50:02.407222+00:00,919,777.180237,-14.1928968,2.24932718,-10.0654249,0.103644021,-1.40137196,-0.12222822,-2.29397,157.026505,-755.719543,-90.7737961,35.7263908,-78.7002869,177.293793,283.0,158.363297,2387,244202.40722159386
2025-10-07T19:50:02.663473+00:00,919,777.207153,-14.2188148,2.29302597,-10.0654249,0.106027886,-1.40137196,-0.12222822,-2.29397,156.667404,-755.750854,-91.3616333,35.726387,-78.7002869,177.881622,283.0,158.619553,2387,244202.6634728778
2025-10-07T19:50:02.919724+00:00,919,777.234619,-14.2447319,2.33672118,-10.0654249,0.108411491,-1.40137196,-0.12222822,-2.29397,156.308304,-755.782166,-91.9494629,35.7263832,-78.7002869,178.469452,283.0,158.875793,2387,244202.91972416147
2025-10-07T19:50:03.175975+00:00,919,777.262695,-14.2706499,2.38041258,-10.0654249,0.110794842,-1.40137196,-0.12222822,-2.29397,155.949188,-755.813477,-92.5373,35.7263794,-78.7002869,179.057281,283.0,159.13205,2387,244203.1759754405
2025-10-07T19:50:03.432227+00:00,919,777.291382,-14.296567,2.42410064,-10.0654249,0.11317794,-1.40137196,-0.12222822,-2.29397,155.590088,-755.844849,-93.1251297,35.7263794,-78.7002869,179.645126,283.0,159.388306,2387,244203.4322267242
2025-10-07T19:50:03.688478+00:00,919,777.320679,-14.3224831,2.46778464,-10.0654249,0.115560763,-1.40137196,-0.12222822,-2.29397,155.230988,-755.87616,-93.7129593,35.7263756,-78.7002869,180.232956,283.0,159.644547,2387,244203.68847800788
2025-10-07T19:50:03.944729+00:00,919,777.350586,-14.3484,2.51146507,-10.0654249,0.117943317,-1.40137196,-0.12222822,-2.29397,154.871887,-755.907471,-94.3008,35.7263718,-78.7002869,180.820801,283.0,159.900803,2387,244203.94472929157
2025-10-07T19:50:04.200981+00:00,919,777.381165,-14.3743162,2.55514145,-10.0654249,0.120325595,-1.40137196,-0.12222822,-2.29397,154.512787,-755.938782,-94.8886261,35.726368,-78.7002869,181.40863,283.0,160.157059,2387,244204.2009805699
2025-10-07T19:50:04.457232+00:00,919,777.412292,-14.4002323,2.59881377,-10.0654249,0.122707583,-1.40137196,-0.12222822,-2.29397,154.153671,-755.970093,-95.4764633,35.7263641,-78.7002869,181.99646,283.0,160.4133,2387,244204.4572318536
2025-10-07T19:50:04.713483+00:00,919,777.444031,-14.4261484,2.64248204,-10.0654249,0.125089288,-1.40137196,-0.12222822,-2.29397,153.794571,-756.001404,-96.0642929,35.7263603,-78.7002869,182.58429,283.0,160.669556,2387,244204.71348313705
2025-10-07T19:50:04.969734+00:00,919,777.476379,-14.4520636,2.68614626,-10.0654249,0.127470702,-1.40137196,-0.12222822,-2.29397,153.435471,-756.032776,-96.6521301,35.7263603,-78.7002869,183.172119,283.0,160.925812,2387,244204.96973442074
2025-10-07T19:50:05.225986+00:00,919,777.509338,-14.4779787,2.72980642,-10.0654249,0.129851803,-1.40137196,-0.12222822,-2.29397,153.07637,-756.064087,-97.2399597,35.7263565,-78.7002869,183.759949,283.0,161.182053,2387,244205.22598570443
2025-10-07T19:50:05.482237+00:00,919,777.542908,-14.5038929,2.77346206,-10.0654249,0.132232606,-1.40137196,-0.12222822,-2.29397,152.71727,-756.095398,-97.8277893,35.7263527,-78.7002869,184.347778,283.0,161.438309,2387,244205.48223698811
2025-10-07T19:50:05.738488+00:00,919,777.577148,-14.5298071,2.8171134,-10.0654249,0.134613097,-1.40137196,-0.12222822,-2.29397,152.358154,-756.126709,-98.4156265,35.7263489,-78.7002869,184.935608,283.0,161.694565,2387,244205.7384882718
2025-10-07T19:50:05.994740+00:00,919,777.611938,-14.5557213,2.86076021,-10.0654249,0.136993274,-1.40137196,-0.12222822,-2.29397,151.999054,-756.158,-99.0034561,35.7263451,-78.7002945,185.523438,283.0,161.950806,2387,244205.9947395555
2025-10-07T19:50:06.250991+00:00,919,777.647339,-14.5816355,2.90440249,-10.0654249,0.139373124,-1.40137196,-0.12222822,-2.29397,151.639954,-756.189331,-99.5912933,35.7263412,-78.7002945,186.111282,283.0,162.207062,2387,244206.25099083406
2025-10-07T19:50:06.507242+00:00,919,777.68335,-14.6075487,2.94804025,-10.0654249,0.141752645,-1.40137196,-0.12222822,-2.29397,151.280853,-756.220703,-100.179123,35.7263374,-78.7002945,186.699127,283.0,162.463318,2387,244206.5072421175
2025-10-07T19:50:06.763493+00:00,919,775.59967,-11.9591646,-3.39219832,-10.1509981,0.0350420363,0.636842489,0.0685420856,2.78394365,188.019562,-752.320862,-14.7253742,35.7266693,-78.7002487,101.245369,284.0,162.719559,2387,244206.7634934012
2025-10-07T19:50:07.019745+00:00,919,775.633,-11.9620171,-3.41744089,-10.1509981,0.0306423567,0.603225887,0.0673491955,2.70887303,187.994522,-752.368103,-14.3840466,35.7266693,-78.7002487,100.904045,284.0,162.975815,2387,244207.0197446849
2025-10-07T19:50:07.275996+00:00,919,775.641174,-11.9510307,-3.4688282,-10.1509981,0.0331880264,0.603225887,0.0673491955,2.70887303,188.149094,-752.350891,-13.6898937,35.7266731,-78.7002487,100.209885,284.0,163.232071,2387,244207.27599596858
2025-10-07T19:50:07.532247+00:00,919,776.023132,-13.9009581,-2.30798316,-10.2394161,-0.63147682,-1.06732893,0.355557948,1.61801815,162.309128,-758.29895,-29.1617031,35.7264404,-78.7003174,115.681702,285.0,163.488327,2387,244207.53224725227
2025-10-07T19:50:07.788499+00:00,919,775.864075,-13.9191914,-2.33773017,-10.2394161,-0.616093159,-1.06217539,0.34212175,1.61693227,162.042068,-758.209045,-28.7505455,35.7264366,-78.7003098,115.270538,285.0,163.744568,2387,244207.78849853596
2025-10-07T19:50:08.044750+00:00,919,775.70636,-13.9378414,-2.36772227,-10.2394161,-0.614943385,-1.06217539,0.34212175,1.61693227,161.769882,-758.121338,-28.3362045,35.7264328,-78.7003098,114.856201,285.0,164.000824,2387,244208.04474981964
2025-10-07T19:50:08.301001+00:00,919,775.54895,-13.9564991,-2.39772654,-10.2394161,-0.613792896,-1.06217539,0.34212175,1.61693227,161.497696,-758.033691,-27.9218636,35.7264328,-78.7003098,114.441864,285.0,164.25708,2387,244208.30100111358
2025-10-07T19:50:08.557252+00:00,919,773.369507,-13.7894239,-2.28790259,-10.7367907,-2.88215399,-1.26692951,2.6183517,1.51053798,163.219528,-755.3797,-29.3489952,35.7264481,-78.7002792,115.868988,286.0,164.513321,2387,244208.5572523975
2025-10-07T19:50:08.813504+00:00,919,772.483582,-14.1700325,-3.84327722,-10.7150326,-3.79260349,-1.80190384,3.45497942,3.89382935,158.352203,-756.033569,-8.29731,35.7264023,-78.7002869,94.8173065,287.0,164.769577,2387,244208.8135036812
2025-10-07T19:50:09.069755+00:00,919,771.514038,-14.1907911,-3.9163537,-10.7150326,-3.80011868,-1.8046875,3.4674437,3.89859986,157.893326,-755.149231,-7.29987335,35.7264,-78.7002792,93.81987,287.0,165.025833,2387,244209.0697549651
2025-10-07T19:50:09.326006+00:00,919,769.449402,-13.9746323,-3.24871373,-11.0449514,-4.79426718,-1.63681459,4.51311064,1.90604866,160.179779,-752.416077,-16.2767944,35.7264175,-78.7002487,102.796783,288.0,165.282074,2387,244209.32600624903
2025-10-07T19:50:09.582258+00:00,919,766.998413,-13.0528517,-3.24284768,-9.83927345,-5.28380156,-0.323212922,5.30827284,1.82689905,171.695786,-747.353516,-16.4303608,35.7265244,-78.7001953,102.950356,289.0,165.53833,2387,244209.58225753272
2025-10-07T19:50:09.838509+00:00,919,765.57,-12.805871,-2.87035775,-10.1291256,-5.54226065,-0.131940633,5.64191341,0.753631055,174.511963,-745.107239,-21.4064445,35.7265472,-78.7001648,107.926437,290.0,165.794586,2387,244209.8385088164
2025-10-07T19:50:10.094760+00:00,919,763.808716,-13.1313362,-2.43273807,-9.87507629,-5.73056221,-1.07333326,5.65795612,-0.584082901,169.79216,-744.202576,-27.1464348,35.7265053,-78.7001572,113.666428,291.0,166.050827,2387,244210.0947601001
2025-10-07T19:50:10.351011+00:00,919,762.340515,-13.127141,-2.41762471,-9.87507629,-5.72966862,-1.07378602,5.65714693,-0.583588958,169.516632,-742.753113,-27.2957516,35.7265053,-78.7001419,113.81575,291.0,166.307083,2387,244210.35101137866
2025-10-07T19:50:10.607263+00:00,919,760.868408,-12.6913624,-2.15136576,-10.4706984,-5.80462503,-0.0151883289,6.02555799,-1.43747878,174.757874,-739.885071,-30.830946,35.7265511,-78.7001114,117.350945,292.0,166.563339,2387,244210.60726266235
2025-10-07T19:50:10.863514+00:00,919,759.364075,-12.2968931,-2.1873982,-10.3058634,-5.84950733,0.964362741,6.30741405,-1.15166318,179.50058,-737.219727,-30.3394108,35.726593,-78.7000809,116.859406,293.0,166.81958,2387,244210.8635139458
2025-10-07T19:50:11.119765+00:00,919,757.541077,-12.291666,-2.25776052,-9.99188614,-5.92678404,0.79029727,6.32814932,-0.776449502,179.153229,-735.467163,-29.3376293,35.7265892,-78.7000656,115.857628,294.0,167.075836,2387,244211.1197652295
2025-10-07T19:50:11.376017+00:00,919,756.022766,-12.2475367,-2.23862505,-9.99188614,-5.92424631,0.789819658,6.32755232,-0.776197672,179.354889,-733.846,-29.5361309,35.726593,-78.7000427,116.056122,294.0,167.332092,2387,244211.37601651318
2025-10-07T19:50:11.632268+00:00,919,754.504944,-12.2031746,-2.21938109,-9.99188614,-5.92214966,0.789819658,6.32755232,-0.776197672,179.557281,-732.224548,-29.7350311,35.726593,-78.7000275,116.255028,294.0,167.588333,2387,244211.63226779687
2025-10-07T19:50:11.888519+00:00,919,752.987671,-12.1586332,-2.20005846,-9.99188614,-5.92004,0.789819658,6.32755232,-0.776197672,179.759674,-730.603088,-29.9339333,35.7265968,-78.7000046,116.453926,294.0,167.844589,2387,244211.8885190808
2025-10-07T19:50:12.144770+00:00,919,751.470886,-12.1139145,-2.18065643,-9.99188614,-5.91791773,0.789819658,6.32755232,-0.776197672,179.962067,-728.981628,-30.1328354,35.7265968,-78.6999893,116.652832,294.0,168.100845,2387,244212.14477035936
2025-10-07T19:50:12.401022+00:00,919,750.138855,-12.6785803,-2.10745406,-10.541172,-5.82290936,-0.982745647,5.79712152,-0.963748932,172.445679,-729.391235,-30.9721146,35.7265282,-78.7,117.492111,295.0,168.357101,2387,244212.40102164305
2025-10-07T19:50:12.657273+00:00,919,749.080444,-11.2453213,-1.36207473,-10.6778984,-5.59208393,3.13411212,6.81055689,-3.47154212,190.18071,-723.385803,-40.8152351,35.7266884,-78.6999283,127.335236,296.0,168.613342,2387,244212.6572729265
2025-10-07T19:50:12.913524+00:00,919,747.648438,-11.1513147,-1.2886399,-10.6778984,-5.5802722,3.13196,6.81073761,-3.46910048,190.982681,-721.64032,-41.7027397,35.726696,-78.699913,128.222733,296.0,168.869598,2387,244212.9135242102
2025-10-07T19:50:13.169775+00:00,919,745.976379,-11.485692,-1.33266366,-10.6281185,-5.64068127,1.90607941,6.50200224,-3.07155323,186.357452,-721.159,-41.0053673,35.7266541,-78.6999054,127.52536,297.0,169.125854,2387,244213.16977549388
2025-10-07T19:50:13.426027+00:00,919,744.584839,-11.5958271,-0.833839357,-10.193696,-5.5615015,1.39467299,6.40369368,-4.45568419,184.480515,-719.811035,-47.388813,35.7266388,-78.6998901,133.908813,298.0,169.382095,2387,244213.42602677757
2025-10-07T19:50:13.682278+00:00,919,743.338379,-10.9739151,-0.875161767,-10.3050566,-5.47239399,3.00379753,6.746768,-4.05971813,191.986893,-716.588928,-46.8330841,35.7267075,-78.699852,133.353073,299.0,169.638351,2387,244213.6822780615
2025-10-07T19:50:13.938529+00:00,919,741.33551,-11.1298943,-0.888884723,-10.033493,-5.55812788,2.30585432,6.61606455,-3.74678445,189.524017,-715.188965,-46.5156708,35.7266846,-78.6998367,133.035675,300.0,169.894608,2387,244213.93852934518
2025-10-07T19:50:14.194781+00:00,919,739.912598,-11.0514431,-0.807994246,-10.033493,-5.54724264,2.30580568,6.61636066,-3.74689245,190.115036,-713.49353,-47.4759636,35.7266884,-78.6998215,133.995956,300.0,170.150848,2387,244214.19478063888
2025-10-07T19:50:14.451032+00:00,919,738.202881,-11.1246042,-0.616840661,-9.91193199,-5.5296669,1.90156209,6.5244441,-4.09753704,188.706619,-711.93512,-49.8170967,35.7266769,-78.6998,136.337097,301.0,170.407104,2387,244214.4510319228
2025-10-07T19:50:14.707283+00:00,919,737.064697,-10.5781183,-1.08364379,-9.71055889,-5.39796495,3.27237439,6.65778732,-2.39495802,195.338776,-709.358276,-43.7944,35.726738,-78.6997757,130.314392,302.0,170.663361,2387,244214.70728320672
2025-10-07T19:50:14.963534+00:00,919,735.785767,-10.3186274,-1.29053974,-9.76355743,-5.33265114,3.74838233,6.68932915,-1.58241904,198.266205,-707.377686,-41.0863419,35.7267609,-78.6997528,127.606339,303.0,170.919601,2387,244214.96353449064
2025-10-07T19:50:15.219786+00:00,919,734.353088,-10.1939917,-1.3724829,-9.92967319,-5.3145833,3.81347752,6.67738771,-1.21024692,199.438858,-705.621155,-39.9670601,35.7267723,-78.6997299,126.487053,304.0,171.175858,2387,244215.21978577433
2025-10-07T19:50:15.476037+00:00,919,732.992554,-10.0839,-1.3429997,-9.92967319,-5.30358362,3.81328464,6.67769718,-1.21076024,200.416092,-703.91,-40.2776489,35.7267838,-78.6997147,126.797638,304.0,171.432114,2387,244215.47603705802
2025-10-07T19:50:15.732288+00:00,919,731.564209,-9.92088795,-1.31242967,-10.077446,-5.29247236,3.97001576,6.72880125,-1.21798551,202.017807,-701.944885,-40.6003609,35.7267952,-78.6996918,127.120354,305.0,171.688354,2387,244215.73228834147
2025-10-07T19:50:15.988540+00:00,919,730.195374,-10.007493,-1.15354407,-9.75757408,-5.29298449,3.40163136,6.58639193,-1.61886561,200.536865,-700.828613,-42.5399475,35.7267838,-78.6996765,129.059937,306.0,171.944611,2387,244215.98853962493
2025-10-07T19:50:16.244791+00:00,919,729.347046,-9.14263058,-1.98551643,-9.47709751,-5.1238966,5.55444241,6.98871756,1.10882926,211.062607,-697.407898,-31.9681988,35.7268791,-78.6996384,118.48819,307.0,172.200867,2387,244216.24479089302
2025-10-07T19:50:16.501042+00:00,919,728.158264,-9.38743591,-2.71394753,-9.66670609,-5.14780235,4.47309256,6.59864521,3.34748054,207.881393,-697.486,-22.6512928,35.7268486,-78.699646,109.171288,308.0,172.457108,2387,244216.50104217647
2025-10-07T19:50:16.757293+00:00,919,726.84137,-9.26292896,-2.77884531,-9.66670609,-5.13040924,4.47314692,6.59832478,3.34590435,209.027634,-695.795105,-21.7946758,35.72686,-78.6996231,108.314674,308.0,172.713364,2387,244216.75729346016
2025-10-07T19:50:17.013545+00:00,919,724.937,-9.30463696,-2.39705157,-9.39853573,-5.36125278,3.95222354,6.71149349,1.90694964,207.907837,-693.97583,-26.5631046,35.7268486,-78.6996,113.083099,309.0,172.96962,2387,244217.01354474385
2025-10-07T19:50:17.269796+00:00,919,723.407776,-9.17970753,-2.24835324,-9.06661701,-5.39707899,3.96236873,6.78444529,1.31890142,208.94986,-691.991943,-28.3901939,35.72686,-78.699585,114.910187,310.0,173.225861,2387,244217.26979603755
2025-10-07T19:50:17.526047+00:00,919,722.013,-9.04496861,-1.86949432,-8.99151421,-5.38420677,3.97247219,6.84282398,0.0200457033,210.092087,-689.976562,-33.1125565,35.7268677,-78.6995621,119.632553,311.0,173.482117,2387,244217.52604732147
2025-10-07T19:50:17.782299+00:00,919,720.580078,-9.13985825,-1.591102,-8.97765541,-5.39640141,3.34504962,6.70455456,-0.881006658,208.470398,-688.79657,-36.5388336,35.7268562,-78.6995468,123.05883,312.0,173.738373,2387,244217.78229860516
2025-10-07T19:50:18.038550+00:00,919,719.198547,-9.03469372,-1.56801593,-8.97765541,-5.38647223,3.34532642,6.70456934,-0.880022824,209.327789,-687.078552,-36.7638054,35.7268639,-78.6995239,123.283798,312.0,173.994629,2387,244218.03854988885
2025-10-07T19:50:18.294801+00:00,919,717.881531,-8.81046104,-1.42790031,-9.2898922,-5.3396163,3.6745975,6.80327749,-1.27126718,211.595535,-684.910217,-38.4609604,35.7268829,-78.6995,124.980957,313.0,174.25087,2387,244218.29480117277
2025-10-07T19:50:18.551052+00:00,919,716.574463,-8.60843,-1.60874903,-9.48953724,-5.31823349,3.94080615,6.84203529,-0.562859952,213.6651,-683.022705,-36.1416702,35.726902,-78.6994858,122.661667,314.0,174.507126,2387,244218.55105245623
2025-10-07T19:50:18.807304+00:00,919,715.35437,-9.41912937,-1.26097488,-9.78364468,-5.31157,1.26481962,6.0254674,-1.68241525,203.538803,-684.597595,-40.3738441,35.7268105,-78.6995,126.893845,315.0,174.763382,2387,244218.80730373992
2025-10-07T19:50:19.063555+00:00,919,714.09082,-8.77427387,-1.32491982,-10.0314598,-5.26379633,2.91872692,6.49988651,-1.33278561,210.883545,-681.095,-39.5411644,35.7268753,-78.6994629,126.061157,316.0,175.019623,2387,244219.0635550236
2025-10-07T19:50:19.319806+00:00,919,712.743042,-8.67708206,-1.29179072,-10.0314598,-5.25476122,2.91875672,6.49978638,-1.33266473,211.631485,-679.429321,-39.8825645,35.7268829,-78.69944,126.402557,316.0,175.275879,2387,244219.31980630753
2025-10-07T19:50:19.576058+00:00,919,711.4552,-8.88753796,-0.626811802,-10.181303,-5.22759724,1.99202573,6.33274031,-3.37338233,208.572113,-678.49707,-48.0417976,35.7268562,-78.6994324,134.561798,317.0,175.532135,2387,244219.5760575912
2025-10-07T19:50:19.832309+00:00,919,710.235229,-8.51891232,-1.04363942,-10.2168636,-5.21141863,2.84216261,6.48002815,-1.78669536,212.693512,-676.285461,-42.8201256,35.7268944,-78.6994095,129.340118,318.0,175.788376,2387,244219.8323088749
2025-10-07T19:50:20.088560+00:00,919,708.881592,-8.57352543,-0.915621161,-10.611598,-5.24209499,2.39849854,6.39124537,-2.0581615,211.609161,-675.108,-44.3170166,35.7268829,-78.6993942,130.837,319.0,176.044632,2387,244220.08856015882
2025-10-07T19:50:20.344811+00:00,919,707.509644,-8.24739,-1.27704132,-10.7273016,-5.2556777,3.09422302,6.56067085,-0.757208049,215.132233,-672.833435,-39.7896309,35.7269135,-78.6993713,126.309631,320.0,176.300888,2387,244220.34481145276
2025-10-07T19:50:20.601063+00:00,919,706.164062,-8.14449787,-1.25540292,-10.7273016,-5.24612522,3.09404969,6.56036806,-0.757770121,215.924911,-671.152344,-39.9840775,35.7269211,-78.6993484,126.504074,320.0,176.557129,2387,244220.60106273668
2025-10-07T19:50:20.857314+00:00,919,704.505,-8.1649456,-1.3175236,-10.6931534,-5.3513155,2.75714564,6.54501581,-0.50605011,215.193604,-669.692566,-39.1267624,35.7269135,-78.6993332,125.646751,321.0,176.813385,2387,244220.8573140206
2025-10-07T19:50:21.113565+00:00,919,703.279907,-8.12965,-0.460735857,-10.373558,-5.28123093,2.49421453,6.59368658,-3.08050036,214.999023,-667.77417,-49.5556564,35.7269135,-78.6993103,136.075653,322.0,177.069641,2387,244221.11356530452
2025-10-07T19:50:21.369817+00:00,919,701.836426,-7.8467288,-0.253661662,-10.1737461,-5.28282356,2.98950458,6.82528925,-3.4840827,217.790359,-665.160461,-51.9933777,35.7269402,-78.6992874,138.513367,323.0,177.325882,2387,244221.36981658798
2025-10-07T19:50:21.626068+00:00,919,700.282349,-7.7552104,-0.574097455,-9.94755173,-5.33768225,3.00411463,6.78312683,-2.23249102,218.467194,-663.600769,-47.9745903,35.726944,-78.6992645,134.494583,324.0,177.582138,2387,244221.62606787166
2025-10-07T19:50:21.882319+00:00,919,698.916077,-7.65058327,-0.519632339,-9.94755173,-5.32606649,3.00399446,6.7830596,-2.23277044,219.236862,-661.86261,-48.5468102,35.7269516,-78.6992493,135.066803,324.0,177.838394,2387,244221.88231915512
2025-10-07T19:50:22.138570+00:00,919,697.474915,-7.56390953,-0.389885962,-10.0072231,-5.32739592,2.94816399,6.79859304,-2.47690225,219.747543,-660.060486,-50.0245514,35.7269554,-78.6992264,136.54454,325.0,178.094635,2387,244222.1385704232
2025-10-07T19:50:22.394822+00:00,919,696.111267,-7.45948839,-0.329649121,-10.0072231,-5.31541777,2.94811535,6.79864788,-2.47701573,220.50296,-658.318298,-50.6593475,35.726963,-78.6992111,137.179337,325.0,178.350891,2387,244222.3948217069
2025-10-07T19:50:22.651073+00:00,919,694.750732,-7.35465479,-0.269179732,-10.0072231,-5.30331,2.94811535,6.79864788,-2.47701573,221.258408,-656.576172,-51.2940865,35.7269707,-78.6991882,137.814087,325.0,178.607147,2387,244222.6510729906
2025-10-07T19:50:22.907324+00:00,919,693.184875,-7.14292288,-0.0571315549,-9.87961197,-5.34619761,3.20601344,7.00224352,-2.95638847,223.118988,-654.091125,-53.7410164,35.7269859,-78.6991653,140.261017,326.0,178.863403,2387,244222.90732427427
2025-10-07T19:50:23.163576+00:00,919,691.817078,-7.03051424,0.0143197989,-9.87961197,-5.33138609,3.20554161,7.00178337,-2.95526218,223.939774,-652.297485,-54.497139,35.7269936,-78.6991425,141.017136,326.0,179.119644,2387,244223.16357556797
2025-10-07T19:50:23.419827+00:00,919,690.508,-6.76708126,0.310741127,-10.119997,-5.25258303,3.59138799,7.15973663,-3.65693045,226.416977,-649.751831,-57.9585381,35.7270164,-78.6991119,144.478531,327.0,179.3759,2387,244223.41982685166
2025-10-07T19:50:23.676078+00:00,919,689.234619,-6.40361929,0.381404072,-10.2961588,-5.18161774,4.2233777,7.34863,-3.605793,230.098862,-647.033936,-58.7022934,35.7270508,-78.6990814,145.22229,328.0,179.632156,2387,244223.67607813558
2025-10-07T19:50:23.932329+00:00,919,687.909607,-6.26618624,0.467935145,-10.2961588,-5.16031313,4.2223053,7.34849501,-3.60502219,231.179962,-645.151367,-59.6253242,35.7270584,-78.6990662,146.145325,328.0,179.888397,2387,244223.93232941927
2025-10-07T19:50:24.188581+00:00,919,686.59,-6.12813854,0.554861,-10.2961588,-5.13857222,4.2223053,7.34849501,-3.60502219,232.261932,-643.268311,-60.549118,35.7270699,-78.6990433,147.069107,328.0,180.144653,2387,244224.1885807032
2025-10-07T19:50:24.444832+00:00,919,685.276062,-5.98955584,0.642117679,-10.2961588,-5.11670589,4.2223053,7.34849501,-3.60502219,233.343903,-641.385254,-61.472908,35.7270775,-78.6990204,147.992905,328.0,180.400909,2387,244224.44483198688
2025-10-07T19:50:24.701083+00:00,919,683.967712,-5.85043764,0.729705155,-10.2961588,-5.09471369,4.2223053,7.34849501,-3.60502219,234.425873,-639.502197,-62.396698,35.7270889,-78.6990051,148.916687,328.0,180.65715,2387,244224.70108327057
2025-10-07T19:50:24.957335+00:00,919,682.620422,-5.85304499,0.507425249,-10.4093151,-5.12503433,3.90294743,7.16678619,-2.75020361,234.015884,-638.475342,-59.6361389,35.7270851,-78.6989899,146.156128,329.0,180.913406,2387,244224.95733455426
2025-10-07T19:50:25.213586+00:00,919,681.309448,-5.72093153,0.576841533,-10.4093151,-5.1067543,3.903126,7.16675091,-2.7518158,235.01593,-636.638672,-60.3434334,35.7270927,-78.698967,146.863434,329.0,181.169662,2387,244225.21358583795
2025-10-07T19:50:25.469837+00:00,919,680.003113,-5.58830118,0.646340609,-10.4093151,-5.08861446,3.903126,7.16675091,-2.7518158,236.016113,-634.802185,-61.0485878,35.7271042,-78.6989517,147.568573,329.0,181.425903,2387,244225.46983712164
2025-10-07T19:50:25.726088+00:00,919,678.701538,-5.45515776,0.716103315,-10.4093151,-5.07037,3.903126,7.16675091,-2.7518158,237.016281,-632.965698,-61.753746,35.7271118,-78.6989288,148.273743,329.0,181.682159,2387,244225.72608840556
2025-10-07T19:50:25.982340+00:00,919,677.27124,-5.88588142,-0.323055238,-10.4104443,-5.12846613,2.78868675,6.50013924,-0.055681251,232.086777,-634.344849,-49.3837471,35.727066,-78.6989441,135.903748,330.0,181.938416,2387,244225.98233968925
2025-10-07T19:50:26.238591+00:00,919,676.105469,-5.24227142,-0.0619580634,-10.311367,-5.03196192,3.90384316,6.93068027,-0.666808546,238.725693,-630.385925,-52.3667374,35.7271271,-78.6989,138.886734,331.0,182.194656,2387,244226.23859098318
2025-10-07T19:50:26.494842+00:00,919,674.978,-5.11613369,-0.864127755,-10.0725746,-4.97090721,3.93892121,6.74270868,1.31353259,239.943497,-629.433289,-42.8513336,35.7271385,-78.6988907,129.371323,332.0,182.450912,2387,244226.4948422671
2025-10-07T19:50:26.751094+00:00,919,673.69458,-4.9766531,-0.133688256,-10.0782995,-4.98540497,3.90729165,6.89895868,-0.519501746,240.81488,-627.086365,-51.3353729,35.7271461,-78.6988678,137.855362,333.0,182.707169,2387,244226.75109355102
2025-10-07T19:50:27.007345+00:00,919,672.418945,-4.84303236,-0.113809846,-10.0782995,-4.97074556,3.90728354,6.89887428,-0.51926738,241.816132,-625.318542,-51.468483,35.7271538,-78.6988449,137.98848,333.0,182.963409,2387,244227.00734483518
2025-10-07T19:50:27.263596+00:00,919,670.872681,-4.58220387,-0.30098474,-9.86779785,-5.03782845,4.16821623,7.05841541,0.0118505368,244.162125,-622.927246,-49.1593781,35.7271767,-78.698822,135.679367,334.0,183.219666,2387,244227.26359611886
2025-10-07T19:50:27.519847+00:00,919,669.43042,-4.39462471,-0.191537574,-9.50483227,-5.05759668,4.25937939,7.16108513,-0.255467594,245.644135,-620.696,-50.3244476,35.7271881,-78.6987915,136.844437,335.0,183.475922,2387,244227.5198474028
2025-10-07T19:50:27.776099+00:00,919,668.234436,-4.52648687,-0.53132242,-9.61502838,-5.03463936,3.64745784,6.80191469,0.72994113,243.871918,-620.42041,-46.2852249,35.7271729,-78.6987915,132.805222,336.0,183.732178,2387,244227.77609868647
2025-10-07T19:50:28.032350+00:00,919,666.820679,-4.51469,-0.386107922,-9.76083279,-5.06741905,3.35725594,6.75723648,0.29245618,243.443298,-618.945435,-47.8728561,35.727169,-78.6987762,134.392853,337.0,183.988419,2387,244228.0323499704
2025-10-07T19:50:28.288601+00:00,919,665.614197,-4.09271336,-0.389624476,-9.57879353,-4.98815823,4.09740257,7.01327276,0.298255146,247.559311,-616.017944,-47.7342453,35.7272072,-78.6987381,134.254242,338.0,184.244675,2387,244228.2886012492
2025-10-07T19:50:28.544853+00:00,919,664.388184,-3.58251238,-0.567120433,-9.66421413,-4.93051767,5.02628231,7.35533428,0.840392888,252.631958,-612.790039,-45.5758591,35.727253,-78.6987076,132.095856,339.0,184.500931,2387,244228.54485253288
2025-10-07T19:50:28.801104+00:00,919,663.081116,-3.706985,-0.60695,-9.58635139,-4.96155071,4.27042532,7.05505,0.936241806,250.813141,-612.161438,-45.0309334,35.7272377,-78.6987,131.550934,340.0,184.757172,2387,244228.80110381657
2025-10-07T19:50:29.057355+00:00,919,661.811951,-3.55992818,-0.619798422,-9.58635139,-4.94431829,4.2704978,7.05501795,0.935985327,251.907471,-610.353516,-44.7912178,35.7272453,-78.6986771,131.311218,340.0,185.013428,2387,244229.05735510026
2025-10-07T19:50:29.313606+00:00,919,660.490479,-3.56283069,-0.63925916,-9.73140717,-4.93752527,3.87706876,6.88351202,0.958395064,251.378647,-609.161865,-44.4780693,35.7272415,-78.6986694,130.998062,341.0,185.269684,2387,244229.3136063786
2025-10-07T19:50:29.569858+00:00,919,659.227112,-3.4244318,-0.652758598,-9.73140717,-4.9225564,3.87745976,6.88389063,0.958288133,252.372589,-607.397705,-44.232605,35.7272491,-78.6986465,130.752594,341.0,185.525925,2387,244229.56985766205
2025-10-07T19:50:29.826109+00:00,919,657.977783,-3.57178664,-0.215387464,-9.68727398,-4.86161757,3.10572171,6.59492636,-0.493947893,250.210281,-606.557922,-49.1645622,35.7272301,-78.6986389,135.684555,342.0,185.782181,2387,244229.82610894574
2025-10-07T19:50:30.082360+00:00,919,656.790955,-3.38330793,-0.582481921,-9.47079372,-4.76862574,3.35335851,6.51877356,0.740242124,251.856903,-604.920715,-44.8712234,35.7272453,-78.698616,131.39122,343.0,186.038437,2387,244230.0823602292
2025-10-07T19:50:30.338612+00:00,919,655.570312,-3.25775576,-0.591323078,-9.47079372,-4.75717354,3.35356,6.51984882,0.740025043,252.716797,-603.249695,-44.6816788,35.727253,-78.6986,131.201675,343.0,186.294678,2387,244230.33861151288
2025-10-07T19:50:30.594863+00:00,919,654.439,-3.11025643,-1.05711293,-9.52654934,-4.65321493,3.48531318,6.38565159,2.21295047,253.947098,-601.878479,-39.2888145,35.7272644,-78.6985855,125.808807,344.0,186.550934,2387,244230.59486279657
2025-10-07T19:50:30.851114+00:00,919,653.247925,-2.98205757,-1.09999382,-9.52654934,-4.640306,3.48493052,6.38700438,2.21123981,254.840393,-600.241394,-38.7234154,35.727272,-78.6985703,125.243408,344.0,186.80719,2387,244230.85111408026
2025-10-07T19:50:31.107365+00:00,919,652.121887,-2.78889465,-0.607576251,-9.45854378,-4.57927322,3.63154507,6.51324081,0.49863717,256.30542,-598.007812,-44.2404938,35.7272873,-78.6985397,130.760498,345.0,187.063431,2387,244231.10736536395
2025-10-07T19:50:31.363617+00:00,919,651.045715,-2.37122798,-1.04172027,-9.26153,-4.48969269,4.45028782,6.7306633,1.88446093,260.342163,-595.436035,-39.2224655,35.7273216,-78.6985168,125.742462,346.0,187.319687,2387,244231.36361664228
2025-10-07T19:50:31.619868+00:00,919,649.897461,-2.21804428,-1.07743883,-9.26153,-4.47101259,4.44924259,6.73073864,1.88383985,261.481903,-593.711365,-38.7401085,35.7273331,-78.698494,125.260101,346.0,187.575943,2387,244231.61986792597
2025-10-07T19:50:31.876119+00:00,919,648.74939,-2.34849048,-1.20771348,-9.75654221,-4.49080706,3.6807332,6.38469172,2.17701793,259.695496,-593.337769,-37.2066116,35.7273178,-78.698494,123.726608,347.0,187.832184,2387,244231.87611920966
2025-10-07T19:50:32.132370+00:00,919,647.600525,-2.21371365,-1.25055325,-9.75654221,-4.47533417,3.68112016,6.38483429,2.17621517,260.63913,-591.701416,-36.6495972,35.7273254,-78.6984711,123.169601,347.0,188.08844,2387,244232.1323704931
2025-10-07T19:50:32.388622+00:00,919,646.387878,-2.27806926,-1.18203878,-10.0319529,-4.53201056,3.12116337,6.21378517,1.81812334,259.472351,-590.843384,-37.3563576,35.727314,-78.6984634,123.876358,348.0,188.344696,2387,244232.3886217768
2025-10-07T19:50:32.644873+00:00,919,645.182,-2.06726623,-1.19156182,-9.92443085,-4.54619169,3.33899093,6.35253906,1.74427485,261.161743,-588.78949,-37.1672478,35.7273293,-78.6984406,123.687241,349.0,188.600952,2387,244232.6448730605
2025-10-07T19:50:32.901124+00:00,919,644.015259,-1.96500099,-1.10990572,-10.019289,-4.56218815,3.24797416,6.36126661,1.38924479,261.722504,-587.207153,-38.0100555,35.7273331,-78.6984253,124.530045,350.0,188.857193,2387,244232.9011243444
2025-10-07T19:50:33.157376+00:00,919,642.78363,-2.14156628,-0.830548227,-10.1235113,-4.61846781,2.41900086,6.09792233,0.447070241,259.348785,-586.704163,-41.0760574,35.727314,-78.6984177,127.596054,351.0,189.113449,2387,244233.1573756281
2025-10-07T19:50:33.413627+00:00,919,641.601318,-2.03445935,-0.833516896,-10.1235113,-4.60938597,2.41956067,6.09777117,0.447745144,259.969025,-585.141541,-40.9609413,35.7273178,-78.6984,127.480934,351.0,189.369705,2387,244233.41362691202
2025-10-07T19:50:33.669878+00:00,919,640.434814,-2.12403488,-0.106532745,-10.0523014,-4.61629677,1.83985376,6.02608347,-1.77682531,258.389587,-583.944214,-48.9976158,35.7273064,-78.6983871,135.517609,352.0,189.625946,2387,244233.6698781957
2025-10-07T19:50:33.926129+00:00,919,639.163818,-1.86417961,-0.134498477,-9.70618,-4.65411139,2.25871539,6.25342226,-1.52276742,260.533569,-581.629822,-48.5735054,35.7273254,-78.6983643,135.093506,353.0,189.882202,2387,244233.92612947963
2025-10-07T19:50:34.182381+00:00,919,637.987427,-1.71541572,-0.243778884,-9.79144096,-4.66593695,2.37176299,6.28735161,-1.0410955,261.596252,-579.967041,-47.2612228,35.7273331,-78.6983414,133.781219,354.0,190.138458,2387,244234.18238076355
2025-10-07T19:50:34.438632+00:00,919,636.881226,-1.88395095,0.164661437,-10.3178549,-4.64009905,1.60488808,6.01784039,-2.23051882,259.312836,-579.39624,-51.7162933,35.727314,-78.6983337,138.236282,355.0,190.394699,2387,244234.43863204724
2025-10-07T19:50:34.694883+00:00,919,635.853149,-1.31752944,0.4635683,-10.5001717,-4.55324,2.83832526,6.61662769,-2.9612956,264.523438,-575.606262,-54.9006081,35.7273598,-78.6982956,141.420593,356.0,190.650955,2387,244234.69488333093
2025-10-07T19:50:34.951135+00:00,919,634.675537,-1.09770131,0.669040322,-10.6636276,-4.55219,3.06412292,6.79495716,-3.34817195,266.174042,-573.332092,-57.0501747,35.727375,-78.6982727,143.57016,357.0,190.907211,2387,244234.95113461462
2025-10-07T19:50:35.207386+00:00,919,633.463,-0.982571661,0.695119202,-10.6929064,-4.56749,3.02001,6.78585386,-3.14932251,266.810516,-571.675964,-57.2197266,35.7273788,-78.6982498,143.739716,358.0,191.163452,2387,244235.2073858983
2025-10-07T19:50:35.463637+00:00,919,632.294922,-0.852965355,0.77903825,-10.6929064,-4.54933357,3.01993823,6.78556061,-3.14916873,267.584259,-569.937256,-58.0265427,35.7273865,-78.6982346,144.546539,358.0,191.419708,2387,244235.46363718223
2025-10-07T19:50:35.719888+00:00,919,631.185608,-0.521869719,0.0877829939,-10.7086449,-4.51747513,3.62851977,6.81492329,-0.744158506,270.641876,-567.993835,-50.3115692,35.7274132,-78.6982117,136.831573,359.0,191.675964,2387,244235.71988846615
2025-10-07T19:50:35.976140+00:00,919,630.110046,-0.134398982,-0.122081086,-10.5168543,-4.45350552,4.29212856,7.04467,-0.00243057543,274.084045,-565.352112,-47.892,35.7274475,-78.6981812,134.411987,360.0,191.932205,2387,244235.97613975007
2025-10-07T19:50:36.232391+00:00,919,628.948,-0.0599644445,-0.00212618499,-10.7660437,-4.45383167,4.04769087,6.96740675,-0.350173295,274.279,-563.857117,-49.1099129,35.7274475,-78.6981659,135.629913,361.0,192.188461,2387,244236.23239103376
2025-10-07T19:50:36.488642+00:00,919,627.62738,0.265474737,-0.226336733,-10.673604,-4.47408867,4.50692,7.19394588,0.397471368,276.969116,-561.283691,-46.5283127,35.7274704,-78.6981354,133.048309,362.0,192.444717,2387,244236.4886423172
2025-10-07T19:50:36.744894+00:00,919,626.483643,0.434780419,-0.226391673,-10.673604,-4.45268726,4.50662518,7.19380617,0.396962941,278.123749,-559.440369,-46.4269028,35.7274818,-78.6981201,132.946899,362.0,192.700958,2387,244236.74489360067
2025-10-07T19:50:37.001145+00:00,919,625.333191,0.570821404,-0.442205578,-10.9706278,-4.42104244,4.45059395,7.09724665,1.06166649,278.999298,-557.912964,-43.9793129,35.7274895,-78.6981,130.499313,363.0,192.957214,2387,244237.00114488413
2025-10-07T19:50:37.257396+00:00,919,624.187378,0.799330592,-0.626653135,-10.6486654,-4.36247969,4.64360476,7.12457371,1.57968235,280.758514,-555.905884,-41.8714867,35.7275047,-78.6980743,128.391479,364.0,193.21347,2387,244237.25739616758
2025-10-07T19:50:37.513647+00:00,919,622.941895,0.860331655,-0.577861965,-10.461051,-4.3649807,4.35768127,7.00915909,1.33178866,280.778503,-554.463562,-42.3110085,35.7275047,-78.6980591,128.831009,365.0,193.469727,2387,244237.51364745127
2025-10-07T19:50:37.769899+00:00,919,621.838745,0.839041889,-0.448529094,-10.6218643,-4.3237071,3.87936711,6.75331974,0.850623071,280.04303,-553.493469,-43.6384888,35.7275,-78.6980515,130.158478,366.0,193.725967,2387,244237.76989873496
2025-10-07T19:50:38.026150+00:00,919,620.73291,0.993183,-0.460082561,-10.6218643,-4.30648232,3.87955046,6.75385666,0.850940526,281.037384,-551.762695,-43.4202919,35.7275085,-78.6980286,129.940292,366.0,193.982224,2387,244238.0261500184
2025-10-07T19:50:38.282401+00:00,919,619.642456,1.14194858,-0.484741449,-10.8392391,-4.24614811,3.89097691,6.70826674,0.887053549,281.98288,-550.08,-43.0625,35.7275162,-78.6980133,129.582489,367.0,194.23848,2387,244238.28240129675
2025-10-07T19:50:38.538653+00:00,919,618.556274,1.2969501,-0.49733308,-10.8392391,-4.22915077,3.89091301,6.70911074,0.887299,282.980194,-548.360535,-42.8349495,35.7275276,-78.6979904,129.35495,367.0,194.49472,2387,244238.5386525802
2025-10-07T19:50:38.794904+00:00,919,617.580566,0.898222446,-0.499863386,-11.0615396,-4.18215561,2.5247066,5.91690683,0.827804387,278.707367,-549.452209,-42.7817421,35.7274895,-78.6980057,129.301743,368.0,194.750977,2387,244238.79490386366
2025-10-07T19:50:39.051155+00:00,919,616.579407,1.27986729,-0.209639281,-11.1782722,-4.11671877,3.16884851,6.28419495,-0.0612612329,281.837952,-546.480591,-45.7877121,35.7275162,-78.6979752,132.307709,369.0,195.007233,2387,244239.0511551471
2025-10-07T19:50:39.307406+00:00,919,615.52594,1.41571712,-0.199592814,-11.1782722,-4.10353804,3.16910672,6.28469515,-0.0601958483,282.650421,-544.869812,-45.802494,35.7275238,-78.6979523,132.322495,369.0,195.263474,2387,244239.3074064308
2025-10-07T19:50:39.563658+00:00,919,614.53949,1.72466516,-0.467095464,-11.32271,-4.0505271,3.62092042,6.43072319,0.751843512,285.205109,-542.662109,-42.8333588,35.7275467,-78.6979294,129.353363,370.0,195.51973,2387,244239.5636577145
2025-10-07T19:50:39.819909+00:00,919,613.503479,1.87306678,-0.476767659,-11.32271,-4.03466606,3.62047887,6.43083334,0.751555681,286.132721,-541.01416,-42.6409531,35.7275543,-78.6979141,129.16095,370.0,195.775986,2387,244239.81990899795
2025-10-07T19:50:40.076160+00:00,919,612.322876,1.66240537,-0.121931046,-11.0335274,-4.10063076,2.71538591,6.09215069,-0.294758469,283.496735,-540.758057,-46.3646507,35.7275314,-78.6979065,132.884644,371.0,196.032227,2387,244240.07616028163
2025-10-07T19:50:40.332412+00:00,919,611.173523,1.92755795,0.260711402,-10.3648424,-4.09589148,3.01706076,6.37631369,-1.33137226,285.355469,-538.120483,-50.316227,35.7275467,-78.6978836,136.836227,372.0,196.288483,2387,244240.33241156556
2025-10-07T19:50:40.588663+00:00,919,610.132446,1.6681565,0.38127771,-9.87301826,-4.09612942,2.05720806,5.87180471,-1.57559276,282.387268,-538.389099,-51.5392075,35.72752,-78.6978836,138.059204,373.0,196.544739,2387,244240.58866284924
2025-10-07T19:50:40.844914+00:00,919,609.07196,1.88435364,0.741960227,-9.49280834,-4.05653095,2.30111885,6.08603859,-2.51119113,283.809937,-536.067749,-55.2444878,35.7275352,-78.6978607,141.764481,374.0,196.80098,2387,244240.84491413293
2025-10-07T19:50:41.101165+00:00,919,608.053162,2.0152595,0.807031,-9.15049458,-4.03966951,2.33633828,6.09991932,-2.49099278,284.539795,-534.461792,-55.8246803,35.7275391,-78.6978378,142.344666,375.0,197.057236,2387,244241.10116541685
2025-10-07T19:50:41.357417+00:00,919,607.128845,2.09668326,0.442298591,-9.57410336,-4.00981712,2.28898978,5.89099836,-1.08745813,284.992493,-533.566467,-51.8809509,35.7275429,-78.6978302,138.40094,376.0,197.313492,2387,244241.35741670054
2025-10-07T19:50:41.613668+00:00,919,606.099365,2.18677092,0.726724267,-9.61175346,-4.00902033,2.18760657,5.93706131,-1.90605974,285.254517,-531.963867,-54.7793465,35.7275467,-78.6978149,141.299347,377.0,197.569733,2387,244241.613667984
2025-10-07T19:50:41.869919+00:00,919,605.073547,2.3010242,0.783274055,-9.61175346,-3.9971981,2.18774891,5.93699741,-1.90608,285.815186,-530.442444,-55.2677727,35.7275505,-78.6978,141.787766,377.0,197.825989,2387,244241.8699192677
2025-10-07T19:50:42.126171+00:00,919,603.928711,2.42997384,0.771077037,-9.34541416,-4.07034254,2.19775867,6.01250029,-1.66561162,286.474976,-528.805115,-55.0196953,35.7275581,-78.6977768,141.539688,378.0,198.082245,2387,244242.12617055138
2025-10-07T19:50:42.382422+00:00,919,602.859558,2.78441596,0.830184042,-8.90265942,-4.07094574,2.81985736,6.39321423,-1.68054259,289.221924,-526.032654,-55.4978371,35.727581,-78.6977463,142.017838,379.0,198.338501,2387,244242.3824218353
2025-10-07T19:50:42.638673+00:00,919,601.792725,2.80303502,1.12230301,-8.93393803,-4.0815115,2.46441317,6.31529427,-2.49741435,288.774017,-524.735657,-58.4515076,35.7275772,-78.697731,144.971497,380.0,198.594742,2387,244242.63867311899
2025-10-07T19:50:42.894924+00:00,919,600.766663,3.22765541,0.854772329,-8.90475655,-4.07423067,3.30323768,6.67903376,-1.31342423,292.274719,-521.934204,-55.5048828,35.7276115,-78.6977,142.024872,381.0,198.851,2387,244242.89492440267
2025-10-07T19:50:43.151176+00:00,919,599.725,3.37753987,0.898246646,-8.90475655,-4.05657482,3.30283761,6.67854643,-1.31395471,293.120789,-520.222961,-55.8418274,35.7276192,-78.6976852,142.361816,381.0,199.107254,2387,244243.1511756866
2025-10-07T19:50:43.407427+00:00,919,598.694885,3.69045734,0.941409409,-9.41558075,-4.05249834,3.72675109,6.95473289,-1.3011626,295.447235,-517.680786,-56.1524925,35.7276382,-78.6976547,142.672485,382.0,199.363495,2387,244243.40742697005
2025-10-07T19:50:43.663678+00:00,919,597.671509,4.10135555,1.10183084,-9.21149349,-4.03368759,4.35666,7.40254736,-1.68212354,298.599152,-514.514,-57.6644669,35.7276688,-78.6976166,144.184464,383.0,199.619751,2387,244243.66367825327
2025-10-07T19:50:43.919930+00:00,919,596.604309,4.09243727,1.08740115,-9.42475796,-4.07828522,3.81863189,7.11498642,-1.45627713,297.991089,-513.655273,-57.4132347,35.7276611,-78.6976089,143.933228,384.0,199.876,2387,244243.91992953673
2025-10-07T19:50:44.176181+00:00,919,595.577515,4.08468246,0.766538,-9.49315,-4.08848953,3.38740826,6.73413515,-0.230801135,297.525024,-513.104248,-53.9951401,35.7276573,-78.6976,140.515137,385.0,200.132248,2387,244244.17618082018
2025-10-07T19:50:44.432432+00:00,919,594.532104,4.24028397,0.783656597,-9.49315,-4.07081413,3.38784218,6.73407602,-0.231666222,298.39325,-511.37851,-54.0549278,35.7276649,-78.6975861,140.574921,385.0,200.388504,2387,244244.43243210364
2025-10-07T19:50:44.688683+00:00,919,593.415283,4.57946491,0.572562516,-9.44881344,-4.08500481,3.8709178,7.00030518,0.523149312,300.93515,-508.826233,-51.7262383,35.7276878,-78.6975555,138.246231,386.0,200.64476,2387,244244.68868338733
2025-10-07T19:50:44.944935+00:00,919,592.390076,4.70311737,0.823946893,-9.46683121,-4.07738161,3.70963049,7.00060606,-0.29993,301.429657,-507.077728,-54.20681,35.7276917,-78.6975403,140.726807,387.0,200.901,2387,244244.94493467078
2025-10-07T19:50:45.201186+00:00,919,591.254822,4.72796679,1.06271517,-9.35788536,-4.10754204,3.30018187,6.87914,-1.01274979,300.985657,-505.758636,-56.5520477,35.7276878,-78.697525,143.072052,388.0,201.157257,2387,244245.20118595447
2025-10-07T19:50:45.457437+00:00,919,590.122192,4.98758888,0.857363522,-8.9901371,-4.10387087,3.58914137,6.99114656,-0.226242438,302.780151,-503.607056,-54.2987747,35.7277031,-78.6975,140.818771,389.0,201.413513,2387,244245.45743723816
2025-10-07T19:50:45.713689+00:00,919,589.07312,5.15380573,0.874979734,-8.9901371,-4.08427525,3.58907747,6.99110603,-0.226414517,303.699829,-501.815643,-54.3568573,35.7277145,-78.6974792,140.876846,389.0,201.669754,2387,244245.71368852185
2025-10-07T19:50:45.969940+00:00,919,587.991089,5.14248657,0.878274858,-8.82452106,-4.07508135,3.14312601,6.70523262,-0.191258445,303.041351,-500.950897,-54.2924385,35.7277069,-78.6974716,140.812439,390.0,201.92601,2387,244245.96993980554
2025-10-07T19:50:46.226191+00:00,919,586.97345,5.16673613,0.743167162,-8.49410057,-4.03274345,2.85054755,6.42836237,0.294097781,302.776855,-500.074463,-52.8165054,35.7277031,-78.697464,139.336502,391.0,202.182266,2387,244246.22619108923
2025-10-07T19:50:46.482442+00:00,919,585.969727,5.12584352,0.694378912,-8.89134884,-3.99453568,2.3996284,6.089149,0.455144256,301.917664,-499.477417,-52.2356224,35.7276955,-78.6974564,138.755615,392.0,202.438507,2387,244246.48244237268
2025-10-07T19:50:46.738694+00:00,919,584.917,5.41724253,0.592428744,-8.76943302,-3.95815396,2.83750105,6.3101573,0.797490597,303.95285,-497.125244,-51.0596085,35.7277145,-78.6974258,137.579605,393.0,202.694763,2387,244246.73869365637
2025-10-07T19:50:46.994945+00:00,919,583.90448,5.56105757,0.58329159,-8.76943302,-3.9440546,2.83733511,6.31047916,0.797093272,304.679962,-495.508118,-50.8555908,35.7277222,-78.6974106,137.37558,393.0,202.951019,2387,244246.99494493983
2025-10-07T19:50:47.251196+00:00,919,582.913757,5.74529552,0.800059199,-8.40434837,-3.89295816,2.933213,6.40987682,0.0496096388,305.685974,-493.500092,-52.9359474,35.7277298,-78.6973877,139.455948,394.0,203.207275,2387,244247.25119622351
2025-10-07T19:50:47.507448+00:00,919,582.012878,6.2176733,0.89568013,-7.9956,-3.79156232,3.77998042,6.91172838,-0.220499724,309.251404,-490.116608,-53.7431755,35.7277641,-78.6973495,140.263168,395.0,203.463516,2387,244247.5074475072
2025-10-07T19:50:47.763699+00:00,919,581.027344,6.25006866,0.8272264,-8.08262444,-3.78981924,3.42439437,6.65810823,0.0617575608,309.029907,-489.171753,-52.955555,35.7277603,-78.6973419,139.475555,396.0,203.719772,2387,244247.7636987909
2025-10-07T19:50:48.019950+00:00,919,580.045105,6.33219481,0.981081367,-8.388237,-3.77373457,3.20033026,6.56456041,-0.43438369,309.155609,-487.765778,-54.4028473,35.7277603,-78.6973267,140.922852,397.0,203.976028,2387,244248.0199500748
2025-10-07T19:50:48.276201+00:00,919,579.080261,6.48951101,1.00377238,-8.388237,-3.75643229,3.20047569,6.56472731,-0.434018224,309.97583,-486.083527,-54.5138588,35.7277679,-78.6973,141.033859,397.0,204.232269,2387,244248.27620135827
2025-10-07T19:50:48.532453+00:00,919,578.013611,6.6977191,0.979793429,-8.47145557,-3.78019238,3.31784248,6.67670441,-0.269659936,311.183838,-484.080139,-54.1367493,35.7277794,-78.6972809,140.656738,398.0,204.488525,2387,244248.53245264196
2025-10-07T19:50:48.788704+00:00,919,577.0495,6.82492113,0.699255168,-8.02176094,-3.7490828,3.27535272,6.51847506,0.732642472,311.840759,-482.823883,-51.2110519,35.727787,-78.6972733,137.731049,399.0,204.744781,2387,244248.78870392565
2025-10-07T19:50:49.044955+00:00,919,576.13739,7.06338692,0.849636436,-7.87703896,-3.69212651,3.47158575,6.66686773,0.200652033,313.309265,-480.630371,-52.5937881,35.7278,-78.6972427,139.113785,400.0,205.001022,2387,244249.0449552091
2025-10-07T19:50:49.301206+00:00,919,575.195801,7.0925622,0.990652,-7.94716,-3.67170596,3.11035228,6.46407795,-0.268190891,312.99231,-479.561798,-53.9120026,35.7278,-78.6972351,140.431992,401.0,205.257278,2387,244249.3012064872
2025-10-07T19:50:49.557458+00:00,919,574.257,7.24922037,1.00913894,-7.94716,-3.65489364,3.11045051,6.4643054,-0.267701924,313.789459,-477.905273,-53.9804077,35.7278023,-78.6972122,140.500397,401.0,205.513535,2387,244249.55745777066
2025-10-07T19:50:49.813709+00:00,919,573.404907,7.62782478,0.925078094,-8.04291248,-3.55977607,3.71631718,6.76086521,0.0906327665,316.517242,-475.186,-52.9938202,35.727829,-78.6971817,139.513809,402.0,205.769775,2387,244249.8137090541
2025-10-07T19:50:50.069960+00:00,919,572.472839,7.61959219,1.02383113,-7.47673941,-3.55765319,3.24254,6.47823381,-0.224927455,315.898438,-474.372284,-53.8914185,35.7278214,-78.6971741,140.411407,403.0,206.026031,2387,244250.06996033757
2025-10-07T19:50:50.326212+00:00,919,571.56366,7.80020714,1.0994091,-7.08268929,-3.53325677,3.28664732,6.52621174,-0.423134178,316.868073,-472.55365,-54.5227699,35.7278328,-78.6971588,141.04277,404.0,206.282288,2387,244250.32621162126
2025-10-07T19:50:50.582463+00:00,919,570.649292,8.00966549,1.16317511,-6.77230358,-3.51667643,3.39537621,6.62514353,-0.561528206,318.069092,-470.578979,-55.0282936,35.7278442,-78.6971359,141.548294,405.0,206.538528,2387,244250.58246290495
2025-10-07T19:50:50.838714+00:00,919,569.75061,8.17731762,1.18967044,-6.77230358,-3.49718857,3.39530277,6.62510252,-0.561273098,318.939117,-468.881317,-55.172,35.7278519,-78.697113,141.691986,405.0,206.794785,2387,244250.8387141884
2025-10-07T19:50:51.094965+00:00,919,568.879639,8.44887829,1.24923,-7.22679234,-3.47676396,3.64477396,6.82331419,-0.667603374,320.656311,-466.593567,-55.6238403,35.7278671,-78.6970901,142.143829,406.0,207.051041,2387,244251.0949654721
2025-10-07T19:50:51.351217+00:00,919,568.027649,8.74608231,1.01814532,-7.12619638,-3.4546423,3.97358775,6.95794344,0.245879501,322.689575,-464.431274,-53.2023239,35.7278824,-78.6970673,139.722321,407.0,207.307281,2387,244251.35121675555
2025-10-07T19:50:51.607468+00:00,919,567.183044,8.75335217,0.777865827,-7.65986633,-3.45862293,3.53920531,6.56923914,1.08447611,322.354,-463.905762,-50.7536697,35.7278824,-78.6970596,137.273666,408.0,207.563538,2387,244251.607468039
2025-10-07T19:50:51.863719+00:00,919,566.364075,9.33520699,1.14228284,-7.67089462,-3.40507102,4.49269867,7.40954399,-0.191628069,326.468018,-459.624603,-54.1493492,35.7279167,-78.6970139,140.669342,409.0,207.819794,2387,244251.8637193227
2025-10-07T19:50:52.119971+00:00,919,565.4953,9.54137,1.16003609,-7.67089462,-3.37589121,4.49239445,7.40881586,-0.19125618,327.618896,-457.726288,-54.1981926,35.7279282,-78.696991,140.718185,409.0,208.07605,2387,244252.11997060615
2025-10-07T19:50:52.376222+00:00,919,564.51178,9.63666153,1.18609989,-7.46191645,-3.43899941,4.17267752,7.27713394,-0.217771456,327.802948,-456.361694,-54.3397,35.727932,-78.6969757,140.859695,410.0,208.332291,2387,244252.37622188983
2025-10-07T19:50:52.632473+00:00,919,563.66449,9.90538311,1.38376129,-7.93693304,-3.39825058,4.3174572,7.45252752,-0.811698318,329.378906,-453.955841,-56.1365662,35.7279434,-78.6969528,142.656555,411.0,208.588547,2387,244252.6324731733
2025-10-07T19:50:52.888724+00:00,919,562.797546,10.1100645,1.41825402,-7.93693304,-3.36910224,4.31752539,7.45207596,-0.810806513,330.485199,-452.046478,-56.343792,35.7279549,-78.6969299,142.863785,411.0,208.844803,2387,244252.88872445698
2025-10-07T19:50:53.144976+00:00,919,561.951294,10.3218288,1.53259671,-8.48723793,-3.33260179,4.32406616,7.48377752,-1.06885624,331.617249,-450.036285,-57.3290443,35.7279663,-78.696907,143.849045,412.0,209.101044,2387,244253.14497574067
2025-10-07T19:50:53.401227+00:00,919,561.101196,10.5282669,1.57413602,-8.48723793,-3.30290437,4.324049,7.48352337,-1.06808722,332.72522,-448.118835,-57.6020622,35.7279739,-78.6968842,144.122055,412.0,209.3573,2387,244253.40122702412
2025-10-07T19:50:53.657478+00:00,919,560.362061,10.9600058,1.99834073,-8.70223904,-3.20284367,4.77956676,7.95271873,-2.23473144,335.482269,-444.599,-61.5550461,35.728,-78.696846,148.075043,413.0,209.613556,2387,244253.6574783078
2025-10-07T19:50:53.913730+00:00,919,559.433594,10.777091,2.00207829,-8.44346714,-3.25146699,3.8942976,7.28955746,-2.04149723,333.49585,-444.927582,-61.5299454,35.7279816,-78.6968536,148.049942,414.0,209.869797,2387,244253.91372959127
2025-10-07T19:50:54.169981+00:00,919,558.629883,10.4931993,2.04370189,-8.26591778,-3.23900914,2.88589048,6.47512293,-1.99058855,330.776184,-445.894592,-61.9069,35.7279587,-78.6968613,148.426895,415.0,210.126053,2387,244254.16998087472
2025-10-07T19:50:54.426232+00:00,919,557.83313,10.7808762,1.7680639,-8.38964367,-3.18474865,3.22336817,6.54508781,-0.95123297,332.677216,-443.860565,-59.0886154,35.7279739,-78.6968384,145.608612,416.0,210.382309,2387,244254.4262321584
2025-10-07T19:50:54.682483+00:00,919,557.019531,10.9516306,1.80616474,-8.38964367,-3.16472268,3.22352195,6.54559708,-0.951983392,333.503448,-442.183044,-59.3328934,35.7279816,-78.6968231,145.85289,416.0,210.63855,2387,244254.6824834421
2025-10-07T19:50:54.938735+00:00,919,556.200256,10.9928198,1.77616024,-8.62769,-3.15331602,2.95596647,6.30713081,-0.750479162,333.345703,-441.321503,-58.9469337,35.7279816,-78.6968079,145.466934,417.0,210.894806,2387,244254.9387347258
2025-10-07T19:50:55.194986+00:00,919,555.420654,11.2569418,1.73149478,-9.40519238,-3.11708498,3.19107604,6.44290161,-0.507647872,334.93985,-439.203613,-58.3747559,35.727993,-78.696785,144.894745,418.0,211.151062,2387,244255.19498600948
2025-10-07T19:50:55.451237+00:00,919,554.624329,11.4270563,1.75777626,-9.40519238,-3.097646,3.19098425,6.44303656,-0.508325517,335.757538,-437.55249,-58.5055,35.728,-78.6967697,145.025497,418.0,211.407303,2387,244255.4512372927
2025-10-07T19:50:55.707489+00:00,919,553.833069,11.5976582,1.78406632,-9.40519238,-3.07803345,3.19098425,6.44303656,-0.508325517,336.575226,-435.901428,-58.6357613,35.7280083,-78.6967545,145.155762,418.0,211.663559,2387,244255.70748857592
2025-10-07T19:50:55.963740+00:00,919,553.046875,11.7687521,1.81041551,-9.40519238,-3.05833673,3.19098425,6.44303656,-0.508325517,337.392914,-434.250397,-58.7660179,35.7280159,-78.6967316,145.286011,418.0,211.919815,2387,244255.96373985938
2025-10-07T19:50:56.219991+00:00,919,552.090576,11.7463064,1.69627428,-9.39583683,-3.13385487,2.79003096,6.17145538,-0.126085877,336.688599,-433.739288,-57.5761642,35.7280121,-78.6967239,144.096161,419.0,212.176056,2387,244256.21999112653
2025-10-07T19:50:56.476242+00:00,919,551.548889,12.6472559,1.61496639,-9.41604,-2.97188497,4.25129652,7.21464872,0.178371459,343.210815,-428.038544,-56.5290489,35.7280693,-78.6966629,143.049042,420.0,212.432312,2387,244256.47624241
2025-10-07T19:50:56.732494+00:00,919,550.861694,12.5451889,2.01085234,-9.64434814,-2.98040175,3.58970451,6.8324585,-0.889964938,341.838928,-427.741394,-60.2667122,35.7280579,-78.6966629,146.786713,421.0,212.688568,2387,244256.73249369345
2025-10-07T19:50:56.988745+00:00,919,550.103455,12.7223587,2.41325498,-10.0084,-2.98880243,3.48387122,6.94707155,-1.87464535,342.500427,-425.692383,-63.978756,35.7280617,-78.69664,150.498749,422.0,212.944824,2387,244256.9887449769
2025-10-07T19:50:57.244996+00:00,919,549.340942,12.9099045,2.47771621,-10.0084,-2.96268249,3.48428679,6.94664288,-1.87351799,343.393341,-423.912292,-64.4582291,35.7280693,-78.6966171,150.978226,422.0,213.201065,2387,244257.24499627037
2025-10-07T19:50:57.501248+00:00,919,548.561523,12.9256992,2.57233024,-10.7761555,-2.986341,3.13031125,6.71156645,-1.96099186,342.974426,-423.118378,-65.262146,35.7280655,-78.6966095,151.782135,423.0,213.457321,2387,244257.50124755406
2025-10-07T19:50:57.757499+00:00,919,547.799561,13.1027145,2.63930082,-10.7761555,-2.96237969,3.13101983,6.71117258,-1.96028519,343.7771,-421.398621,-65.7637863,35.7280731,-78.6965942,152.283783,423.0,213.713577,2387,244257.75749883775
2025-10-07T19:50:58.013750+00:00,919,547.043457,13.2802086,2.70650554,-10.7761555,-2.93898392,3.13101983,6.71117258,-1.96028519,344.579437,-419.678894,-66.2661133,35.7280807,-78.6965714,152.786102,423.0,213.969818,2387,244258.0137501212
2025-10-07T19:50:58.270001+00:00,919,546.314453,13.0447521,2.68343425,-11.3048687,-2.91194344,2.43577719,6.04238462,-1.76227438,342.392639,-420.557373,-66.0172577,35.7280617,-78.696579,152.537262,424.0,214.226074,2387,244258.27000140466
2025-10-07T19:50:58.526253+00:00,919,545.570374,13.1972275,2.744699,-11.3048687,-2.89497638,2.43718839,6.04418945,-1.7623502,343.019165,-419.006927,-66.4689407,35.7280693,-78.6965637,152.988922,424.0,214.48233,2387,244258.52625268835
2025-10-07T19:50:58.782504+00:00,919,544.833252,13.3384867,2.24033928,-11.5105238,-2.80281,2.56629372,5.81745243,-0.370580792,343.855896,-418.107574,-61.5831871,35.7280731,-78.6965561,148.10318,425.0,214.738571,2387,244258.7825039718
2025-10-07T19:50:59.038755+00:00,919,544.143799,13.6723213,1.98662674,-11.6061726,-2.66848516,2.98885822,5.93420839,0.315595627,345.98819,-415.812866,-59.0283966,35.728096,-78.6965256,145.548386,426.0,214.994827,2387,244259.03875525526
2025-10-07T19:50:59.295007+00:00,919,543.462097,13.8370104,1.99053502,-11.6061726,-2.65228534,2.98784161,5.93540144,0.313397467,346.754,-414.291779,-58.9498901,35.7281,-78.6965103,145.469879,426.0,215.251083,2387,244259.2950065387
2025-10-07T19:50:59.551258+00:00,919,543.081055,14.762455,2.18708563,-11.5902023,-2.34307194,4.36904383,6.91538239,-0.120906487,353.107574,-408.153534,-60.5209923,35.728157,-78.6964417,147.040985,427.0,215.507324,2387,244259.5512578224
2025-10-07T19:50:59.807509+00:00,919,542.483643,14.9740191,2.20346594,-11.5902023,-2.31635,4.36671638,6.9164505,-0.121068187,354.225952,-406.38147,-60.5525398,35.7281685,-78.6964264,147.07254,427.0,215.76358,2387,244259.8075091061
2025-10-07T19:51:00.063760+00:00,919,541.89386,15.186121,2.2197969,-11.5902023,-2.2872262,4.36671638,6.9164505,-0.121068187,355.34494,-404.609131,-60.5835609,35.7281799,-78.6964,147.103561,427.0,216.019836,2387,244260.06376038954
2025-10-07T19:51:00.320012+00:00,919,541.490173,15.2111235,2.13866234,-11.861865,-2.05536366,4.25878096,6.4838829,0.0854738355,355.297791,-404.230927,-59.7700043,35.7281799,-78.6964,146.290009,428.0,216.276077,2387,244260.320011673
2025-10-07T19:51:00.576263+00:00,919,540.964661,15.4140291,2.14833403,-11.861865,-2.03280306,4.25592613,6.48661947,0.0858188421,356.38739,-402.568,-59.7481308,35.7281876,-78.6963806,146.268127,428.0,216.532333,2387,244260.57626295622
2025-10-07T19:51:00.832514+00:00,919,540.580505,15.4468575,2.20372272,-11.7384396,-1.79798067,4.1556716,6.11047506,-0.0627233908,356.339386,-402.024323,-60.2159729,35.7281876,-78.696373,146.735962,429.0,216.788589,2387,244260.83251423945
2025-10-07T19:51:01.088766+00:00,919,540.121643,15.6416454,2.21652102,-11.7384396,-1.77685094,4.15454721,6.11384439,-0.0623472668,357.405029,-400.456238,-60.2318459,35.7282,-78.6963577,146.751846,429.0,217.04483,2387,244261.08876552267
2025-10-07T19:51:01.345017+00:00,919,539.98,16.162693,2.44946146,-11.6513681,-1.42017567,4.85824728,6.44911051,-0.63280046,360.847565,-396.852661,-62.2526703,35.7282295,-78.6963196,148.772659,430.0,217.301086,2387,244261.34501680612
2025-10-07T19:51:01.601268+00:00,919,539.676147,16.1958637,2.29444265,-11.497982,-1.2415787,4.73131227,6.02675819,-0.200819239,360.95575,-396.572449,-60.7584038,35.7282295,-78.6963196,147.278397,431.0,217.557343,2387,244261.60126808958
2025-10-07T19:51:01.857519+00:00,919,539.549072,15.8975286,2.59881735,-11.5339613,-1.06271386,3.9955883,5.20453024,-1.02669513,358.625946,-398.053284,-63.672657,35.7282066,-78.6963348,150.192657,432.0,217.813599,2387,244261.8575193728
2025-10-07T19:51:02.113771+00:00,919,539.3573,15.9668865,2.70637655,-11.4493971,-0.879825771,3.92213655,4.94154406,-1.2580142,358.92569,-397.367462,-64.6358109,35.7282104,-78.6963272,151.155807,433.0,218.069839,2387,244262.11377065626
2025-10-07T19:51:02.370022+00:00,919,539.134,16.1354351,2.74872923,-11.4493971,-0.86161238,3.92196488,4.94279289,-1.25745595,359.930969,-396.100525,-64.95784,35.7282181,-78.696312,151.477844,433.0,218.326096,2387,244262.37002193995
2025-10-07T19:51:02.626273+00:00,919,539.094,16.2433147,2.59227014,-11.7328119,-0.610579312,4.01565933,4.61075926,-0.725062907,360.741638,-395.55072,-63.4619904,35.7282257,-78.6963043,149.982,434.0,218.582352,2387,244262.6262732234
2025-10-07T19:51:02.882525+00:00,919,539.137329,16.5240917,2.39092469,-11.9341068,-0.385672152,4.3942256,4.58489466,-0.0683108717,362.828247,-394.007141,-61.5072479,35.7282448,-78.6962891,148.027252,435.0,218.838593,2387,244262.88252450686
2025-10-07T19:51:03.138776+00:00,919,539.040283,16.6967468,2.39933777,-11.9341068,-0.367997974,4.39326048,4.5861454,-0.0694228038,363.954,-392.83139,-61.5258141,35.7282562,-78.6962738,148.045807,435.0,219.094849,2387,244263.13877579055
2025-10-07T19:51:03.395027+00:00,919,539.133,16.4331264,2.54415536,-12.1763172,-0.20224306,3.7213676,3.77592897,-0.519978523,362.113525,-394.428345,-62.9639587,35.728241,-78.6962891,149.483948,436.0,219.351105,2387,244263.395027074
2025-10-07T19:51:03.651278+00:00,919,539.082092,16.5770931,2.5634284,-12.1763172,-0.190765172,3.72056031,3.77793288,-0.519995511,363.067474,-393.45932,-63.0973816,35.7282486,-78.6962814,149.617386,436.0,219.607346,2387,244263.65127835746
2025-10-07T19:51:03.907530+00:00,919,539.148743,16.3975716,2.58223581,-12.3636694,-0.0784863457,3.23288298,3.1615634,-0.560239434,361.85675,-394.626648,-63.3315,35.7282372,-78.6963,149.851501,437.0,219.863602,2387,244263.9075296409
2025-10-07T19:51:04.163781+00:00,919,539.254,15.7900648,2.55298233,-12.1521587,0.000825986674,2.02375507,1.89372647,-0.494937629,357.701019,-398.554535,-63.2391319,35.7282,-78.6963348,149.759125,438.0,220.119858,2387,244264.16378092437
2025-10-07T19:51:04.420032+00:00,919,539.329468,15.4847803,2.45037031,-12.0613832,0.0635315105,1.40777421,1.19492829,-0.196994975,355.657593,-400.616608,-62.3721161,35.7281799,-78.6963577,148.89212,439.0,220.376099,2387,244264.42003220782
2025-10-07T19:51:04.676283+00:00,919,539.396912,15.9092541,2.49439692,-11.9782515,0.122503325,2.0936873,1.76473486,-0.278682023,358.662506,-397.972412,-62.6756287,35.7282066,-78.6963348,149.195618,440.0,220.632355,2387,244264.6762834915
2025-10-07T19:51:04.932535+00:00,919,539.42865,15.983593,2.50384116,-11.9782515,0.125588849,2.0934186,1.76518345,-0.278702587,359.199097,-397.519928,-62.7470818,35.7282143,-78.6963272,149.267075,440.0,220.888611,2387,244264.93253477497
2025-10-07T19:51:05.188786+00:00,919,539.547485,16.2373676,2.27097297,-12.2558737,0.193335861,2.49212551,1.9422195,0.432748556,361.171,-396.2388,-60.5128212,35.7282295,-78.696312,147.032822,441.0,221.144852,2387,244265.18878605842
2025-10-07T19:51:05.445037+00:00,919,539.644714,16.4841499,2.21991038,-12.739418,0.230836809,2.80238152,2.17554927,0.562461376,362.979279,-394.79776,-59.9766846,35.7282486,-78.6963,146.496674,442.0,221.401108,2387,244265.44503734165
2025-10-07T19:51:05.701289+00:00,919,539.704468,16.58078,2.20678878,-12.739418,0.236582965,2.80162978,2.17544222,0.561755419,363.696808,-394.240448,-59.8332,35.7282524,-78.6962891,146.353195,442.0,221.657364,2387,244265.70128862487
2025-10-07T19:51:05.957540+00:00,919,539.765869,16.6774311,2.19361472,-12.739418,0.242678955,2.80162978,2.17544222,0.561755419,364.414734,-393.682983,-59.6892471,35.72826,-78.6962814,146.209244,442.0,221.913605,2387,244265.9575399081
2025-10-07T19:51:06.213791+00:00,919,539.828796,16.7740574,2.18043709,-12.739418,0.248772845,2.80162978,2.17544222,0.561755419,365.13266,-393.125519,-59.5452957,35.7282677,-78.6962814,146.065292,442.0,222.169861,2387,244266.21379117525
2025-10-07T19:51:06.470042+00:00,919,539.893372,16.8706608,2.16725659,-12.739418,0.254864573,2.80162978,2.17544222,0.561755419,365.850586,-392.568054,-59.4013443,35.7282715,-78.6962738,145.921341,442.0,222.426117,2387,244266.4700424587
2025-10-07T19:51:06.726294+00:00,919,539.949585,17.2969131,1.88949561,-12.7135649,0.26279366,3.34906101,2.62179971,1.25104535,368.956665,-390.132843,-56.6828651,35.728302,-78.6962433,143.20285,443.0,222.682373,2387,244266.72629374193
2025-10-07T19:51:06.982545+00:00,919,540.018311,17.4128323,1.85844183,-12.7135649,0.272504151,3.34794188,2.6204114,1.24902272,369.812714,-389.46286,-56.3651733,35.7283096,-78.6962357,142.885162,443.0,222.938614,2387,244266.98254502538
2025-10-07T19:51:07.238796+00:00,919,540.089294,17.5289803,1.82714379,-12.7135649,0.281784505,3.34794188,2.6204114,1.24902272,370.670624,-388.791351,-56.0451088,35.7283173,-78.696228,142.565109,443.0,223.19487,2387,244267.2387963086
2025-10-07T19:51:07.495048+00:00,919,540.16272,17.645092,1.79584658,-12.7135649,0.291061163,3.34794188,2.6204114,1.24902272,371.528534,-388.119873,-55.7250443,35.7283249,-78.6962204,142.245041,443.0,223.451126,2387,244267.49504759183
2025-10-07T19:51:07.751299+00:00,919,540.068909,17.620388,1.84226727,-12.38307,0.200811,3.07206655,2.50380182,1.07242811,371.274078,-388.170441,-56.1576767,35.7283211,-78.6962204,142.677673,444.0,223.707367,2387,244267.7512988753
2025-10-07T19:51:08.007550+00:00,919,540.152283,17.0551529,2.10554028,-12.2208443,0.163110107,2.0744741,1.66254556,0.387825251,367.329437,-391.632874,-58.7985725,35.7282867,-78.6962585,145.318573,445.0,223.963623,2387,244268.0075501585
2025-10-07T19:51:08.263801+00:00,919,540.194702,17.1277485,2.09657121,-12.2208443,0.16724591,2.07647753,1.66325724,0.389062077,367.862579,-391.20578,-58.6981201,35.7282906,-78.6962585,145.218109,445.0,224.219879,2387,244268.26380144173
2025-10-07T19:51:08.520053+00:00,919,540.19873,16.671545,2.21761656,-12.0338469,0.12393263,1.28915012,1.01309407,0.0662636384,364.654205,-394.013123,-59.9635887,35.7282639,-78.6962891,146.483582,446.0,224.47612,2387,244268.5200527252
2025-10-07T19:51:08.776304+00:00,919,540.230835,16.7162418,2.21668553,-12.0338469,0.125827134,1.2909646,1.01378942,0.067167595,364.986145,-393.752502,-59.9456902,35.7282639,-78.6962814,146.465683,446.0,224.732376,2387,244268.77630400864
2025-10-07T19:51:09.032555+00:00,919,540.263245,16.7607803,2.21582294,-12.0338469,0.127099678,1.2909646,1.01378942,0.067167595,365.316956,-393.492706,-59.9284782,35.7282677,-78.6962814,146.448471,446.0,224.988632,2387,244269.0325552921
2025-10-07T19:51:09.288807+00:00,919,540.296,16.805315,2.21495914,-12.0338469,0.128372,1.2909646,1.01378942,0.067167595,365.647766,-393.23291,-59.9112663,35.7282715,-78.6962814,146.431259,446.0,225.244873,2387,244269.28880657532
2025-10-07T19:51:09.545058+00:00,919,540.329041,16.8498421,2.21409392,-12.0338469,0.129644081,1.2909646,1.01378942,0.067167595,365.978577,-392.973145,-59.8940544,35.7282753,-78.6962738,146.414047,446.0,225.501129,2387,244269.54505785878
2025-10-07T19:51:09.801309+00:00,919,540.246155,16.5582867,2.47303343,-11.819726,0.0476904362,0.740364313,0.698906124,-0.515678406,363.769043,-394.51886,-62.3927956,35.7282562,-78.6963,148.912781,447.0,225.757385,2387,244269.801309142
2025-10-07T19:51:10.057560+00:00,919,540.259888,16.5861359,2.48725891,-11.819726,0.0506428815,0.744903207,0.699356735,-0.512237668,363.964142,-394.337585,-62.5196533,35.7282562,-78.6962891,149.039642,447.0,226.013626,2387,244270.05756042546
2025-10-07T19:51:10.313812+00:00,919,540.234253,16.8098068,2.73917365,-11.704978,0.0071644173,0.949822247,1.04037476,-1.00809622,365.359497,-392.638672,-64.810524,35.7282677,-78.6962738,151.330521,448.0,226.269882,2387,244270.31381170868
2025-10-07T19:51:10.570063+00:00,919,540.236938,16.8472157,2.76740718,-11.704978,0.00992713682,0.951251566,1.03932393,-1.00491083,365.604095,-392.37262,-65.0642853,35.7282715,-78.6962662,151.58429,448.0,226.526138,2387,244270.5700629919
2025-10-07T19:51:10.826314+00:00,919,540.239685,16.8845673,2.79604316,-11.704978,0.0113476636,0.951251566,1.03932393,-1.00491083,365.847839,-392.106293,-65.3217926,35.7282715,-78.6962662,151.841797,448.0,226.782379,2387,244270.82631427512
2025-10-07T19:51:11.082566+00:00,919,540.133789,16.55616,2.60728049,-11.4157391,-0.0525513068,0.438799769,0.565140724,-0.548560619,363.606781,-394.315826,-63.6367645,35.7282524,-78.6962891,150.156769,449.0,227.038635,2387,244271.08256555835
2025-10-07T19:51:11.338817+00:00,919,540.121033,16.5751762,2.62305284,-11.4157391,-0.0508780032,0.441093355,0.565579534,-0.549078703,363.721619,-394.169708,-63.7774467,35.7282524,-78.6962891,150.29744,449.0,227.294891,2387,244271.33881684157
2025-10-07T19:51:11.595068+00:00,919,540.068298,16.2698555,2.69965506,-11.3154669,-0.0745833,-0.0390938409,0.180590078,-0.702525437,361.520233,-395.988831,-64.5738754,35.7282333,-78.696312,151.093872,450.0,227.551147,2387,244271.59506812503
2025-10-07T19:51:11.851319+00:00,919,540.063293,15.8776855,2.37802911,-11.0413561,-0.0751880556,-0.5629673,-0.412536472,0.0493341163,358.944611,-398.777649,-61.672657,35.7282104,-78.6963425,148.192657,451.0,227.807388,2387,244271.85131940825
2025-10-07T19:51:12.107571+00:00,919,540.087036,15.5915937,2.45949316,-11.079812,-0.0650745332,-0.972611129,-0.752814651,-0.167622685,356.906,-400.504547,-62.51614,35.7281914,-78.6963577,149.036133,452.0,228.063644,2387,244272.1075706917
2025-10-07T19:51:12.363822+00:00,919,539.99115,15.5839148,2.33718491,-11.0409403,-0.0978935584,-0.932450354,-0.721584737,0.149666712,356.85141,-400.602295,-61.3625107,35.7281914,-78.6963577,147.882507,453.0,228.319901,2387,244272.36382197493
2025-10-07T19:51:12.620073+00:00,919,539.966187,15.5520754,2.33249831,-11.0409403,-0.097105369,-0.93206203,-0.721350789,0.14930965,356.612793,-400.786896,-61.3244591,35.7281914,-78.6963654,147.844452,453.0,228.576141,2387,244272.62007325815
2025-10-07T19:51:12.876325+00:00,919,539.987732,15.6996794,2.61496,-11.145834,-0.0877809078,-0.673181951,-0.386823863,-0.605354249,357.519073,-399.59964,-63.9297028,35.7282,-78.6963501,150.449707,454.0,228.832397,2387,244272.87632454137
2025-10-07T19:51:13.132576+00:00,919,539.965332,15.6784983,2.63112903,-11.145834,-0.0872502103,-0.673260152,-0.387108028,-0.604649,357.346527,-399.699,-64.0840759,35.7281952,-78.6963501,150.604065,454.0,229.088654,2387,244273.13257582483
2025-10-07T19:51:13.388827+00:00,919,539.943054,15.6573286,2.64736056,-11.145834,-0.0867940634,-0.673260152,-0.387108028,-0.604649,357.174,-399.798218,-64.2390213,35.7281952,-78.6963501,150.759018,454.0,229.344894,2387,244273.38882710805
2025-10-07T19:51:13.645078+00:00,919,539.920898,15.636157,2.66359329,-11.145834,-0.0863378644,-0.673260152,-0.387108028,-0.604649,357.001465,-399.8974,-64.393959,35.7281952,-78.6963501,150.913956,454.0,229.601151,2387,244273.6450783915
2025-10-07T19:51:13.901330+00:00,919,539.898804,15.6149836,2.67982697,-11.145834,-0.0858816057,-0.673260152,-0.387108028,-0.604649,356.828949,-399.996613,-64.5489044,35.7281914,-78.6963577,151.068909,454.0,229.857407,2387,244273.90132967496
2025-10-07T19:51:14.157581+00:00,919,539.876892,15.5938072,2.69606161,-11.145834,-0.0854252875,-0.673260152,-0.387108028,-0.604649,356.656433,-400.095795,-64.7038498,35.7281914,-78.6963577,151.223846,454.0,230.113647,2387,244274.15758095842
2025-10-07T19:51:14.413832+00:00,919,539.855042,15.572629,2.7122972,-11.145834,-0.0849689171,-0.673260152,-0.387108028,-0.604649,356.483917,-400.195,-64.8587875,35.7281876,-78.6963577,151.378784,454.0,230.369904,2387,244274.41383224164
2025-10-07T19:51:14.670084+00:00,919,539.833313,15.5514479,2.72853374,-11.145834,-0.0845124945,-0.673260152,-0.387108028,-0.604649,356.311371,-400.294189,-65.0137329,35.7281876,-78.6963577,151.533722,454.0,230.62616,2387,244274.6700835251
2025-10-07T19:51:14.926335+00:00,919,539.811707,15.5302649,2.744771,-11.145834,-0.0840560123,-0.673260152,-0.387108028,-0.604649,356.138855,-400.393402,-65.1686707,35.7281876,-78.6963577,151.68866,454.0,230.882401,2387,244274.92633480832
2025-10-07T19:51:15.182586+00:00,919,539.790222,15.5090799,2.76100945,-11.145834,-0.083599478,-0.673260152,-0.387108028,-0.604649,355.966339,-400.492584,-65.323616,35.7281837,-78.6963577,151.843597,454.0,231.138657,2387,244275.1825861018
2025-10-07T19:51:15.438837+00:00,919,539.76886,15.4878922,2.77724862,-11.145834,-0.0831428915,-0.673260152,-0.387108028,-0.604649,355.793823,-400.591797,-65.4785538,35.7281837,-78.6963577,151.99855,454.0,231.394913,2387,244275.43883738524
2025-10-07T19:51:15.695089+00:00,919,539.74762,15.4667025,2.79348874,-11.145834,-0.0826862454,-0.673260152,-0.387108028,-0.604649,355.621277,-400.690979,-65.6335,35.7281799,-78.6963654,152.153503,454.0,231.651154,2387,244275.6950886687
2025-10-07T19:51:15.951340+00:00,919,539.726501,15.4455109,2.80972981,-11.145834,-0.0822295472,-0.673260152,-0.387108028,-0.604649,355.448761,-400.790192,-65.7884369,35.7281799,-78.6963654,152.308441,454.0,231.90741,2387,244275.95133995215
2025-10-07T19:51:16.207591+00:00,919,539.691,15.0463829,2.99531388,-11.2820454,-0.0491191447,-1.13772571,-0.77454406,-0.922171474,352.494873,-403.039215,-67.6248322,35.7281532,-78.6963882,154.144821,455.0,232.163666,2387,244276.2075912356
2025-10-07T19:51:16.463843+00:00,919,539.678528,15.0100603,3.01845837,-11.2820454,-0.0506780632,-1.1350255,-0.769252837,-0.917308509,352.215485,-403.229126,-67.8490829,35.7281494,-78.6963882,154.36908,455.0,232.419922,2387,244276.46384251883
2025-10-07T19:51:16.720094+00:00,919,539.788635,15.4175301,2.61991286,-11.3050137,-0.0080472054,-0.542628288,-0.438414425,-0.196941152,355.396027,-401.205322,-64.029,35.7281799,-78.6963654,150.549,456.0,232.676163,2387,244276.7200938023
2025-10-07T19:51:16.976345+00:00,919,539.830139,15.5218525,2.76507378,-11.3710976,0.0172307342,-0.398015261,-0.30712983,-0.428997099,356.080475,-400.438477,-65.3629837,35.7281837,-78.6963577,151.88298,457.0,232.932419,2387,244276.9763450855
2025-10-07T19:51:17.232596+00:00,919,539.834473,15.507781,2.77638745,-11.3710976,0.016850017,-0.398848683,-0.30705905,-0.429106891,355.977814,-400.517578,-65.4730759,35.7281837,-78.6963577,151.993073,457.0,233.188675,2387,244277.2325963629
2025-10-07T19:51:17.488848+00:00,919,539.838806,15.4937754,2.78768802,-11.3710976,0.0170575529,-0.398848683,-0.30705905,-0.429106891,355.87561,-400.596252,-65.5830383,35.7281837,-78.6963577,152.103027,457.0,233.444916,2387,244277.48884764613
2025-10-07T19:51:17.745099+00:00,919,539.843201,15.4797697,2.79898834,-11.3710976,0.0172650833,-0.398848683,-0.30705905,-0.429106891,355.773407,-400.674927,-65.693,35.7281837,-78.6963654,152.212982,457.0,233.701172,2387,244277.74509892936
2025-10-07T19:51:18.001350+00:00,919,539.847656,15.465764,2.81028819,-11.3710976,0.0174726099,-0.398848683,-0.30705905,-0.429106891,355.671204,-400.753632,-65.8029556,35.7281799,-78.6963654,152.322952,457.0,233.957428,2387,244278.0013502128
2025-10-07T19:51:18.257601+00:00,919,539.694214,16.3956108,3.04256773,-12.4299479,-0.28095296,0.434289098,0.908921,-0.735711575,361.949677,-394.562134,-67.6981354,35.7282372,-78.6963,154.21814,458.0,234.213669,2387,244278.25760148975
2025-10-07T19:51:18.513853+00:00,919,539.626587,16.4199142,3.06430721,-12.4299479,-0.273558706,0.437418342,0.902672172,-0.736007094,362.060394,-394.335724,-67.885849,35.728241,-78.6962891,154.405853,458.0,234.469925,2387,244278.51385277297
2025-10-07T19:51:18.770104+00:00,919,539.55658,16.4446812,3.08619499,-12.4299479,-0.272859097,0.437418342,0.902672172,-0.736007094,362.172485,-394.104431,-68.0744553,35.728241,-78.6962891,154.594452,458.0,234.726181,2387,244278.7701040562
2025-10-07T19:51:19.026355+00:00,919,539.486755,16.4694557,3.10808802,-12.4299479,-0.272159189,0.437418342,0.902672172,-0.736007094,362.284576,-393.873108,-68.2630615,35.728241,-78.6962891,154.783051,458.0,234.982422,2387,244279.02635533919
2025-10-07T19:51:19.282607+00:00,919,539.417114,16.4942379,3.12998605,-12.4299479,-0.271459,0.437418342,0.902672172,-0.736007094,362.396667,-393.641815,-68.4516602,35.728241,-78.6962814,154.971649,458.0,235.238678,2387,244279.2826066224
2025-10-07T19:51:19.538858+00:00,919,539.347656,16.5190277,3.15188909,-12.4299479,-0.270758569,0.437418342,0.902672172,-0.736007094,362.508759,-393.410492,-68.6402664,35.7282448,-78.6962814,155.160263,458.0,235.494934,2387,244279.53885790586
2025-10-07T19:51:19.795109+00:00,919,539.278381,16.5438251,3.17379713,-12.4299479,-0.270057857,0.437418342,0.902672172,-0.736007094,362.62085,-393.179169,-68.8288651,35.7282448,-78.6962814,155.348862,458.0,235.751175,2387,244279.7951091891
2025-10-07T19:51:20.051360+00:00,919,539.209229,16.5686283,3.19571018,-12.4299479,-0.269356877,0.437418342,0.902672172,-0.736007094,362.732941,-392.947876,-69.0174713,35.7282448,-78.6962738,155.537476,458.0,236.007431,2387,244280.0513604723
2025-10-07T19:51:20.307612+00:00,919,539.14032,16.593441,3.21762848,-12.4299479,-0.268655628,0.437418342,0.902672172,-0.736007094,362.845032,-392.716553,-69.2060699,35.7282448,-78.6962738,155.726074,458.0,236.263687,2387,244280.30761175576
2025-10-07T19:51:20.563863+00:00,919,539.071533,16.6182594,3.23955154,-12.4299479,-0.267954111,0.437418342,0.902672172,-0.736007094,362.957123,-392.48526,-69.3946762,35.7282486,-78.6962738,155.914673,458.0,236.519928,2387,244280.56386303875
2025-10-07T19:51:20.820114+00:00,919,539.003,16.6430855,3.26147962,-12.4299479,-0.267252326,0.437418342,0.902672172,-0.736007094,363.069214,-392.253937,-69.5832748,35.7282486,-78.6962662,156.103271,458.0,236.776184,2387,244280.82011432198
2025-10-07T19:51:21.076366+00:00,919,538.93457,16.6679192,3.28341293,-12.4299479,-0.266550273,0.437418342,0.902672172,-0.736007094,363.181305,-392.022614,-69.7718811,35.7282486,-78.6962662,156.29187,458.0,237.03244,2387,244281.0763656052
2025-10-07T19:51:21.332617+00:00,919,538.866394,16.6927605,3.30535078,-12.4299479,-0.265847951,0.437418342,0.902672172,-0.736007094,363.293396,-391.791321,-69.9604797,35.7282486,-78.6962662,156.480484,458.0,237.288696,2387,244281.33261688866
2025-10-07T19:51:21.588868+00:00,919,538.79834,16.7176094,3.32729387,-12.4299479,-0.265145361,0.437418342,0.902672172,-0.736007094,363.405487,-391.56,-70.149086,35.7282524,-78.6962585,156.669083,458.0,237.544937,2387,244281.58886817188
2025-10-07T19:51:21.845119+00:00,919,538.730469,16.742466,3.34924173,-12.4299479,-0.264442503,0.437418342,0.902672172,-0.736007094,363.517548,-391.328705,-70.3376923,35.7282524,-78.6962585,156.857681,458.0,237.801193,2387,244281.84511945533
2025-10-07T19:51:22.101371+00:00,919,539.806,13.9483957,1.74222207,-11.7514181,0.00965031516,-1.74600196,-1.65050244,1.2507472,345.338165,-411.064117,-56.1999512,35.7280884,-78.6964798,142.71994,459.0,238.057449,2387,244282.1013707388
2025-10-07T19:51:22.357622+00:00,919,539.809,13.8935061,1.71298766,-11.7514181,0.00877908152,-1.71962047,-1.6194979,1.22216082,344.956085,-411.424133,-55.940239,35.7280846,-78.6964798,142.460236,459.0,238.31369,2387,244282.35762202178
2025-10-07T19:51:22.613873+00:00,919,539.724792,14.6346197,1.87778664,-11.2118216,-0.154776469,-1.07558334,-0.858151,0.976328969,350.157745,-406.707306,-57.2851753,35.7281303,-78.6964264,143.805176,460.0,238.569946,2387,244282.61387330477
2025-10-07T19:51:22.870125+00:00,919,539.686218,14.5984745,1.85129559,-11.2118216,-0.149682626,-1.07118988,-0.858767,0.971906,349.886169,-406.923859,-57.04245,35.7281303,-78.696434,143.562439,460.0,238.826202,2387,244282.87012458776
2025-10-07T19:51:23.126376+00:00,919,539.577515,14.2663918,1.73255324,-12.2709351,-0.294666678,-1.44810855,-0.994178295,1.11400104,347.487274,-408.974243,-56.0048981,35.7281075,-78.6964569,142.524902,461.0,239.082443,2387,244283.12637587075
2025-10-07T19:51:23.382627+00:00,919,539.503845,14.2199612,1.70192695,-12.2709351,-0.289018929,-1.44439971,-0.995588601,1.11212921,347.119354,-409.228058,-55.722393,35.7281036,-78.6964569,142.242386,461.0,239.338699,2387,244283.38262715397
2025-10-07T19:51:23.638878+00:00,919,539.430054,14.1732569,1.67102659,-12.2709351,-0.287009,-1.44439971,-0.995588601,1.11212921,346.749237,-409.483154,-55.4374084,35.7281,-78.6964569,141.957397,461.0,239.594955,2387,244283.6388784372
2025-10-07T19:51:23.895130+00:00,919,539.35675,14.1265411,1.64011669,-12.2709351,-0.284998238,-1.44439971,-0.995588601,1.11212921,346.379089,-409.738281,-55.1524239,35.728096,-78.6964645,141.672424,461.0,239.851196,2387,244283.8951297202
2025-10-07T19:51:24.151381+00:00,919,539.284,14.0798149,1.60919738,-12.2709351,-0.282986671,-1.44439971,-0.995588601,1.11212921,346.008972,-409.993408,-54.8674393,35.728096,-78.6964645,141.387436,461.0,240.107452,2387,244284.15138099712
2025-10-07T19:51:24.407632+00:00,919,538.308044,13.7536135,1.75989795,-12.0443745,-0.793351769,-2.07539,-0.806996524,0.835715353,342.966827,-411.077118,-56.2578278,35.7280655,-78.6964798,142.777832,462.0,240.363708,2387,244284.40763228034
2025-10-07T19:51:24.663884+00:00,919,537.831116,14.047575,1.70702922,-11.6815453,-1.01795626,-1.80152309,-0.304917097,0.917076111,344.803375,-408.995178,-55.6409225,35.7280846,-78.6964569,142.160919,463.0,240.619949,2387,244284.66388356333
2025-10-07T19:51:24.920135+00:00,919,537.571777,14.0052176,1.68356872,-11.6815453,-1.01390719,-1.79988253,-0.30689615,0.917133629,344.342773,-409.074127,-55.4059029,35.7280807,-78.6964569,141.925903,463.0,240.876205,2387,244284.92013484632
2025-10-07T19:51:25.176386+00:00,919,537.113953,14.0135355,1.7200979,-11.3915434,-1.1642406,-1.83732021,-0.127225697,0.809910655,344.093536,-408.642731,-55.6971054,35.7280769,-78.6964493,142.217102,464.0,241.132462,2387,244285.17638612955
2025-10-07T19:51:25.432637+00:00,919,536.816833,13.9733639,1.70002925,-11.3915434,-1.16072071,-1.83599532,-0.129049554,0.80993557,343.623413,-408.676117,-55.4894371,35.7280731,-78.6964493,142.00943,464.0,241.388702,2387,244285.43263741277
2025-10-07T19:51:25.688889+00:00,919,536.578918,13.6578102,1.7921263,-11.9977865,-1.16843963,-2.24684715,-0.414553195,0.541037619,341.160645,-410.299042,-56.4008904,35.7280502,-78.6964645,142.920883,465.0,241.644958,2387,244285.688888696
2025-10-07T19:51:25.945140+00:00,919,536.181152,13.8064699,2.10219312,-11.8292236,-1.2124331,-2.00714898,-0.0558469072,-0.222996786,341.837,-408.818298,-59.2059746,35.7280579,-78.6964493,145.725967,466.0,241.901215,2387,244285.94513997922
2025-10-07T19:51:26.201391+00:00,919,535.908875,13.3545933,2.03544283,-11.3420162,-1.18469489,-2.63017106,-0.612907708,-0.0533892699,338.436707,-411.360107,-58.6666145,35.7280273,-78.6964798,145.186615,467.0,242.157471,2387,244286.20139126244
2025-10-07T19:51:26.457643+00:00,919,535.538696,13.3793716,2.34287477,-11.0448,-1.18411684,-2.52356482,-0.404054,-0.870288134,338.235352,-410.632965,-61.4745064,35.7280235,-78.6964722,147.994507,468.0,242.413712,2387,244286.45764254566
2025-10-07T19:51:26.713894+00:00,919,535.235596,13.3181581,2.36898589,-11.0448,-1.1814009,-2.52338862,-0.403915793,-0.869368374,337.588898,-410.73642,-61.696785,35.7280197,-78.6964722,148.216782,468.0,242.669968,2387,244286.71389382888
2025-10-07T19:51:26.970145+00:00,919,534.982483,13.0746412,2.33234119,-11.4583302,-1.11356854,-2.81862497,-0.745435715,-0.705427229,335.685394,-412.011292,-61.3864326,35.728,-78.6964874,147.906433,469.0,242.926224,2387,244286.97014511187
2025-10-07T19:51:27.226396+00:00,919,534.726685,12.7545071,2.29456806,-11.6173573,-1.057778,-3.26231384,-1.17919397,-0.549787223,333.218842,-413.723022,-61.0828972,35.7279778,-78.6965,147.60289,470.0,243.182465,2387,244287.2263963888
2025-10-07T19:51:27.482648+00:00,919,534.456116,12.6639833,2.31084228,-11.6173573,-1.05294192,-3.26177287,-1.17802835,-0.55004257,332.383514,-414.024384,-61.2239838,35.7279701,-78.6965103,147.743988,470.0,243.438721,2387,244287.4826476718
2025-10-07T19:51:27.738899+00:00,919,534.125305,12.3696384,2.02348948,-11.2935295,-1.03351808,-3.62500334,-1.60171294,0.359881639,330.165771,-415.749,-58.5933533,35.727951,-78.6965256,145.113342,471.0,243.694977,2387,244287.7388989548
2025-10-07T19:51:27.995150+00:00,919,533.861084,12.2644224,2.01418257,-11.2935295,-1.02708805,-3.62468529,-1.60045385,0.358662069,329.237457,-416.158478,-58.5023575,35.7279434,-78.6965332,145.022354,471.0,243.951218,2387,244287.99515023778
2025-10-07T19:51:28.251402+00:00,919,533.64679,11.7533731,1.84837782,-10.8872213,-0.939809382,-4.40880823,-2.33636642,0.804032743,325.42804,-419.070099,-57.0594826,35.7279091,-78.6965637,143.579468,472.0,244.207474,2387,244288.25140151425
2025-10-07T19:51:28.507653+00:00,919,533.379578,11.5646725,1.91788709,-10.3562241,-0.91200316,-4.53072739,-2.40705943,0.516993761,323.843933,-419.866425,-57.7158279,35.7278938,-78.6965714,144.235825,473.0,244.46373,2387,244288.50765279724
2025-10-07T19:51:28.763904+00:00,919,533.197144,11.3075838,2.36262083,-9.81827545,-0.857268035,-4.83762741,-2.47546363,-0.925998449,321.628693,-420.74588,-61.8637314,35.7278748,-78.6965866,148.383728,474.0,244.719971,2387,244288.76390408023
2025-10-07T19:51:29.020155+00:00,919,532.95813,10.8675747,2.33103,-9.47304,-0.823333502,-5.47872639,-2.97282505,-0.763618708,318.235352,-423.050049,-61.6384506,35.7278442,-78.6966095,148.158447,475.0,244.976227,2387,244289.02015536322
2025-10-07T19:51:29.276407+00:00,919,532.749451,10.6970844,2.35090137,-9.47304,-0.804861128,-5.4781518,-2.97228146,-0.762964904,316.831909,-423.811462,-61.8336678,35.7278328,-78.6966171,148.353668,475.0,245.232483,2387,244289.2764066462
2025-10-07T19:51:29.532658+00:00,919,532.590698,10.2027473,2.34303665,-9.43099689,-0.739081919,-6.21511412,-3.53878546,-0.695194066,313.045898,-426.415741,-61.8446159,35.7278,-78.6966476,148.364609,476.0,245.488724,2387,244289.53265792943
2025-10-07T19:51:29.788909+00:00,919,532.376709,10.0956907,2.61422014,-9.1942091,-0.740531,-6.0595355,-3.27744484,-1.52667952,311.985382,-426.556091,-64.3428497,35.727787,-78.6966476,150.862854,477.0,245.74498,2387,244289.78890921266
2025-10-07T19:51:30.045160+00:00,919,532.236755,9.75880146,2.74586,-9.4898386,-0.690559149,-6.42329168,-3.50000048,-1.84013486,309.30423,-428.138611,-65.6066284,35.7277641,-78.6966629,152.126617,478.0,246.001236,2387,244290.04516049565
2025-10-07T19:51:30.301412+00:00,919,532.004395,9.8118,2.54845405,-9.43523884,-0.735263169,-5.78170395,-3.12268,-0.990496397,309.666779,-427.868317,-63.7485466,35.7277679,-78.6966629,150.268539,479.0,246.257477,2387,244290.30141177887
2025-10-07T19:51:30.557663+00:00,919,531.818726,9.63114452,2.57458425,-9.43523884,-0.714049697,-5.78184891,-3.12295604,-0.990917,308.185089,-428.66861,-64.0026245,35.7277527,-78.6966705,150.522614,479.0,246.513733,2387,244290.55766306186
2025-10-07T19:51:30.813914+00:00,919,531.592957,9.38592815,2.41857219,-9.31138,-0.713759363,-5.92087936,-3.27845335,-0.389799,306.27832,-429.962372,-62.5862427,35.7277374,-78.6966858,149.106232,480.0,246.769989,2387,244290.81391434485
2025-10-07T19:51:31.070166+00:00,919,531.385864,9.14849281,2.49246812,-9.0609026,-0.696131051,-6.06481075,-3.3350482,-0.606761873,304.326385,-430.988464,-63.2876625,35.7277184,-78.6966934,149.807663,481.0,247.026245,2387,244291.07016562784
2025-10-07T19:51:31.326417+00:00,919,531.201599,9.05585575,2.47530389,-8.9931879,-0.678169847,-5.81804848,-3.18659759,-0.493507743,303.526733,-431.348938,-63.1252823,35.7277107,-78.6967,149.645279,482.0,247.282486,2387,244291.32641692107
2025-10-07T19:51:31.582668+00:00,919,530.966309,8.73488235,2.24273157,-9.55893421,-0.884284675,-6.22962046,-3.29451966,0.341487736,301.061829,-433.086548,-61.0171738,35.7276878,-78.6967163,147.53717,483.0,247.538742,2387,244291.5826682043
2025-10-07T19:51:31.838919+00:00,919,530.743042,8.54141331,2.23221111,-9.55893421,-0.859750688,-6.22897768,-3.29504681,0.340769053,299.46582,-433.930786,-60.9302101,35.7276764,-78.6967316,147.450211,483.0,247.795,2387,244291.83891948752
2025-10-07T19:51:32.095171+00:00,919,530.709778,7.92821074,2.07642531,-9.35981464,-0.664771438,-7.15479755,-4.123137,0.775534093,294.821289,-437.242279,-59.6024475,35.7276344,-78.6967621,146.122437,484.0,248.051239,2387,244292.09517077074
2025-10-07T19:51:32.351422+00:00,919,530.537842,7.90109921,2.03299403,-8.92804909,-0.647002578,-6.65862417,-3.81496263,0.849276483,294.536285,-437.281952,-59.1883087,35.7276306,-78.6967697,145.708298,485.0,248.307495,2387,244292.35142205373
2025-10-07T19:51:32.607673+00:00,919,530.429688,7.59945726,2.17575121,-9.11787415,-0.581277609,-6.8868866,-3.92389369,0.293204337,292.092377,-438.602875,-60.5411911,35.7276077,-78.6967773,147.061188,486.0,248.563751,2387,244292.60767333696
2025-10-07T19:51:32.863925+00:00,919,530.325623,7.56277084,2.22153234,-9.76017,-0.549748957,-6.43104219,-3.62885046,0.118696816,291.731903,-438.659454,-60.9564476,35.7276039,-78.696785,147.47644,487.0,248.819992,2387,244292.86392461995
2025-10-07T19:51:33.120176+00:00,919,530.18811,7.35871506,2.21616316,-9.76017,-0.52361989,-6.43132639,-3.62898159,0.119097076,290.08371,-439.589478,-60.9257278,35.7275887,-78.6967926,147.445724,487.0,249.076248,2387,244293.12017590317
2025-10-07T19:51:33.376427+00:00,919,530.096619,7.26477289,2.03793311,-10.0637398,-0.473574579,-6.12042618,-3.54360676,0.668574214,289.385284,-440.162415,-59.2928276,35.7275848,-78.6968,145.81282,488.0,249.332504,2387,244293.37642717964
2025-10-07T19:51:33.632678+00:00,919,529.959351,6.99891281,2.11427045,-9.43503,-0.430383891,-6.30167103,-3.63357186,0.361240447,287.218475,-441.315918,-60.0227318,35.7275658,-78.6968079,146.542725,489.0,249.588745,2387,244293.63267846263
2025-10-07T19:51:33.888930+00:00,919,529.852234,6.7976737,2.10197353,-9.43503,-0.405091882,-6.30190516,-3.6333909,0.361236155,285.603516,-442.247,-59.9301796,35.7275505,-78.6968231,146.450165,489.0,249.845,2387,244293.88892974585
2025-10-07T19:51:34.145181+00:00,919,529.781738,6.48341274,1.94005477,-9.28511715,-0.343560517,-6.53752756,-3.86748719,0.811643541,283.187592,-443.906586,-58.4844513,35.7275276,-78.6968384,145.004456,490.0,250.101257,2387,244294.1451810221
2025-10-07T19:51:34.401432+00:00,919,529.697144,6.27329445,1.91493058,-9.28511715,-0.315762848,-6.5375,-3.86696506,0.811193824,281.512421,-444.897369,-58.2769165,35.7275124,-78.6968536,144.796906,490.0,250.357498,2387,244294.40143230508
2025-10-07T19:51:34.657684+00:00,919,529.552,6.06391668,1.79251122,-9.43629837,-0.313328713,-6.54214287,-3.8754158,1.10622644,279.847107,-445.917816,-57.1683502,35.7274971,-78.6968613,143.688339,491.0,250.613754,2387,244294.65768358807
2025-10-07T19:51:34.913935+00:00,919,529.475342,5.85358858,1.75922763,-9.43629837,-0.284881264,-6.54198074,-3.87509632,1.10521293,278.170837,-446.910614,-56.8858795,35.7274818,-78.6968765,143.405884,491.0,250.87001,2387,244294.91393487106
2025-10-07T19:51:35.170186+00:00,919,529.422485,5.45072889,1.82000613,-9.19853687,-0.225312486,-6.99297571,-4.12362528,0.818809509,274.950195,-448.759,-57.4973564,35.7274551,-78.6968918,144.017349,492.0,251.126251,2387,244295.17018615382
2025-10-07T19:51:35.426437+00:00,919,529.38269,5.27920103,1.81717658,-9.07535172,-0.182450682,-6.86504602,-4.05913448,0.752318,273.577515,-449.551,-57.4915085,35.7274399,-78.6969,144.011505,493.0,251.382507,2387,244295.42643743704
2025-10-07T19:51:35.682689+00:00,919,529.339844,5.05827522,1.79329395,-9.07535172,-0.151587144,-6.86487961,-4.05886,0.75263828,271.818573,-450.591,-57.2985115,35.7274246,-78.6969147,143.818512,493.0,251.638763,2387,244295.68268872003
2025-10-07T19:51:35.938940+00:00,919,529.353699,4.56838322,1.92982984,-9.24106693,-0.0657651201,-7.49738073,-4.39318848,0.265567273,267.884125,-452.788208,-58.6202545,35.7273903,-78.6969376,145.140259,494.0,251.89502,2387,244295.93894000325
2025-10-07T19:51:36.195191+00:00,919,529.375732,4.43896866,1.62272525,-9.00167084,-0.0346978903,-7.19128227,-4.33260775,1.14819252,266.98584,-453.697571,-55.8192406,35.7273827,-78.6969452,142.339233,495.0,252.15126,2387,244296.19519128624
2025-10-07T19:51:36.451443+00:00,919,529.394714,4.06617546,1.84051931,-8.70158577,0.00273702294,-7.55551624,-4.43280602,0.38696456,263.935577,-455.244873,-57.8697739,35.727356,-78.6969681,144.389771,496.0,252.407516,2387,244296.45144256923
2025-10-07T19:51:36.707694+00:00,919,529.340149,3.87322903,1.88142705,-8.51125145,-0.0151034407,-7.46605396,-4.30644274,0.227153122,262.348083,-456.048065,-58.2636,35.7273407,-78.6969757,144.7836,497.0,252.663773,2387,244296.70769385222
2025-10-07T19:51:36.963945+00:00,919,529.340942,3.63415623,1.87185431,-8.51125145,0.0211679842,-7.4657979,-4.3066783,0.227549091,260.435028,-457.151642,-58.2050972,35.7273216,-78.6969833,144.725098,497.0,252.920013,2387,244296.9639451352
2025-10-07T19:51:37.220196+00:00,919,529.198364,3.59040856,1.6514473,-9.22614288,-0.269966334,-7.06238079,-3.81867599,0.938773215,260.099152,-457.43219,-56.1710625,35.7273216,-78.696991,142.691055,498.0,253.17627,2387,244297.22019642845
2025-10-07T19:51:37.476448+00:00,919,529.134338,3.36793494,1.62316179,-9.22614288,-0.236177936,-7.0613575,-3.82056403,0.938373625,258.289825,-458.411682,-55.9310379,35.7273026,-78.697,142.451035,498.0,253.432526,2387,244297.47644771144
2025-10-07T19:51:37.732699+00:00,919,529.26239,3.0741477,2.11746716,-9.20468616,-0.0550441481,-7.24219418,-3.87694216,-0.699949622,255.789093,-459.378265,-60.5166092,35.7272797,-78.6970139,147.036606,499.0,253.688766,2387,244297.73269899466
2025-10-07T19:51:37.988950+00:00,919,529.277588,3.28579664,2.43317509,-8.9460535,-0.024005482,-6.20298862,-3.23522568,-1.60292768,257.368164,-458.124603,-63.3900452,35.7272949,-78.697,149.910034,500.0,253.945023,2387,244297.98895027788
2025-10-07T19:51:38.245202+00:00,919,529.274597,3.09092832,2.47527766,-8.9460535,0.000643612526,-6.20440769,-3.23609686,-1.59983754,255.777451,-458.954559,-63.7982559,35.7272797,-78.6970062,150.318253,500.0,254.201279,2387,244298.2452015611
2025-10-07T19:51:38.501453+00:00,919,529.315857,2.88489389,2.34382057,-8.70690536,0.0563195609,-6.18683529,-3.33693767,-1.07481503,254.190582,-460.044617,-62.6208496,35.7272682,-78.6970215,149.140839,501.0,254.45752,2387,244298.5014528441
2025-10-07T19:51:38.757704+00:00,919,529.333252,2.68931675,2.37120748,-8.70690536,0.0803348571,-6.18773365,-3.33695102,-1.07434165,252.604355,-460.900055,-62.8957214,35.727253,-78.6970291,149.41571,501.0,254.713776,2387,244298.75770412709
2025-10-07T19:51:39.013955+00:00,919,529.39,2.40795565,2.26488829,-8.3041048,0.139664039,-6.36157846,-3.51488209,-0.676636934,250.394272,-462.296265,-61.9572906,35.7272339,-78.6970444,148.477295,502.0,254.970032,2387,244299.0139554103
2025-10-07T19:51:39.270207+00:00,919,529.429321,2.35259175,2.23668265,-7.95437479,0.156053022,-5.9976449,-3.34783459,-0.537461102,249.974792,-462.601379,-61.7088928,35.7272301,-78.6970444,148.228882,503.0,255.226273,2387,244299.27020668678
2025-10-07T19:51:39.526458+00:00,919,529.472168,2.16179466,2.24904704,-7.95437479,0.178835809,-5.99815321,-3.34780359,-0.538161218,248.437439,-463.45932,-61.8471756,35.7272148,-78.697052,148.367172,503.0,255.482529,2387,244299.52645796977
2025-10-07T19:51:39.782709+00:00,919,529.580811,1.98667514,2.1162765,-7.52315521,0.244864359,-5.91694069,-3.41495466,-0.0953188762,247.115692,-464.446106,-60.658783,35.7272034,-78.6970673,147.178772,504.0,255.738785,2387,244299.78270925276
2025-10-07T19:51:40.038961+00:00,919,529.830078,1.4924233,2.50007677,-7.22593832,0.377718389,-6.68507099,-3.73214793,-1.30888939,243.027176,-466.399445,-64.2596436,35.7271652,-78.6970901,150.779633,505.0,255.995026,2387,244300.03896053575
2025-10-07T19:51:40.295212+00:00,919,530.017517,0.904241621,2.44663024,-7.29803085,0.455896199,-7.60816383,-4.23728323,-1.04852843,238.299774,-469.100891,-63.8449364,35.7271233,-78.6971207,150.364929,506.0,256.251282,2387,244300.29521181897
2025-10-07T19:51:40.551463+00:00,919,530.146423,0.860365033,2.24184608,-7.22175169,0.432316124,-7.06197786,-4.02883673,-0.299257129,238.081604,-469.60675,-61.9829178,35.7271233,-78.6971207,148.502914,507.0,256.507538,2387,244300.5514631022
2025-10-07T19:51:40.807714+00:00,919,530.261353,0.635301471,2.24669361,-7.22175169,0.464557,-7.06171465,-4.02900887,-0.299925178,236.272064,-470.63913,-62.060051,35.7271042,-78.6971359,148.580048,507.0,256.763794,2387,244300.80771438518
2025-10-07T19:51:41.063966+00:00,919,530.226562,0.502501726,2.16878128,-7.30339718,0.387699753,-6.85128069,-3.85315299,-0.0192261878,235.189636,-471.234711,-61.3508873,35.7270966,-78.6971436,147.87088,508.0,257.02005,2387,244301.0639656684
2025-10-07T19:51:41.320217+00:00,919,530.330078,0.284993201,2.16618919,-7.30339718,0.418370724,-6.85113239,-3.85396695,-0.0200810414,233.43396,-472.222382,-61.3565636,35.7270813,-78.6971512,147.876556,508.0,257.276276,2387,244301.3202169514
2025-10-07T19:51:41.576468+00:00,919,530.572,-0.0334122442,1.32308829,-7.17712259,0.522682965,-6.97522831,-4.28441238,2.66554856,231.207748,-474.5224,-53.6482086,35.7270584,-78.6971741,140.168198,509.0,257.532532,2387,244301.57646823462
2025-10-07T19:51:41.832720+00:00,919,530.873596,-0.129284501,0.49635148,-7.09639835,0.629574418,-6.52488518,-4.35858107,5.07790661,230.798889,-475.854095,-46.0599327,35.7270546,-78.6971893,132.579926,510.0,257.788788,2387,244301.8327195176
2025-10-07T19:51:42.088971+00:00,919,530.944275,-0.330956131,0.290340811,-6.89157057,0.590211689,-6.52494717,-4.28148317,5.27068281,229.203217,-476.881531,-44.178688,35.7270432,-78.6972046,130.698685,511.0,258.045044,2387,244302.0889708006
2025-10-07T19:51:42.345222+00:00,919,531.387878,-0.82856828,-0.610498667,-7.05342102,0.815448582,-7.19339085,-4.86282682,7.75213242,225.439972,-479.853851,-35.9189796,35.7270088,-78.6972351,122.43898,512.0,258.3013,2387,244302.34522209383
2025-10-07T19:51:42.601473+00:00,919,531.605286,-1.06393826,-0.828015327,-7.05342102,0.8808043,-7.19276762,-4.86279106,7.74910879,223.597061,-481.099762,-33.9349518,35.7269897,-78.6972504,120.454948,512.0,258.557556,2387,244302.60147337706
2025-10-07T19:51:42.857725+00:00,919,531.619385,-1.32137799,-0.283974141,-6.98733473,0.677419543,-7.35111475,-4.54315281,5.17478943,221.319229,-481.785217,-38.9873772,35.7269707,-78.697258,125.50737,513.0,258.813782,2387,244302.85772466028
2025-10-07T19:51:43.113976+00:00,919,531.957764,-1.40123975,-1.00370955,-7.04682875,0.804956138,-6.86870909,-4.50681925,7.11817837,220.934341,-482.825653,-32.349781,35.7269669,-78.6972733,118.869781,514.0,259.070038,2387,244303.1139759435
2025-10-07T19:51:43.370227+00:00,919,532.131348,-1.7049166,-1.42277896,-7.10400677,0.827582061,-7.11242771,-4.58048582,7.86521292,218.50946,-484.361084,-28.4917831,35.726944,-78.6972885,115.01178,515.0,259.326294,2387,244303.3702272265
2025-10-07T19:51:43.626479+00:00,919,532.565125,-1.71165144,-2.25568151,-7.57231712,0.986671805,-6.45730448,-4.42172956,9.96939564,218.736557,-485.126862,-20.7820282,35.7269478,-78.6972961,107.302025,516.0,259.58255,2387,244303.62647850925
2025-10-07T19:51:43.882730+00:00,919,532.828,-1.9225533,-2.53265429,-7.57231712,1.06398034,-6.45739651,-4.42230654,9.96683121,217.081711,-486.260132,-18.2294846,35.7269325,-78.6973114,104.749481,516.0,259.838806,2387,244303.88272979224
2025-10-07T19:51:44.138981+00:00,919,533.110474,-2.13331342,-2.80946732,-7.57231712,1.14060891,-6.45739651,-4.42230654,9.96683121,215.427,-487.393372,-15.6754713,35.7269173,-78.697319,102.195465,516.0,260.095062,2387,244304.13898105823
2025-10-07T19:51:44.395232+00:00,919,533.444824,-2.36377358,-3.41770411,-8.07868767,1.15596938,-6.542,-4.34834909,11.0432444,213.629135,-488.697571,-10.0350828,35.726902,-78.6973343,96.5550766,517.0,260.351318,2387,244304.39523234122
2025-10-07T19:51:44.651484+00:00,919,533.753845,-2.57545757,-3.72263241,-8.07868767,1.2460655,-6.54087305,-4.35075331,11.0401382,211.953796,-489.813049,-7.21011925,35.7268867,-78.6973495,93.7301178,517.0,260.607544,2387,244304.65148362445
2025-10-07T19:51:44.907735+00:00,919,534.084351,-2.78708315,-4.02758217,-8.07868767,1.33338332,-6.54087305,-4.35075331,11.0401382,210.277695,-490.927917,-4.38106918,35.7268715,-78.6973572,90.9010696,517.0,260.8638,2387,244304.90773490744
2025-10-07T19:51:45.163986+00:00,919,534.437195,-2.99859667,-4.33208752,-8.07868767,1.42053366,-6.54087305,-4.35075331,11.0401382,208.601578,-492.042816,-1.55201972,35.7268562,-78.6973724,88.0720139,517.0,261.120056,2387,244305.16398619043
2025-10-07T19:51:45.420237+00:00,919,534.4729,-3.23558664,-5.19518232,-8.42275333,1.29434466,-6.74291611,-4.06287289,12.6126986,206.541977,-492.909363,6.49023485,35.7268372,-78.6973801,80.0297623,518.0,261.376312,2387,244305.42023747342
2025-10-07T19:51:45.676489+00:00,919,534.820679,-3.44864035,-5.53995037,-8.42275333,1.40449154,-6.73946,-4.06758976,12.604826,204.819351,-493.951416,9.7051115,35.7268219,-78.6973953,76.814888,518.0,261.632568,2387,244305.6764887564
2025-10-07T19:51:45.932740+00:00,919,535.194,-3.66209531,-5.88580132,-8.42275333,1.50925362,-6.73946,-4.06758976,12.604826,203.092361,-494.993744,12.9351139,35.7268066,-78.6974,73.5848846,518.0,261.888824,2387,244305.9327400394
2025-10-07T19:51:46.188991+00:00,919,535.594116,-3.87550735,-6.23107147,-8.42275333,1.61378896,-6.73946,-4.06758976,12.604826,201.365356,-496.036072,16.1651173,35.7267914,-78.6974182,70.3548813,518.0,262.14505,2387,244306.1889913324
2025-10-07T19:51:46.445243+00:00,919,536.021057,-4.08887053,-6.57572317,-8.42275333,1.71808231,-6.73946,-4.06758976,12.604826,199.638367,-497.0784,19.3951206,35.7267761,-78.6974258,67.1248779,518.0,262.401306,2387,244306.4452426154
2025-10-07T19:51:46.701494+00:00,919,536.474609,-4.30217886,-6.91971922,-8.42275333,1.82211912,-6.73946,-4.06758976,12.604826,197.911377,-498.120728,22.6251221,35.7267609,-78.6974411,63.8948784,518.0,262.657562,2387,244306.7014938986
2025-10-07T19:51:46.957745+00:00,919,536.954834,-4.51542616,-7.26302242,-8.42275333,1.92588449,-6.73946,-4.06758976,12.604826,196.184372,-499.163055,25.8551254,35.7267456,-78.6974487,60.664875,518.0,262.913818,2387,244306.9577451816
2025-10-07T19:51:47.213996+00:00,919,536.400696,-4.18191195,-6.65527773,-8.85535812,1.29069364,-5.78640461,-3.28210235,10.4226494,198.964676,-497.72757,20.1509495,35.7267685,-78.6974335,66.3690491,519.0,263.170074,2387,244307.21399646482
2025-10-07T19:51:47.470248+00:00,919,536.748962,-4.3628006,-6.93941259,-8.85535812,1.37276804,-5.7835722,-3.2916646,10.4232721,197.485291,-498.576233,22.8197441,35.726757,-78.6974411,63.7002563,519.0,263.426331,2387,244307.4702477478
2025-10-07T19:51:47.726499+00:00,919,537.109924,-4.54373,-7.2233634,-8.85535812,1.44480681,-5.7835722,-3.2916646,10.4232721,196.00325,-499.419739,25.4907207,35.7267418,-78.6974564,61.0292778,519.0,263.682556,2387,244307.7264990308
2025-10-07T19:51:47.982750+00:00,919,537.48938,-4.72463703,-7.5068512,-8.85535812,1.51669681,-5.7835722,-3.2916646,10.4232721,194.521194,-500.263245,28.1616974,35.7267303,-78.697464,58.3583,519.0,263.938812,2387,244307.98275031403
2025-10-07T19:51:48.239002+00:00,919,537.887268,-4.90551805,-7.78985596,-8.85535812,1.58843112,-5.7835722,-3.2916646,10.4232721,193.039154,-501.10672,30.832674,35.7267151,-78.6974716,55.6873245,519.0,264.195068,2387,244308.2390015905
2025-10-07T19:51:48.495253+00:00,919,538.303467,-5.08636951,-8.07235527,-8.85535812,1.66000271,-5.7835722,-3.2916646,10.4232721,191.557098,-501.950226,33.5036507,35.7267036,-78.6974792,53.0163498,519.0,264.451324,2387,244308.49525287325
2025-10-07T19:51:48.751504+00:00,919,538.738,-5.26718807,-8.35433,-8.85535812,1.73140478,-5.7835722,-3.2916646,10.4232721,190.075058,-502.793701,36.1746292,35.7266884,-78.6974869,50.3453636,519.0,264.707581,2387,244308.75150415624
2025-10-07T19:51:49.007755+00:00,919,539.190796,-5.44797,-8.6357584,-8.85535812,1.80263066,-5.7835722,-3.2916646,10.4232721,188.593,-503.637207,38.8456039,35.7266769,-78.6975,47.6743889,519.0,264.963837,2387,244309.00775543923
2025-10-07T19:51:49.264007+00:00,919,539.661804,-5.62871122,-8.91662,-8.85535812,1.8736738,-5.7835722,-3.2916646,10.4232721,187.110962,-504.480713,41.5165825,35.7266617,-78.6975098,45.0034218,519.0,265.220093,2387,244309.26400671547
2025-10-07T19:51:49.520258+00:00,919,540.151062,-5.80940866,-9.19689655,-8.85535812,1.94452751,-5.7835722,-3.2916646,10.4232721,185.628906,-505.324188,44.187561,35.7266502,-78.6975174,42.3324356,519.0,265.476318,2387,244309.52025799823
2025-10-07T19:51:49.776509+00:00,919,540.658386,-5.9900589,-9.47656536,-8.85535812,2.01518536,-5.7835722,-3.2916646,10.4232721,184.146866,-506.167694,46.8585358,35.726635,-78.697525,39.6614685,519.0,265.732574,2387,244309.77650928122
2025-10-07T19:51:50.032761+00:00,919,541.183838,-6.17065811,-9.75560856,-8.85535812,2.08564115,-5.7835722,-3.2916646,10.4232721,182.66481,-507.011169,49.5295143,35.7266235,-78.6975403,36.9904823,519.0,265.988831,2387,244310.03276056398
2025-10-07T19:51:50.289012+00:00,919,541.727234,-6.35120249,-10.0340061,-8.85535812,2.15588856,-5.7835722,-3.2916646,10.4232721,181.18277,-507.854675,52.200489,35.7266083,-78.6975479,34.3195076,519.0,266.245087,2387,244310.28901184697
2025-10-07T19:51:50.545263+00:00,919,542.288696,-6.53168869,-10.311739,-8.85535812,2.22592139,-5.7835722,-3.2916646,10.4232721,179.700714,-508.698181,54.8714676,35.7265968,-78.6975555,31.6485329,519.0,266.501343,2387,244310.54526312996
2025-10-07T19:51:50.801514+00:00,919,542.868042,-6.71211338,-10.588788,-8.85535812,2.29573345,-5.7835722,-3.2916646,10.4232721,178.218674,-509.541656,57.5424461,35.7265816,-78.6975632,28.9775467,519.0,266.757599,2387,244310.80151441318
2025-10-07T19:51:51.057766+00:00,919,543.46521,-6.89247274,-10.8651352,-8.85535812,2.36531901,-5.7835722,-3.2916646,10.4232721,176.736618,-510.385162,60.2134209,35.7265701,-78.6975708,26.306572,519.0,267.013824,2387,244311.05776569617
2025-10-07T19:51:51.314017+00:00,919,544.080261,-7.07276344,-11.1407614,-8.85535812,2.43467212,-5.7835722,-3.2916646,10.4232721,175.254578,-511.228638,62.8844,35.7265549,-78.6975861,23.6356049,519.0,267.270081,2387,244311.31401697916
2025-10-07T19:51:51.570268+00:00,919,544.713,-7.25298166,-11.4156494,-8.85535812,2.50378704,-5.7835722,-3.2916646,10.4232721,173.772522,-512.072144,65.5553741,35.7265434,-78.6975937,20.9646301,519.0,267.526337,2387,244311.57026826215
2025-10-07T19:51:51.826520+00:00,919,545.363403,-7.43312407,-11.6897802,-8.85535812,2.5726583,-5.7835722,-3.2916646,10.4232721,172.290482,-512.915649,68.2263489,35.7265282,-78.6976,18.2936478,519.0,267.782593,2387,244311.8265195449
2025-10-07T19:51:52.082771+00:00,919,546.031494,-7.61318731,-11.9631367,-8.85535812,2.64128017,-5.7835722,-3.2916646,10.4232721,170.808426,-513.759155,70.8973312,35.7265167,-78.6976089,15.6226654,519.0,268.038849,2387,244312.0827708279
2025-10-07T19:51:52.339022+00:00,919,546.717041,-7.79316759,-12.2357025,-8.85535812,2.70964718,-5.7835722,-3.2916646,10.4232721,169.326385,-514.6026,73.568306,35.7265,-78.6976242,12.9516907,519.0,268.295105,2387,244312.33902212113
2025-10-07T19:51:52.595273+00:00,919,547.420166,-7.97306156,-12.5074596,-8.85535812,2.77775455,-5.7835722,-3.2916646,10.4232721,167.84433,-515.446106,76.2392807,35.72649,-78.6976318,10.2807159,519.0,268.551331,2387,244312.59527340412
2025-10-07T19:51:52.851525+00:00,919,548.140625,-8.15286541,-12.7783918,-8.85535812,2.84559655,-5.7835722,-3.2916646,10.4232721,166.362289,-516.289612,78.9102631,35.7264748,-78.6976395,7.60973358,519.0,268.807587,2387,244312.85152468734
2025-10-07T19:51:53.107776+00:00,919,548.878479,-8.33257675,-13.0484829,-8.85535812,2.91316819,-5.7835722,-3.2916646,10.4232721,164.880234,-517.133118,81.5812378,35.7264633,-78.6976471,4.93875885,519.0,269.063843,2387,244313.10777597033
2025-10-07T19:51:53.364027+00:00,919,549.633606,-8.51219,-13.3177156,-8.85535812,2.98046494,-5.7835722,-3.2916646,10.4232721,163.398193,-517.976562,84.2522125,35.7264481,-78.6976547,2.26779175,519.0,269.320099,2387,244313.36402725332
2025-10-07T19:51:53.620279+00:00,919,550.405945,-8.6917038,-13.5860758,-8.85535812,3.04748178,-5.7835722,-3.2916646,10.4232721,161.916138,-518.820068,86.9231873,35.7264366,-78.69767,-0.403190613,519.0,269.576355,2387,244313.62027853655
2025-10-07T19:51:53.876530+00:00,919,551.195435,-8.87111473,-13.853548,-8.85535812,3.11421371,-5.7835722,-3.2916646,10.4232721,160.434097,-519.663574,89.5941696,35.7264214,-78.6976776,-3.07415771,519.0,269.832611,2387,244313.87652981954
2025-10-07T19:51:54.132781+00:00,919,552.002,-9.0504179,-14.1201162,-8.85535812,3.18065667,-5.7835722,-3.2916646,10.4232721,158.952042,-520.50708,92.2651443,35.7264099,-78.6976852,-5.74514,519.0,270.088867,2387,244314.13278110253
2025-10-07T19:51:54.389032+00:00,919,552.8255,-9.22961,-14.3857651,-8.85535812,3.24680591,-5.7835722,-3.2916646,10.4232721,157.47,-521.350586,94.9361191,35.7263947,-78.6976929,-8.41613,519.0,270.345093,2387,244314.38903238552
2025-10-07T19:51:54.645284+00:00,919,547.615112,-9.16415,-13.2118063,-9.35490322,2.10250807,-5.78133392,-2.54297519,8.94343853,157.044708,-518.011536,82.966156,35.7263908,-78.6976547,3.55384064,520.0,270.601349,2387,244314.64528366827
2025-10-07T19:51:54.901535+00:00,919,548.195679,-9.32094479,-13.4313717,-9.35490322,2.1821084,-5.76029491,-2.56775141,8.94391155,155.729355,-518.670105,85.1365204,35.7263794,-78.6976624,1.38348389,520.0,270.857605,2387,244314.90153495126
2025-10-07T19:51:55.157786+00:00,919,548.761719,-9.49429321,-13.6635895,-9.35490322,2.23578453,-5.76029491,-2.56775141,8.94391155,154.253265,-519.328064,87.4284058,35.726368,-78.69767,-0.908416748,520.0,271.113861,2387,244315.15778623425
2025-10-07T19:51:55.414038+00:00,919,549.341492,-9.66762,-13.8952026,-9.35490322,2.28929305,-5.76029491,-2.56775141,8.94391155,152.777176,-519.986084,89.7203,35.7263527,-78.6976776,-3.20029449,520.0,271.370117,2387,244315.41403751748
2025-10-07T19:51:55.670289+00:00,919,548.420105,-8.28352261,-12.4687338,-10.0434246,1.78782511,-4.47672749,-2.23389482,7.43613243,165.404175,-517.326782,76.0200195,35.7264671,-78.6976547,10.4999771,521.0,271.626373,2387,244315.67028880047
2025-10-07T19:51:55.926540+00:00,919,548.883789,-8.4196167,-12.6632128,-10.0434246,1.83263624,-4.47783661,-2.24231267,7.44398832,164.257843,-517.898865,77.933075,35.7264557,-78.6976547,8.58692932,521.0,271.882599,2387,244315.9265400837
2025-10-07T19:51:56.182791+00:00,919,549.358,-8.55588,-12.8566885,-10.0434246,1.86860013,-4.47783661,-2.24231267,7.44398832,163.110397,-518.47345,79.8406067,35.7264442,-78.6976624,6.67939758,521.0,272.138855,2387,244316.18279136668
2025-10-07T19:51:56.439043+00:00,919,549.841431,-8.69211578,-13.049757,-10.0434246,1.90447021,-4.47783661,-2.24231267,7.44398832,161.962952,-519.048035,81.7481384,35.7264366,-78.69767,4.77185822,521.0,272.395111,2387,244316.43904264944
2025-10-07T19:51:56.695294+00:00,919,550.334045,-8.82832146,-13.2424126,-10.0434246,1.94024479,-4.47783661,-2.24231267,7.44398832,160.815491,-519.62262,83.6556702,35.7264252,-78.6976776,2.86433411,521.0,272.651367,2387,244316.6952939322
2025-10-07T19:51:56.951545+00:00,919,550.835815,-8.96449757,-13.4346476,-10.0434246,1.9759227,-4.47783661,-2.24231267,7.44398832,159.668045,-520.197205,85.5632,35.7264137,-78.6976852,0.95681,521.0,272.907623,2387,244316.95154521495
2025-10-07T19:51:57.207796+00:00,919,551.34668,-9.10064125,-13.6264572,-10.0434246,2.01150227,-4.47783661,-2.24231267,7.44398832,158.520584,-520.771851,87.470726,35.7264061,-78.6976852,-0.950721741,521.0,273.163879,2387,244317.2077964977
2025-10-07T19:51:57.464048+00:00,919,551.866699,-9.2367506,-13.8178339,-10.0434246,2.04698205,-4.47783661,-2.24231267,7.44398832,157.373138,-521.346436,89.3782578,35.7263947,-78.6976929,-2.85825348,521.0,273.420105,2387,244317.4640477807
2025-10-07T19:51:57.720299+00:00,919,552.395752,-9.37282467,-14.0087729,-10.0434246,2.08236098,-4.47783661,-2.24231267,7.44398832,156.225693,-521.921,91.2857895,35.7263832,-78.6977,-4.76579285,521.0,273.676361,2387,244317.7202990637
2025-10-07T19:51:57.976550+00:00,919,552.933899,-9.50886154,-14.1992674,-10.0434246,2.11763763,-4.47783661,-2.24231267,7.44398832,155.078232,-522.495605,93.1933212,35.7263718,-78.6977081,-6.67334,521.0,273.932617,2387,244317.97655034668
2025-10-07T19:51:58.232802+00:00,919,553.481,-9.64486,-14.3893108,-10.0434246,2.15281034,-4.47783661,-2.24231267,7.44398832,153.930786,-523.07019,95.100853,35.7263641,-78.6977158,-8.58084106,521.0,274.188873,2387,244318.23280162291
2025-10-07T19:51:58.489053+00:00,919,554.037231,-9.78081894,-14.5788994,-10.0434246,2.18787813,-4.47783661,-2.24231267,7.44398832,152.78334,-523.644775,97.0083847,35.7263527,-78.6977234,-10.4883957,521.0,274.445129,2387,244318.48905290567
2025-10-07T19:51:58.745304+00:00,919,554.602356,-9.9167366,-14.7680254,-10.0434246,2.22283959,-4.47783661,-2.24231267,7.44398832,151.63588,-524.219421,98.9159164,35.7263412,-78.6977234,-12.3959274,521.0,274.701385,2387,244318.74530418843
2025-10-07T19:51:59.001555+00:00,919,555.176392,-10.0526114,-14.9566841,-10.0434246,2.25769377,-4.47783661,-2.24231267,7.44398832,150.488434,-524.794,100.823448,35.7263336,-78.697731,-14.3034515,521.0,274.957642,2387,244319.00155547142
2025-10-07T19:51:59.257807+00:00,919,555.759399,-10.1884413,-15.1448698,-10.0434246,2.29243875,-4.47783661,-2.24231267,7.44398832,149.340973,-525.368591,102.73098,35.7263222,-78.6977386,-16.2109833,521.0,275.213867,2387,244319.2578067544
2025-10-07T19:51:59.514058+00:00,919,556.351257,-10.3242254,-15.3325768,-10.0434246,2.32707405,-4.47783661,-2.24231267,7.44398832,148.193527,-525.943176,104.638512,35.7263107,-78.6977463,-18.118515,521.0,275.470123,2387,244319.5140580374
2025-10-07T19:51:59.770309+00:00,919,556.952,-10.4599619,-15.5198,-10.0434246,2.36159801,-4.47783661,-2.24231267,7.44398832,147.046082,-526.517761,106.546043,35.7263,-78.6977539,-20.0260391,521.0,275.726379,2387,244319.7703093204
2025-10-07T19:52:00.026561+00:00,919,557.301331,-12.8351994,-9.92854404,-9.68895817,2.20766926,-6.12398195,-3.48448849,2.36533809,126.860283,-540.077393,52.9876595,35.72612,-78.6979,33.5323372,522.0,275.982635,2387,244320.02656060338
2025-10-07T19:52:00.282812+00:00,919,557.873779,-13.011549,-9.99363136,-9.68895817,2.22787952,-6.10652876,-3.47205067,2.4217093,125.335487,-540.954468,53.688961,35.7261047,-78.6979141,32.8310356,522.0,276.238892,2387,244320.28281188637
2025-10-07T19:52:00.539063+00:00,919,558.447632,-13.1918793,-10.0501728,-9.68895817,2.25092387,-6.10652876,-3.47205067,2.4217093,123.770676,-541.844177,54.3095284,35.7260895,-78.6979218,32.2104645,522.0,276.495148,2387,244320.53906316936
2025-10-07T19:52:00.795314+00:00,919,559.027405,-13.3719,-10.1065,-9.68895817,2.27389669,-6.10652876,-3.47205067,2.4217093,122.205872,-542.733887,54.9300919,35.726078,-78.6979294,31.5898972,522.0,276.751373,2387,244320.79531445235
2025-10-07T19:52:01.051566+00:00,919,559.613037,-13.5516081,-10.162612,-9.68895817,2.29679799,-6.10652876,-3.47205067,2.4217093,120.641068,-543.623596,55.5506592,35.7260628,-78.6979446,30.9693336,522.0,277.007629,2387,244321.05156573534
2025-10-07T19:52:01.307817+00:00,919,560.204529,-13.7310019,-10.2185087,-9.68895817,2.31962729,-6.10652876,-3.47205067,2.4217093,119.076263,-544.513306,56.1712265,35.7260475,-78.6979523,30.3487663,522.0,277.263885,2387,244321.30781702834
2025-10-07T19:52:01.564068+00:00,919,560.801819,-13.910078,-10.274189,-9.68895817,2.34238386,-6.10652876,-3.47205067,2.4217093,117.511452,-545.403,56.79179,35.7260361,-78.6979599,29.7282028,522.0,277.520142,2387,244321.56406831133
2025-10-07T19:52:01.820320+00:00,919,561.404968,-14.0888348,-10.3296528,-9.68895817,2.36506748,-6.10652876,-3.47205067,2.4217093,115.946648,-546.292786,57.4123573,35.7260208,-78.6979675,29.1076279,522.0,277.776398,2387,244321.82031959455
2025-10-07T19:52:02.076571+00:00,919,562.013916,-14.2672682,-10.3848982,-9.68895817,2.38767767,-6.10652876,-3.47205067,2.4217093,114.381844,-547.182495,58.0329247,35.7260056,-78.6979828,28.487072,522.0,278.032654,2387,244322.07657087778
2025-10-07T19:52:02.332822+00:00,919,562.628662,-14.4453764,-10.4399252,-9.68895817,2.41021419,-6.10652876,-3.47205067,2.4217093,112.817039,-548.072205,58.6534882,35.7259941,-78.6979904,27.8665085,522.0,278.288879,2387,244322.33282216053
2025-10-07T19:52:02.589073+00:00,919,563.249146,-14.6231565,-10.4947338,-9.68895817,2.43267679,-6.10652876,-3.47205067,2.4217093,111.252228,-548.961914,59.2740555,35.7259789,-78.698,27.245945,522.0,278.545135,2387,244322.5890734433
2025-10-07T19:52:02.845325+00:00,919,563.875427,-14.8006067,-10.5493221,-9.68895817,2.45506477,-6.10652876,-3.47205067,2.4217093,109.687424,-549.851624,59.8946228,35.7259636,-78.6980133,26.6253815,522.0,278.801392,2387,244322.84532472605
2025-10-07T19:52:03.101576+00:00,919,564.507385,-14.9777241,-10.6036911,-9.68895817,2.47737789,-6.10652876,-3.47205067,2.4217093,108.12262,-550.741333,60.5151863,35.7259521,-78.6980209,26.0048141,522.0,279.057648,2387,244323.1015760088
2025-10-07T19:52:03.357827+00:00,919,565.145081,-15.1545057,-10.6578379,-9.68895817,2.49961615,-6.10652876,-3.47205067,2.4217093,106.557816,-551.631042,61.1357536,35.7259369,-78.6980286,25.3842506,522.0,279.313904,2387,244323.35782727457
2025-10-07T19:52:03.614079+00:00,919,565.788452,-15.3309507,-10.7117643,-9.68895817,2.52177858,-6.10652876,-3.47205067,2.4217093,104.993011,-552.520813,61.756321,35.7259216,-78.6980362,24.7636833,522.0,279.57016,2387,244323.6140785571
2025-10-07T19:52:03.870330+00:00,919,566.4375,-15.5070543,-10.7654686,-9.68895817,2.54386544,-6.10652876,-3.47205067,2.4217093,103.4282,-553.410522,62.3768883,35.7259064,-78.6980515,24.1431122,522.0,279.826416,2387,244323.87032983985
2025-10-07T19:52:04.126581+00:00,919,567.092163,-15.6828165,-10.8189497,-9.68895817,2.56587601,-6.10652876,-3.47205067,2.4217093,101.863396,-554.300232,62.9974518,35.7258949,-78.6980591,23.5225449,522.0,280.082642,2387,244324.1265811226
2025-10-07T19:52:04.382832+00:00,919,567.752502,-15.8582344,-10.8722086,-9.68895817,2.58781028,-6.10652876,-3.47205067,2.4217093,100.298592,-555.189941,63.6180191,35.7258797,-78.6980667,22.9019814,522.0,280.338898,2387,244324.38283240536
2025-10-07T19:52:04.639084+00:00,919,568.418396,-16.0333042,-10.9252434,-9.68895817,2.60966778,-6.10652876,-3.47205067,2.4217093,98.7337875,-556.079651,64.2385864,35.7258644,-78.698082,22.2814178,522.0,280.595154,2387,244324.63908368835
2025-10-07T19:52:04.895335+00:00,919,571.425964,-15.7042809,-5.44633245,-9.84326172,3.24063,-5.80266762,-4.45255089,-5.6850214,102.354362,-562.094788,10.0346766,35.7259,-78.698143,76.485321,523.0,280.85141,2387,244324.8953349711
2025-10-07T19:52:05.151586+00:00,919,572.256165,-15.8602448,-5.23686266,-9.84326172,3.2984,-5.75973,-4.46727,-5.89977026,100.955215,-563.224243,7.97831297,35.7258873,-78.6981583,78.541687,523.0,281.107666,2387,244325.1515862541
2025-10-07T19:52:05.407838+00:00,919,573.105835,-16.0242538,-5.08228827,-9.84326172,3.33282971,-5.75973,-4.46727,-5.89977026,99.4792709,-564.369,6.46648932,35.725872,-78.6981735,80.0535049,523.0,281.363922,2387,244325.40783753686
2025-10-07T19:52:05.664089+00:00,919,573.964233,-16.1876965,-4.92813301,-9.84326172,3.36710596,-5.75973,-4.46727,-5.89977026,98.003334,-565.513733,4.95466566,35.7258606,-78.6981812,81.5653305,523.0,281.620148,2387,244325.6640888196
2025-10-07T19:52:05.920340+00:00,919,574.831482,-16.3505726,-4.77440071,-9.84326172,3.40122771,-5.75973,-4.46727,-5.89977026,96.5274,-566.658508,3.44284201,35.7258453,-78.6982,83.0771561,523.0,281.876404,2387,244325.92034010237
2025-10-07T19:52:06.176591+00:00,919,575.707397,-16.5128841,-4.62109518,-9.84326172,3.43519473,-5.75973,-4.46727,-5.89977026,95.0514603,-567.803223,1.93101823,35.7258339,-78.6982117,84.588974,523.0,282.13266,2387,244326.17659138536
2025-10-07T19:52:06.432843+00:00,919,572.903687,-17.9736252,0.161478907,-9.24054527,4.21964121,-7.34783888,-4.13593531,-14.4682674,79.1760864,-565.569153,-45.6214828,35.7256889,-78.6981812,132.141479,524.0,282.388916,2387,244326.43284266835
2025-10-07T19:52:06.689094+00:00,919,573.755127,-17.8594227,0.687543452,-10.0914793,3.54467988,-6.7675457,-3.31711745,-13.7406282,80.2788,-565.821289,-50.9564,35.7257,-78.6981888,137.476395,525.0,282.645172,2387,244326.68909395134
2025-10-07T19:52:06.945345+00:00,919,574.675598,-18.0367889,1.03638208,-10.0914793,3.64373064,-6.76888943,-3.31114936,-13.7505188,78.545372,-566.668518,-54.4927635,35.7256851,-78.6982,141.012756,525.0,282.901428,2387,244326.9453452341
2025-10-07T19:52:07.201597+00:00,919,575.368164,-17.913332,1.2780484,-11.1207924,3.27846718,-6.22670889,-2.87863183,-13.179431,79.7952271,-566.950623,-56.9937515,35.7256966,-78.6982,143.513748,526.0,283.157654,2387,244327.2015965171
2025-10-07T19:52:07.457848+00:00,919,576.220398,-18.0753822,1.60940957,-11.1207924,3.37108874,-6.22642088,-2.87826824,-13.176754,78.199295,-567.689,-60.3662071,35.7256813,-78.698204,146.8862,526.0,283.41391,2387,244327.45784780008
2025-10-07T19:52:07.714099+00:00,919,576.713684,-19.3032417,1.75120986,-11.1265955,3.33903265,-8.34198475,-2.98755,-12.5647163,65.9718933,-569.604248,-61.6234512,35.7255707,-78.6982269,148.143448,527.0,283.670166,2387,244327.71409908283
2025-10-07T19:52:07.970350+00:00,919,577.293762,-19.3974113,1.79641461,-10.9600487,3.19878268,-8.027318,-2.87376451,-11.7567596,65.0826187,-570.239746,-62.1209717,35.725563,-78.6982346,148.640961,528.0,283.926422,2387,244327.97035036582
2025-10-07T19:52:08.226602+00:00,919,578.125183,-19.6028786,2.09154177,-10.9600487,3.28845835,-8.02615643,-2.87457085,-11.7560539,63.0268402,-570.976624,-65.1316528,35.725544,-78.6982422,151.651642,528.0,284.182678,2387,244328.22660164858
2025-10-07T19:52:08.482853+00:00,919,578.508362,-19.672678,2.06202865,-10.1597157,3.10985518,-7.65801573,-2.76229358,-10.7639627,62.3779907,-571.466,-64.8657,35.7255363,-78.6982498,151.385696,529.0,284.438934,2387,244328.48285293157
2025-10-07T19:52:08.739104+00:00,919,579.31543,-19.8683052,2.33129525,-10.1597157,3.18729758,-7.65737391,-2.76344442,-10.7641697,60.4163246,-572.174255,-67.6233673,35.7255211,-78.6982574,154.143356,529.0,284.69519,2387,244328.73910421433
2025-10-07T19:52:08.995355+00:00,919,580.18042,-20.7682648,2.21033764,-10.2627277,3.28016376,-9.47307587,-3.06916976,-9.48103905,51.4851952,-574.072144,-66.3308,35.725441,-78.6982803,152.8508,530.0,284.951416,2387,244328.99535549709
2025-10-07T19:52:09.251607+00:00,919,580.87,-21.1236038,2.6945138,-10.208684,3.04943919,-9.6912,-2.62259746,-10.2232761,47.8121376,-574.502563,-71.2096558,35.7254066,-78.6982803,157.729645,531.0,285.207672,2387,244329.25160677286
2025-10-07T19:52:09.507858+00:00,919,581.662964,-21.3677959,2.95003533,-10.208684,3.13699126,-9.68972206,-2.62379885,-10.2232161,45.3305283,-575.175,-73.8288651,35.7253838,-78.698288,160.348862,531.0,285.463928,2387,244329.50785805561
2025-10-07T19:52:09.764109+00:00,919,582.037903,-21.6232109,2.75770044,-10.2593088,2.67762542,-9.62018681,-2.34242725,-8.6439476,42.8369446,-575.991211,-71.8839874,35.7253609,-78.6982956,158.403992,532.0,285.720184,2387,244329.76410933837
2025-10-07T19:52:10.020361+00:00,919,582.733948,-21.8649292,2.97390723,-10.2593088,2.75129747,-9.61920261,-2.34337187,-8.64338684,40.3732376,-576.591919,-74.0986633,35.725338,-78.6983,160.618652,532.0,285.97644,2387,244330.02036062113
2025-10-07T19:52:10.276612+00:00,919,583.286316,-21.8941975,2.67734742,-10.3231373,2.63775349,-8.95564747,-2.42974925,-6.96080351,40.2062645,-577.53064,-71.1676712,35.725338,-78.6983185,157.687668,533.0,286.232697,2387,244330.2766119039
2025-10-07T19:52:10.532863+00:00,919,583.881,-22.1139679,2.50324178,-9.85373878,2.55738139,-8.90690613,-2.46982503,-5.81186819,38.0691032,-578.486938,-69.4308,35.7253189,-78.6983261,155.950806,534.0,286.488922,2387,244330.53286318688
2025-10-07T19:52:10.789114+00:00,919,584.543,-22.3383236,2.64768481,-9.85373878,2.60774398,-8.9066906,-2.47051573,-5.81429815,35.7874146,-579.12,-70.9218903,35.7253,-78.6983337,157.441879,534.0,286.745178,2387,244330.78911446987
2025-10-07T19:52:11.045366+00:00,919,585.006836,-22.6760082,2.72127342,-9.5772,2.42759848,-9.22067547,-2.27793646,-5.55492496,32.3568382,-579.700623,-71.6467667,35.7252693,-78.6983414,158.166763,535.0,287.001434,2387,244331.04536575262
2025-10-07T19:52:11.301617+00:00,919,585.636169,-22.907074,2.85941672,-9.5772,2.48010516,-9.21992874,-2.27992415,-5.55608511,29.9953918,-580.285,-73.0710526,35.7252464,-78.698349,159.591049,535.0,287.25769,2387,244331.3016170356
2025-10-07T19:52:11.557868+00:00,919,586.009705,-22.7270012,2.42415905,-9.28173733,2.16020751,-7.94897413,-2.18187404,-3.66982245,31.981535,-581.084473,-68.741684,35.7252655,-78.6983566,155.261688,536.0,287.513947,2387,244331.55786831837
2025-10-07T19:52:11.814120+00:00,919,586.455811,-22.4572277,2.71435189,-9.03808308,1.96678293,-6.58306408,-1.84325552,-4.32739544,34.6712723,-581.009949,-71.8040924,35.7252884,-78.6983566,158.324081,537.0,287.770203,2387,244331.81411960113
2025-10-07T19:52:12.070371+00:00,919,586.963867,-22.6222744,2.82110739,-9.03808308,1.99531686,-6.58424854,-1.84487426,-4.32825089,32.9835472,-581.482849,-72.9135056,35.7252731,-78.6983566,159.433502,537.0,288.026428,2387,244332.07037088412
2025-10-07T19:52:12.326622+00:00,919,587.302856,-22.9165115,3.07135272,-9.31737328,1.76820421,-6.97957468,-1.52904224,-4.74477053,29.9201164,-581.669678,-75.43116,35.7252464,-78.6983643,161.951157,538.0,288.282684,2387,244332.32662216687
2025-10-07T19:52:12.582873+00:00,919,587.760925,-23.090126,3.18912125,-9.31737328,1.80118799,-6.97950315,-1.53134632,-4.7448616,28.1323071,-582.062561,-76.6467285,35.7252312,-78.6983643,163.166718,538.0,288.53894,2387,244332.58287344963
2025-10-07T19:52:12.839125+00:00,919,588.029907,-23.4870281,3.30522442,-10.0413656,1.53354549,-7.60789347,-1.24033284,-4.66006,24.048996,-582.368469,-77.7676849,35.725193,-78.6983719,164.287689,539.0,288.795197,2387,244332.8391247324
2025-10-07T19:52:13.095376+00:00,919,588.428589,-23.6754074,3.42185497,-10.0413656,1.56999,-7.6070447,-1.24252093,-4.65988827,22.1012917,-582.687622,-78.961319,35.725174,-78.6983719,165.481323,539.0,289.051453,2387,244333.09537601515
2025-10-07T19:52:13.351627+00:00,919,588.835266,-23.8637276,3.53834915,-10.0413656,1.60421014,-7.6070447,-1.24252093,-4.65988827,20.1519775,-583.006042,-80.1554184,35.7251587,-78.6983795,166.675415,539.0,289.307709,2387,244333.35162729767
2025-10-07T19:52:13.607879+00:00,919,588.988953,-22.8229866,3.85607696,-10.5207081,1.14390254,-4.18877888,-0.622434378,-5.25992966,30.7216511,-582.207153,-83.6601334,35.7252541,-78.6983643,170.180115,540.0,289.563965,2387,244333.60787858043
2025-10-07T19:52:13.864130+00:00,919,589.287,-22.9254932,3.98663783,-10.5207081,1.16488683,-4.18765783,-0.624099195,-5.26009369,29.6463699,-582.369324,-85.0070877,35.7252426,-78.6983719,171.527069,540.0,289.82019,2387,244333.86412986318
2025-10-07T19:52:14.120381+00:00,919,589.587952,-23.0277023,4.11716938,-10.5207081,1.18410885,-4.18765783,-0.624099195,-5.26009369,28.5732765,-582.529297,-86.3549881,35.725235,-78.6983719,172.874985,540.0,290.076447,2387,244334.1203811457
2025-10-07T19:52:14.376632+00:00,919,589.219482,-22.6504745,3.59458399,-10.5305281,0.585071385,-2.91456413,-0.291525692,-3.32826447,32.5824471,-582.705383,-81.0709381,35.7252693,-78.6983719,167.590927,541.0,290.332703,2387,244334.3766324287
2025-10-07T19:52:14.632884+00:00,919,589.371216,-22.721838,3.67790794,-10.5305281,0.594303548,-2.91560268,-0.292571634,-3.32716489,31.8336067,-582.780884,-81.9239197,35.7252617,-78.6983719,168.443909,541.0,290.588959,2387,244334.63288371146
2025-10-07T19:52:14.889135+00:00,919,588.779907,-23.1636848,2.47240543,-10.0329065,0.201849565,-3.81277704,-0.414936364,0.260434508,27.6426716,-584.015076,-69.4561,35.7252235,-78.6983871,155.976105,542.0,290.845215,2387,244334.88913499445
2025-10-07T19:52:15.145386+00:00,919,588.833,-23.2593517,2.46789074,-10.0329065,0.209932193,-3.81315589,-0.416175753,0.256533,26.6656971,-584.121399,-69.3934402,35.7252159,-78.6983871,155.913437,542.0,291.101471,2387,244335.1453862772
2025-10-07T19:52:15.401638+00:00,919,588.512,-22.8538456,2.10607529,-9.6367712,-0.0227616597,-2.56795216,-0.248075143,1.19964087,30.9134369,-584.00885,-65.7608109,35.7252541,-78.6983871,152.280792,543.0,291.357697,2387,244335.40163755996
2025-10-07T19:52:15.657889+00:00,919,588.507385,-22.9189777,2.07785535,-9.6367712,-0.0172328912,-2.56876826,-0.249705553,1.19577599,30.2541714,-584.072815,-65.4570465,35.7252502,-78.6983871,151.977036,543.0,291.613953,2387,244335.65788884272
2025-10-07T19:52:15.914140+00:00,919,588.503418,-22.9840145,2.04937267,-9.6367712,-0.0137100397,-2.56876826,-0.249705553,1.19577599,29.5959206,-584.13678,-65.1506271,35.7252426,-78.6983871,151.670624,543.0,291.870209,2387,244335.91414012547
2025-10-07T19:52:16.170391+00:00,919,588.500366,-23.0490494,2.0208869,-9.6367712,-0.0101871248,-2.56876826,-0.249705553,1.19577599,28.9376698,-584.200806,-64.8442078,35.725235,-78.6983871,151.364197,543.0,292.126465,2387,244336.17039140823
2025-10-07T19:52:16.426643+00:00,919,588.49823,-23.1140842,1.99239838,-9.6367712,-0.00666416297,-2.56876826,-0.249705553,1.19577599,28.2794209,-584.264771,-64.5377884,35.7252312,-78.6983871,151.057785,543.0,292.382721,2387,244336.426642691
2025-10-07T19:52:16.682894+00:00,919,588.047,-22.8856068,1.9606545,-9.08490753,-0.201575413,-1.91849864,-0.027777018,1.18394506,30.60672,-583.728149,-64.2184296,35.7252502,-78.6983871,150.738434,544.0,292.638977,2387,244336.68289397375
2025-10-07T19:52:16.939145+00:00,919,587.850037,-22.8344955,2.15431333,-8.45727539,-0.248123184,-1.71447897,0.0915470868,0.592376,31.0624123,-583.286072,-66.1830292,35.7252541,-78.6983795,152.703018,545.0,292.895203,2387,244336.9391452565
2025-10-07T19:52:17.195397+00:00,919,587.787354,-22.8776379,2.14106846,-8.45727539,-0.246115699,-1.71572781,0.0908227786,0.592932165,30.6215439,-583.263428,-66.0309,35.7252502,-78.6983795,152.550903,545.0,293.151459,2387,244337.1953965318
2025-10-07T19:52:17.451648+00:00,919,587.724426,-22.9206657,2.127841,-8.45727539,-0.244701669,-1.71572781,0.0908227786,0.592932165,30.1818867,-583.240173,-65.8789597,35.7252464,-78.6983795,152.398956,545.0,293.407715,2387,244337.45164781457
2025-10-07T19:52:17.707899+00:00,919,587.661926,-22.9637032,2.11460948,-8.45727539,-0.243287191,-1.71572781,0.0908227786,0.592932165,29.7422295,-583.216858,-65.7270203,35.7252426,-78.6983795,152.247009,545.0,293.663971,2387,244337.7078990971
2025-10-07T19:52:17.964150+00:00,919,587.757751,-22.4664021,1.75161695,-7.96872282,-0.148156956,-0.501479805,-0.0362265,1.45919371,34.9427834,-583.416931,-62.1524467,35.7252922,-78.6983795,148.67244,546.0,293.920227,2387,244337.96415037985
2025-10-07T19:52:18.220402+00:00,919,587.550476,-22.2153492,1.64323735,-8.31595,-0.381904721,0.0514460877,0.215177283,1.65082061,37.5297432,-583.1604,-61.0824699,35.7253151,-78.6983795,147.602463,547.0,294.176483,2387,244338.2204016626
2025-10-07T19:52:18.476653+00:00,919,587.453,-22.2148361,1.60289645,-8.31595,-0.379119098,0.0494426526,0.213569269,1.64911675,37.5406303,-583.10553,-60.6611633,35.7253151,-78.6983795,147.181152,547.0,294.432739,2387,244338.47665294536
2025-10-07T19:52:18.732904+00:00,919,587.356,-22.2141533,1.56241083,-8.31595,-0.377974242,0.0494426526,0.213569269,1.64911675,37.5533,-583.050781,-60.238575,35.7253151,-78.6983795,146.758575,547.0,294.688965,2387,244338.73290422812
2025-10-07T19:52:18.989156+00:00,919,587.259338,-22.2134705,1.52191198,-8.31595,-0.37682882,0.0494426526,0.213569269,1.64911675,37.5659676,-582.996033,-59.8159866,35.7253151,-78.6983795,146.335983,547.0,294.945221,2387,244338.98915551088
2025-10-07T19:52:19.245407+00:00,919,587.162903,-22.2127857,1.48139977,-8.31595,-0.375682831,0.0494426526,0.213569269,1.64911675,37.5786362,-582.941345,-59.3934,35.7253151,-78.6983795,145.913391,547.0,295.201477,2387,244339.24540680388
2025-10-07T19:52:19.501658+00:00,919,587.508179,-21.6204262,1.50169885,-8.13543,-0.117092282,1.27774417,0.0649379268,1.4509536,43.6496773,-582.828064,-59.7663116,35.7253685,-78.6983719,146.286301,548.0,295.457733,2387,244339.50165808687
2025-10-07T19:52:19.757909+00:00,919,587.477,-21.5898228,1.46490026,-8.13543,-0.119173959,1.27362478,0.0683132038,1.45132565,43.9709167,-582.810547,-59.3944969,35.7253723,-78.6983719,145.91449,548.0,295.714,2387,244339.75790936986
2025-10-07T19:52:20.014161+00:00,919,587.617737,-21.8667011,2.11527753,-7.73333454,-0.0293492358,0.627019942,0.0962885618,-0.199416846,40.9575233,-582.463684,-65.9787674,35.7253456,-78.6983719,152.498749,549.0,295.970245,2387,244340.01416065285
2025-10-07T19:52:20.270412+00:00,919,587.609375,-21.8509254,2.11949587,-7.73333454,-0.0311547406,0.626446128,0.0976811498,-0.194306925,41.1168747,-582.438843,-66.0242767,35.7253456,-78.6983719,152.544266,549.0,296.226471,2387,244340.27041193584
2025-10-07T19:52:20.526663+00:00,919,587.601379,-21.8350258,2.12412739,-7.73333454,-0.0309633967,0.626446128,0.0976811498,-0.194306925,41.2774,-582.413818,-66.0740662,35.7253494,-78.6983719,152.594055,549.0,296.482727,2387,244340.52666321883
2025-10-07T19:52:20.782915+00:00,919,587.593506,-21.8191242,2.12875867,-7.73333454,-0.0307720453,0.626446128,0.0976811498,-0.194306925,41.4379272,-582.388794,-66.1238556,35.7253494,-78.6983719,152.64386,549.0,296.738983,2387,244340.7829145016
2025-10-07T19:52:21.039166+00:00,919,587.585632,-21.8032227,2.13339019,-7.73333454,-0.0305806864,0.626446128,0.0976811498,-0.194306925,41.5984573,-582.36377,-66.173645,35.7253494,-78.6983719,152.693634,549.0,296.995239,2387,244341.03916578458
2025-10-07T19:52:21.295417+00:00,919,587.456055,-22.3613148,1.66961479,-8.27038288,-0.286361486,-0.467953712,0.158311516,0.963164,36.0235405,-583.136536,-61.3085632,35.7253,-78.6983795,147.828552,550.0,297.251495,2387,244341.29541706733
2025-10-07T19:52:21.551668+00:00,919,587.38562,-22.3727093,1.64678133,-8.27038288,-0.27902633,-0.464229673,0.151937947,0.960128963,35.90942,-583.098145,-61.065876,35.7253,-78.6983795,147.585876,550.0,297.507751,2387,244341.55166835032
2025-10-07T19:52:21.807920+00:00,919,587.36731,-22.6803703,0.986803174,-8.77235222,-0.412683189,-0.996323407,0.129322097,2.47042346,32.9528275,-583.926514,-54.2620926,35.7252731,-78.6983871,140.782089,551.0,297.763977,2387,244341.80791963308
2025-10-07T19:52:22.064171+00:00,919,587.286682,-22.3923435,1.08344173,-9.13460541,-0.541170537,-0.389481515,0.323142141,2.08428931,35.86623,-583.575562,-55.3066978,35.7253,-78.6983795,141.826691,552.0,298.020233,2387,244342.06417091584
2025-10-07T19:52:22.320422+00:00,919,587.148376,-22.4027405,1.03274906,-9.13460541,-0.537387073,-0.389306635,0.321390688,2.08260036,35.7660522,-583.492798,-54.7742462,35.7253,-78.6983795,141.294235,552.0,298.276489,2387,244342.3204221986
2025-10-07T19:52:22.576673+00:00,919,587.137878,-22.1307888,1.01105952,-9.38416862,-0.606791437,0.162128106,0.434246689,1.99979782,38.5513153,-583.319885,-54.6134071,35.7253227,-78.6983795,141.133392,553.0,298.532745,2387,244342.57667348135
2025-10-07T19:52:22.832925+00:00,919,586.983215,-22.1271954,0.962188363,-9.38416862,-0.603034437,0.161723346,0.432177246,1.99925447,38.5918922,-583.209229,-54.1014214,35.7253227,-78.6983795,140.621414,553.0,298.789,2387,244342.8329247641
2025-10-07T19:52:23.089176+00:00,919,587.178223,-21.4611206,1.54873216,-9.75634861,-0.595591187,1.4710511,0.67326349,0.40180558,45.237896,-582.324829,-60.2465134,35.7253838,-78.6983719,146.76651,554.0,299.045258,2387,244343.08917604687
2025-10-07T19:52:23.345427+00:00,919,587.07489,-21.6208858,1.34335876,-9.86235142,-0.666328311,1.05100083,0.658786595,0.91706425,43.6593857,-582.558411,-58.1082802,35.7253685,-78.6983719,144.628265,555.0,299.301514,2387,244343.34542732986
2025-10-07T19:52:23.601679+00:00,919,586.904358,-21.5939331,1.32132196,-9.86235142,-0.664390385,1.05050755,0.657586396,0.917687893,43.9282951,-582.389771,-57.8726616,35.7253723,-78.6983719,144.392654,555.0,299.557739,2387,244343.60167861285
2025-10-07T19:52:23.857930+00:00,919,586.943237,-21.7083817,0.859853506,-10.1606464,-0.675189555,0.758326828,0.548549771,2.0518167,42.8963737,-582.956055,-53.1465683,35.7253609,-78.6983795,139.666565,556.0,299.814,2387,244343.8579298956
2025-10-07T19:52:24.114181+00:00,919,586.770935,-21.6895065,0.80954206,-10.1606464,-0.671759605,0.758503616,0.547252595,2.05058742,43.0908623,-582.815796,-52.6220512,35.7253647,-78.6983719,139.142044,556.0,300.070251,2387,244344.1141811786
2025-10-07T19:52:24.370432+00:00,919,586.78009,-21.758091,0.378810465,-10.5866699,-0.678156495,0.575748742,0.472705,3.0427072,42.513195,-583.248596,-48.2140045,35.7253609,-78.6983795,134.734,557.0,300.326508,2387,244344.37043246158
2025-10-07T19:52:24.626684+00:00,919,586.710876,-21.2678795,0.481823742,-11.0276499,-0.717732191,1.61471462,0.64015466,2.527179,47.4821892,-582.699097,-49.3648872,35.7254028,-78.6983719,135.884888,558.0,300.582764,2387,244344.62668374434
2025-10-07T19:52:24.882935+00:00,919,586.527466,-21.2276688,0.419061065,-11.0276499,-0.712910175,1.61389959,0.639185,2.52662182,47.8951187,-582.535095,-48.717865,35.7254066,-78.6983719,135.237854,558.0,300.83902,2387,244344.8829350271
2025-10-07T19:52:25.139186+00:00,919,586.798279,-21.7119503,1.29597127,-11.2784204,-0.673154593,0.408506155,0.701491296,0.0678890795,42.7232056,-582.401733,-57.5782471,35.7253609,-78.6983719,144.098236,559.0,301.095245,2387,244345.1391863101
2025-10-07T19:52:25.395438+00:00,919,586.62616,-21.7004299,1.2954421,-11.2784204,-0.67200923,0.409037203,0.700259924,0.0700072423,42.8283806,-582.222473,-57.5584755,35.7253609,-78.6983719,144.078476,559.0,301.351501,2387,244345.39543759284
2025-10-07T19:52:25.651689+00:00,919,586.76416,-22.6326809,1.64195216,-11.7880688,-0.642430365,-1.72725499,0.630031466,-0.780182421,33.2172852,-582.649902,-60.8926353,35.7252769,-78.6983719,147.412628,560.0,301.607758,2387,244345.6516888756
2025-10-07T19:52:25.907940+00:00,919,586.922729,-22.4592094,1.4556998,-11.5227394,-0.419396907,-1.25358832,0.376251459,-0.289619595,35.0531578,-582.891541,-59.0514259,35.7252922,-78.6983719,145.571411,561.0,301.864,2387,244345.90794015836
2025-10-07T19:52:26.164191+00:00,919,586.814941,-22.4896793,1.46467054,-11.5227394,-0.419249564,-1.25243163,0.376815081,-0.288954049,34.7328186,-582.794739,-59.1250153,35.7252884,-78.6983719,145.645,561.0,302.12027,2387,244346.16419143413
2025-10-07T19:52:26.420443+00:00,919,586.699463,-22.4862137,1.25839949,-11.9159746,-0.568434894,-1.15828443,0.473662168,0.29954198,34.8211212,-582.883667,-57.0128899,35.7252884,-78.6983719,143.532883,562.0,302.376526,2387,244346.42044271666
2025-10-07T19:52:26.676694+00:00,919,586.554,-22.5145435,1.25292087,-11.9159746,-0.566838861,-1.15792465,0.472707897,0.299073935,34.5247383,-582.762329,-56.93647,35.7252884,-78.6983719,143.456451,562.0,302.632751,2387,244346.6766939994
2025-10-07T19:52:26.932945+00:00,919,586.587097,-22.5573158,0.965729356,-12.064064,-0.381752193,-1.1651026,0.220519125,1.02832365,34.1721458,-583.095459,-54.0035667,35.7252846,-78.6983795,140.52356,563.0,302.889,2387,244346.93294528217
2025-10-07T19:52:27.189197+00:00,919,586.489075,-22.5866699,0.941574872,-12.064064,-0.381868273,-1.16519761,0.221776411,1.026914,33.8735046,-583.038513,-53.7416649,35.7252808,-78.6983795,140.261658,563.0,303.145264,2387,244347.18919657494
2025-10-07T19:52:27.445448+00:00,919,586.391357,-22.6160336,0.917289674,-12.064064,-0.380856276,-1.16519761,0.221776411,1.026914,33.5749207,-582.981689,-53.4785156,35.7252769,-78.6983795,139.998505,563.0,303.40152,2387,244347.4454478577
2025-10-07T19:52:27.701699+00:00,919,586.574707,-23.3462296,1.38241351,-12.3086891,-0.452783555,-2.72267056,0.353786618,-0.197589844,25.9912624,-583.115051,-58.0625076,35.7252083,-78.6983795,144.582504,564.0,303.657776,2387,244347.70169914069
2025-10-07T19:52:27.957950+00:00,919,586.459412,-23.4135,1.38993561,-12.3086891,-0.447437644,-2.72033906,0.351608455,-0.196306854,25.2965851,-583.024719,-58.1115189,35.7252045,-78.6983795,144.631516,564.0,303.914032,2387,244347.95795042344
2025-10-07T19:52:28.214202+00:00,919,586.451721,-22.5980797,1.41486061,-12.7608624,-0.57738477,-0.82472676,0.560555696,-0.267619729,33.6189194,-582.551758,-58.5564461,35.7252769,-78.6983719,145.076447,565.0,304.170288,2387,244348.2142017062
2025-10-07T19:52:28.470453+00:00,919,586.737488,-21.857523,0.961695552,-12.9286366,-0.34356451,0.843222499,0.330187649,0.812958539,41.3295822,-582.77124,-54.1335754,35.7253494,-78.6983719,140.653564,566.0,304.426514,2387,244348.4704529892
2025-10-07T19:52:28.726704+00:00,919,586.64917,-21.8365383,0.941694498,-12.9286366,-0.343072534,0.84075433,0.33019802,0.812018633,41.5433083,-582.68634,-53.9261703,35.7253494,-78.6983719,140.446167,566.0,304.68277,2387,244348.72670427195
2025-10-07T19:52:28.982956+00:00,919,586.52179,-22.2359486,1.08478856,-13.3221779,-0.527084529,-0.0904640108,0.483756363,0.431805134,37.4160652,-582.710571,-55.2837563,35.7253113,-78.6983719,141.803741,567.0,304.939026,2387,244348.9829555547
2025-10-07T19:52:29.239207+00:00,919,586.386841,-22.2377243,1.0752399,-13.3221779,-0.525681,-0.0907182917,0.482412308,0.431608021,37.392067,-582.586731,-55.1733704,35.7253113,-78.6983719,141.693359,567.0,305.195282,2387,244349.23920683746
2025-10-07T19:52:29.495458+00:00,919,586.408813,-22.9044666,0.844532073,-13.6992846,-0.605342507,-1.44390893,0.444806844,0.973869324,30.650423,-583.233704,-52.6717606,35.7252502,-78.6983795,139.191757,568.0,305.451538,2387,244349.49545812045
2025-10-07T19:52:29.751709+00:00,919,586.299683,-23.0378265,0.516533673,-13.7780581,-0.672603667,-1.609115,0.451723069,1.69425571,29.3746891,-583.485352,-49.2878723,35.7252388,-78.6983795,135.807861,569.0,305.707794,2387,244349.75170940344
2025-10-07T19:52:30.007961+00:00,919,586.127563,-23.0784245,0.476396471,-13.7780581,-0.669156671,-1.60839367,0.450668,1.69321942,28.9626637,-583.369446,-48.8547783,35.725235,-78.6983795,135.374771,569.0,305.96402,2387,244350.00796068643
2025-10-07T19:52:30.264212+00:00,919,586.557251,-22.5598583,1.79065561,-13.9674673,-0.627683222,-0.584456503,0.757218301,-1.48279774,33.9056892,-582.242188,-62.4014206,35.7252808,-78.6983719,148.921417,570.0,306.220276,2387,244350.2642119692
2025-10-07T19:52:30.520463+00:00,919,586.396851,-22.572504,1.82981634,-13.9674673,-0.625336885,-0.584563911,0.75588125,-1.48131049,33.7558289,-582.048584,-62.7798576,35.7252808,-78.6983643,149.29985,570.0,306.476532,2387,244350.52046325195
2025-10-07T19:52:30.776715+00:00,919,586.395691,-22.0581722,1.91760397,-14.28582,-0.673003137,0.466361493,0.885410964,-1.60122788,38.9785576,-581.611206,-63.7889671,35.7253265,-78.6983643,150.30896,571.0,306.732788,2387,244350.77671453447
2025-10-07T19:52:31.032966+00:00,919,586.367065,-21.5597496,2.27572846,-14.6120443,-0.686374,1.40429199,1.0707655,-2.33530736,43.9510727,-580.804199,-67.5362244,35.7253723,-78.698349,154.056213,572.0,306.989044,2387,244351.03296581723
2025-10-07T19:52:31.289217+00:00,919,586.191589,-21.52145,2.33567142,-14.6120443,-0.682015657,1.40309751,1.06970179,-2.33411908,44.309803,-580.53,-68.1332855,35.7253761,-78.698349,154.65329,572.0,307.2453,2387,244351.28921709998
2025-10-07T19:52:31.545468+00:00,919,586.414734,-22.1636066,2.96062899,-14.7216702,-0.657492816,-0.0134817231,1.12343431,-3.59113336,37.5877571,-580.4646,-74.3656921,35.7253151,-78.698349,160.885681,573.0,307.501526,2387,244351.54546838274
2025-10-07T19:52:31.801720+00:00,919,586.247314,-22.1600914,3.05315161,-14.7216702,-0.650301576,-0.0132715292,1.12205338,-3.58975697,37.5842056,-580.177307,-75.2839661,35.7253151,-78.698349,161.803955,573.0,307.757782,2387,244351.8017196655
2025-10-07T19:52:32.057971+00:00,919,586.444397,-22.557436,2.77809334,-14.8433952,-0.682231486,-0.798734903,0.982593119,-2.72879934,33.6289177,-580.9823,-72.4271,35.7252808,-78.6983566,158.947083,574.0,308.014038,2387,244352.0579709485
2025-10-07T19:52:32.314222+00:00,919,586.270264,-22.574337,2.84943604,-14.8433952,-0.677063346,-0.797584534,0.981236637,-2.72887421,33.4248772,-580.730835,-73.1259,35.7252769,-78.698349,159.645889,574.0,308.270294,2387,244352.31422223125
2025-10-07T19:52:32.570474+00:00,919,586.09729,-22.5912819,2.9208672,-14.8433952,-0.673308313,-0.797584534,0.981236637,-2.72887421,33.2204933,-580.47937,-73.8251724,35.7252769,-78.698349,160.345169,574.0,308.52655,2387,244352.57047351377
2025-10-07T19:52:32.826725+00:00,919,586.466431,-22.613966,2.96856236,-14.5003033,-0.382608294,-0.814527512,0.688209116,-2.71953583,32.995472,-580.797913,-74.3506241,35.7252731,-78.698349,160.870621,575.0,308.782806,2387,244352.82672479653
2025-10-07T19:52:33.082976+00:00,919,586.36792,-22.6317177,3.03896308,-14.5003033,-0.381597608,-0.814020216,0.69097656,-2.71994972,32.7873611,-580.620422,-75.0484848,35.7252731,-78.698349,161.568481,575.0,309.039062,2387,244353.08297607928
2025-10-07T19:52:33.339227+00:00,919,586.600281,-21.7040367,3.07286811,-14.4032965,-0.506539047,1.05766654,0.934836149,-2.65158439,42.2501297,-580.168,-75.6300888,35.7253571,-78.698349,162.150085,576.0,309.295288,2387,244353.33922736227
2025-10-07T19:52:33.595479+00:00,919,586.336548,-21.8574295,3.19713044,-14.2373552,-0.839311659,0.610991478,1.25151849,-2.71744752,40.6292458,-579.860413,-76.8231125,35.7253418,-78.6983414,163.343109,577.0,309.551544,2387,244353.59547864526
2025-10-07T19:52:33.851730+00:00,919,586.122,-21.8383522,3.2681582,-14.2373552,-0.834096074,0.610906541,1.25006449,-2.71756077,40.7862549,-579.539734,-77.5192947,35.7253418,-78.6983414,164.039276,577.0,309.8078,2387,244353.85172992802
2025-10-07T19:52:34.107981+00:00,919,585.599731,-21.8046684,2.5978148,-14.2383347,-1.59267759,0.608289897,1.74197817,-0.740050256,41.3016396,-579.851685,-70.6628876,35.7253494,-78.6983414,157.182877,578.0,310.064056,2387,244354.107981211
2025-10-07T19:52:34.364232+00:00,919,585.190613,-21.7858257,2.62089705,-14.2383347,-1.59894848,0.608095348,1.74846494,-0.736308098,41.4573784,-579.404358,-70.8516,35.7253494,-78.6983337,157.371582,578.0,310.320312,2387,244354.36423249354
2025-10-07T19:52:34.620484+00:00,919,584.087891,-21.539959,2.6043148,-14.2095594,-2.76767015,1.0099107,2.93413687,-0.502388954,43.8803596,-578.142151,-70.6034927,35.7253723,-78.6983261,157.123474,579.0,310.576569,2387,244354.6204837763
2025-10-07T19:52:34.876735+00:00,919,583.044922,-21.7698803,2.55736399,-13.9220076,-3.63267398,0.324370265,3.71382213,-0.181348443,41.4864273,-577.344604,-69.9536285,35.7253494,-78.6983109,156.473618,580.0,310.832794,2387,244354.87673505882
2025-10-07T19:52:35.132986+00:00,919,582.112488,-21.754612,2.57266474,-13.9220076,-3.64464498,0.323517442,3.72593164,-0.179329008,41.5699081,-576.391418,-69.9993591,35.7253494,-78.6983,156.519348,580.0,311.08905,2387,244355.13298634134
2025-10-07T19:52:35.389238+00:00,919,580.638123,-21.7906551,2.31923556,-14.2530861,-4.62286377,0.171108514,4.58644,0.786079288,41.1776657,-575.256958,-67.2645493,35.7253456,-78.698288,153.784546,581.0,311.345306,2387,244355.3892376241
2025-10-07T19:52:35.645489+00:00,919,579.450928,-21.7782345,2.3123889,-14.2530861,-4.63628912,0.169585615,4.59952831,0.790301,41.2206726,-574.079407,-67.0609436,35.7253456,-78.6982803,153.580933,581.0,311.601562,2387,244355.64548890686
2025-10-07T19:52:35.901740+00:00,919,577.863953,-22.603899,2.06876826,-14.4281216,-5.32669544,-1.98000491,5.06815529,1.66892052,32.8793488,-573.338623,-64.2541962,35.7252731,-78.6982727,150.774185,582.0,311.857819,2387,244355.9017401896
2025-10-07T19:52:36.157991+00:00,919,576.082275,-22.0966129,2.14279699,-13.7649736,-5.74560499,-0.525189817,5.60854,1.33547616,37.8415909,-571.161743,-64.9083862,35.7253151,-78.6982422,151.428375,583.0,312.114075,2387,244356.15799146538
2025-10-07T19:52:36.414243+00:00,919,574.609802,-22.1009636,2.12519646,-13.7649736,-5.74668312,-0.525374293,5.6098361,1.33552682,37.7065544,-569.724365,-64.5661774,35.7253151,-78.6982269,151.086182,583.0,312.3703,2387,244356.41424274814
2025-10-07T19:52:36.670494+00:00,919,572.964844,-21.5620708,2.33115315,-13.3805752,-5.93962479,0.900370777,5.9967041,0.584450841,42.9068146,-567.467957,-66.5425186,35.7253609,-78.698204,153.062515,584.0,312.626556,2387,244356.6704940309
2025-10-07T19:52:36.926745+00:00,919,571.44342,-21.5273228,2.33314037,-13.3805752,-5.93742418,0.900445759,5.99534273,0.584249556,43.1374359,-565.931824,-66.392807,35.7253647,-78.6981888,152.912796,584.0,312.882812,2387,244356.92674531342
2025-10-07T19:52:37.182997+00:00,919,569.910889,-21.3293457,2.12190056,-13.6806917,-5.98923683,1.35668385,6.0089922,1.28431463,45.0455475,-564.492432,-64.169014,35.7253799,-78.6981735,150.689,585.0,313.139069,2387,244357.18299658896
2025-10-07T19:52:37.439248+00:00,919,568.377197,-21.2825031,2.10509539,-13.6806917,-5.98619747,1.35564435,6.00757551,1.28395009,45.391983,-562.953491,-63.8403511,35.7253838,-78.6981583,150.360352,585.0,313.395325,2387,244357.43924787172
2025-10-07T19:52:37.695499+00:00,919,566.843445,-21.2353077,2.08816528,-13.6806917,-5.98450327,1.35564435,6.00757551,1.28395009,45.7393684,-561.414062,-63.5113373,35.7253876,-78.6981354,150.031326,585.0,313.651581,2387,244357.69549915424
2025-10-07T19:52:37.951750+00:00,919,565.38385,-21.6742744,1.50382745,-13.7435074,-5.96909189,0.109482333,5.71354675,3.03406143,41.4758072,-560.918518,-57.5252609,35.7253494,-78.6981354,144.045258,586.0,313.907837,2387,244357.95175043677
2025-10-07T19:52:38.208002+00:00,919,563.855164,-21.6616745,1.44045579,-13.7435074,-5.96557808,0.110494614,5.71325159,3.03080535,41.5051804,-559.454346,-56.7520523,35.7253494,-78.6981201,143.272049,586.0,314.164062,2387,244358.20800172954
2025-10-07T19:52:38.464253+00:00,919,562.314,-20.9225883,1.33619237,-13.7494583,-5.97398901,1.95357597,5.88735342,3.09571314,48.6463051,-557.427,-55.729435,35.7254143,-78.6981,142.249435,587.0,314.420319,2387,244358.4642530123
2025-10-07T19:52:38.720504+00:00,919,560.78717,-20.008997,1.57905006,-13.46175,-5.95162821,4.04594755,6.20584106,2.17682672,57.339695,-554.812317,-58.1180344,35.7254944,-78.6980667,144.638031,588.0,314.676575,2387,244358.72050429528
2025-10-07T19:52:38.976756+00:00,919,559.263611,-19.8876095,1.53552341,-13.46175,-5.9402113,4.04344559,6.20519924,2.17721629,58.3740959,-553.222473,-57.5600853,35.725502,-78.6980438,144.080078,588.0,314.932831,2387,244358.97675557804
2025-10-07T19:52:39.233007+00:00,919,557.479797,-20.1293068,1.88741851,-13.0264978,-6.06171179,3.09562922,6.31758,1.13044226,55.7481651,-551.35022,-60.7357254,35.7254791,-78.6980286,147.255722,589.0,315.189087,2387,244359.23300686057
2025-10-07T19:52:39.489258+00:00,919,555.927429,-20.0314388,1.87293828,-13.0264978,-6.05464745,3.09532189,6.3168335,1.1315043,56.5409851,-549.731628,-60.4451294,35.7254868,-78.6980057,146.965118,589.0,315.445343,2387,244359.4892581431
2025-10-07T19:52:39.745509+00:00,919,554.191772,-20.200901,1.76819992,-12.415309,-6.11675787,2.43313909,6.27412271,1.40273392,54.7656136,-548.290527,-59.2179909,35.7254677,-78.6979904,145.737991,590.0,315.701569,2387,244359.74550942561
2025-10-07T19:52:40.001761+00:00,919,552.561279,-19.8921146,1.65115213,-11.7161064,-6.09931803,3.00695682,6.30838919,1.65591323,57.5981483,-546.484192,-57.9783401,35.7254944,-78.6979752,144.498337,591.0,315.957825,2387,244360.00176070814
2025-10-07T19:52:40.258012+00:00,919,550.999268,-19.7953186,1.6221137,-11.7161064,-6.09276724,3.00678968,6.3085556,1.65555155,58.3685799,-544.867737,-57.554287,35.725502,-78.6979523,144.07428,591.0,316.214081,2387,244360.25801197297
2025-10-07T19:52:40.514263+00:00,919,549.411438,-19.8261089,1.88814807,-11.3530111,-6.08450079,2.66093564,6.34984541,0.807847,57.8302231,-543.063843,-59.918869,35.7255,-78.697937,146.438858,592.0,316.470337,2387,244360.51426325573
2025-10-07T19:52:40.770515+00:00,919,547.852783,-19.7371979,1.8824836,-11.3530111,-6.07975292,2.66112638,6.35018063,0.8088606,58.5123177,-541.436646,-59.7109795,35.725502,-78.6979141,146.230972,592.0,316.726593,2387,244360.77051453848
2025-10-07T19:52:41.026766+00:00,919,546.404663,-19.4202271,1.81540656,-11.7330008,-5.9958024,3.26282501,6.33496332,0.970048904,61.3787498,-539.73407,-58.9731445,35.7255287,-78.6979,145.493134,593.0,316.982849,2387,244361.026765821
2025-10-07T19:52:41.283017+00:00,919,544.724243,-19.2996197,1.92107415,-12.0845299,-6.22523928,3.24247336,6.60810804,0.651490152,62.2973824,-537.834778,-59.8110847,35.7255363,-78.697876,146.331085,594.0,317.239075,2387,244361.28301710376
2025-10-07T19:52:41.539268+00:00,919,543.130188,-19.1919975,1.91992,-12.0845299,-6.21661711,3.2421658,6.60687113,0.651934147,63.1277504,-536.141785,-59.6435585,35.725544,-78.6978607,146.163544,594.0,317.495331,2387,244361.5392683863
2025-10-07T19:52:41.795520+00:00,919,541.491394,-19.2863541,1.67845762,-12.2253218,-6.34026957,2.72413135,6.58837938,1.37310219,62.1219635,-534.86853,-57.1791687,35.7255363,-78.6978455,143.699158,595.0,317.751587,2387,244361.79551966905
2025-10-07T19:52:42.051771+00:00,919,539.868225,-19.1924381,1.65756464,-12.2253218,-6.33198833,2.72447109,6.58613443,1.37236404,62.8199158,-533.180969,-56.8279724,35.7255402,-78.6978226,143.347961,595.0,318.007843,2387,244362.05177095157
2025-10-07T19:52:42.308022+00:00,919,538.634521,-19.9042091,1.56563437,-12.1043339,-6.05922937,0.784967,6.04237556,1.58499765,56.057415,-532.804443,-55.715477,35.7254829,-78.6978226,142.235474,596.0,318.264099,2387,244362.3080222341
2025-10-07T19:52:42.564274+00:00,919,537.378418,-19.090107,1.56159425,-11.9346724,-5.85681343,2.67467022,6.0966568,1.46720362,63.5096855,-530.698547,-55.6880112,35.7255478,-78.6978,142.208008,597.0,318.520355,2387,244362.56427351662
2025-10-07T19:52:42.820525+00:00,919,535.877869,-18.9978867,1.53626275,-11.9346724,-5.85231972,2.67428112,6.09797049,1.46712875,64.1951675,-529.135742,-55.3122063,35.7255554,-78.6977844,141.832199,597.0,318.776611,2387,244362.82052479914
2025-10-07T19:52:43.076776+00:00,919,534.531067,-18.6219902,1.32271314,-11.8831148,-5.71945429,3.40193224,6.03155231,1.97322249,67.571,-527.562134,-53.2526512,35.7255859,-78.6977615,139.772644,598.0,319.032837,2387,244363.07677608167
2025-10-07T19:52:43.333027+00:00,919,533.065918,-18.5086727,1.28195989,-11.8831148,-5.71181297,3.40073919,6.03302431,1.97279119,68.4420242,-526.015869,-52.7475,35.7255936,-78.6977463,139.267502,598.0,319.289093,2387,244363.3330273642
2025-10-07T19:52:43.589279+00:00,919,531.554504,-18.6677914,1.77205741,-12.170517,-5.90831232,2.62728643,6.26973391,0.503038466,66.6473236,-524.260071,-57.0945053,35.7255783,-78.697731,143.614502,599.0,319.545349,2387,244363.58927864672
2025-10-07T19:52:43.845530+00:00,919,530.209045,-18.1018715,1.95892632,-12.0856314,-5.73675585,3.79042101,6.35197,-0.0503187291,71.611824,-522.054626,-58.7570076,35.7256203,-78.6977,145.277008,600.0,319.801605,2387,244363.845529929
2025-10-07T19:52:44.101781+00:00,919,528.740295,-17.9733372,1.97575927,-12.0856314,-5.72598,3.7894907,6.3513813,-0.0480725,72.5823669,-520.427185,-58.768055,35.7256317,-78.6976852,145.288055,600.0,320.057861,2387,244364.10178121153
2025-10-07T19:52:44.358032+00:00,919,527.399292,-17.4991512,1.99999392,-12.2069492,-5.60343075,4.651896,6.39896822,-0.0933147222,76.7073212,-518.454956,-58.9104843,35.725666,-78.6976624,145.430481,601.0,320.314117,2387,244364.3580324943
2025-10-07T19:52:44.614284+00:00,919,525.964966,-17.3443069,2.01764607,-12.2069492,-5.58917189,4.65045071,6.39960432,-0.0923671,77.8979721,-516.815186,-58.9334183,35.7256775,-78.6976471,145.453415,601.0,320.570343,2387,244364.6142837768
2025-10-07T19:52:44.870535+00:00,919,524.505,-17.1530685,2.2175045,-12.0151405,-5.57830858,4.7192,6.47935295,-0.593497217,79.3512497,-514.912476,-60.6141586,35.7256927,-78.6976242,147.134155,602.0,320.826599,2387,244364.87053505957
2025-10-07T19:52:45.126786+00:00,919,523.074524,-16.9233761,2.3031981,-11.9967203,-5.56650448,4.87975883,6.53519487,-0.740085304,81.1784744,-513.09314,-61.2573395,35.725708,-78.6976,147.777344,603.0,321.082855,2387,244365.12678634233
2025-10-07T19:52:45.383038+00:00,919,521.65033,-16.7583199,2.34008837,-11.9967203,-5.5487628,4.87930727,6.53503,-0.73931694,82.4284439,-511.41861,-61.4462891,35.7257195,-78.6975861,147.966278,603.0,321.339111,2387,244365.38303762485
2025-10-07T19:52:45.639289+00:00,919,520.124817,-16.7988987,2.36431479,-12.1913729,-5.62686777,4.36901045,6.52257872,-0.684820712,81.8168106,-509.957,-61.4795418,35.7257118,-78.6975708,147.999542,604.0,321.595367,2387,244365.63928890738
2025-10-07T19:52:45.895540+00:00,919,518.68512,-16.6468277,2.40050101,-12.1913729,-5.61110163,4.36938095,6.5219,-0.684662879,82.9366379,-508.285797,-61.654747,35.7257233,-78.6975479,148.174744,604.0,321.851624,2387,244365.89554019013
2025-10-07T19:52:46.151791+00:00,919,517.2099,-16.4248142,2.09455085,-12.0203886,-5.62590885,4.55475807,6.47465134,0.244777218,84.7676,-506.820648,-58.7654114,35.7257385,-78.6975327,145.2854,605.0,322.107849,2387,244366.15179147266
2025-10-07T19:52:46.408043+00:00,919,515.7995,-16.6324883,2.08010244,-12.0358725,-5.63076591,3.70164227,6.31078148,0.320276499,82.6981277,-505.760712,-58.4490776,35.7257195,-78.697525,144.96907,606.0,322.364105,2387,244366.40804275518
2025-10-07T19:52:46.664294+00:00,919,514.358093,-16.4988422,2.08737302,-12.0358725,-5.61960888,3.70257926,6.31084156,0.319244385,83.6474686,-504.143402,-58.3678856,35.7257309,-78.6975,144.887878,606.0,322.620361,2387,244366.6642940377
2025-10-07T19:52:46.920545+00:00,919,512.89624,-16.8527527,1.73955059,-12.1565084,-5.64311218,2.60688901,6.0219593,1.29842162,80.3860168,-503.556244,-55.0615959,35.7257,-78.6975,141.581589,607.0,322.876617,2387,244366.92054532023
2025-10-07T19:52:47.176797+00:00,919,511.564,-16.3182735,1.61200488,-11.8052731,-5.57895565,3.61454487,6.13357162,1.56779492,84.9183,-501.58371,-53.8553276,35.7257423,-78.6974792,140.37532,608.0,323.132874,2387,244367.17679660275
2025-10-07T19:52:47.433048+00:00,919,510.120697,-16.4478779,1.07003534,-11.7159901,-5.57595778,3.05177951,5.89937878,2.97088981,83.6898346,-500.828583,-48.886673,35.7257309,-78.6974716,135.406662,609.0,323.38913,2387,244367.43304788528
2025-10-07T19:52:47.689299+00:00,919,508.874847,-15.7815475,1.39555478,-11.8760834,-5.49406672,4.30662,6.19040871,1.84208632,89.2251816,-498.314087,-51.7257729,35.7257805,-78.6974411,138.245773,610.0,323.645386,2387,244367.68929916757
2025-10-07T19:52:47.945550+00:00,919,507.468933,-15.6278553,1.35614669,-11.8760834,-5.47880793,4.30603361,6.19023657,1.8421787,90.3283157,-496.727875,-51.2537155,35.7257881,-78.6974258,137.773712,610.0,323.901611,2387,244367.9455504501
2025-10-07T19:52:48.201802+00:00,919,506.025909,-15.6887693,1.28952539,-12.0347061,-5.49722195,3.79108644,6.10280943,1.93044341,89.5606537,-495.468781,-50.5155067,35.7257843,-78.6974106,137.035492,611.0,324.157867,2387,244368.20180173262
2025-10-07T19:52:48.458053+00:00,919,504.618896,-15.5491552,1.24723983,-12.0347061,-5.48430967,3.79108953,6.10264826,1.93066847,90.5321503,-493.904968,-50.0206795,35.7257919,-78.6973953,136.54068,611.0,324.414124,2387,244368.45805301538
2025-10-07T19:52:48.714304+00:00,919,503.324738,-15.2634583,0.677796721,-12.410223,-5.38514853,4.17722845,5.98007,3.39658761,92.916,-492.628052,-44.9449959,35.7258148,-78.6973801,131.465,612.0,324.67038,2387,244368.7143042979
2025-10-07T19:52:48.970556+00:00,919,501.867767,-15.3344336,0.679936886,-12.4968519,-5.40421343,3.65418482,5.91660452,3.15876746,92.0357208,-491.315979,-44.8256569,35.7258072,-78.6973648,131.345642,613.0,324.926636,2387,244368.97055558066
2025-10-07T19:52:49.226807+00:00,919,500.484802,-15.1980686,0.599489868,-12.4968519,-5.38945198,3.65457964,5.91696358,3.15757728,92.9725494,-489.799591,-44.0173416,35.7258148,-78.6973495,130.537338,613.0,325.182892,2387,244369.22680686318
2025-10-07T19:52:49.483058+00:00,919,499.011932,-15.1146698,0.87608707,-12.1156244,-5.40369034,3.51607633,5.98998165,2.19267559,93.3416748,-488.013275,-46.2958527,35.7258186,-78.6973267,132.815842,614.0,325.439117,2387,244369.48305814594
2025-10-07T19:52:49.739309+00:00,919,497.628693,-14.9801579,0.824191391,-12.1156244,-5.39169693,3.51637077,5.99027109,2.19359469,94.2430496,-486.478241,-45.7332191,35.7258263,-78.6973114,132.25322,614.0,325.695374,2387,244369.73930942846
2025-10-07T19:52:49.995561+00:00,919,496.314026,-14.6443157,0.955226183,-12.3082094,-5.33446789,3.96354032,6.09329891,1.68725777,96.8134308,-484.527252,-46.7775421,35.7258492,-78.6972885,133.297531,615.0,325.95163,2387,244369.995560711
2025-10-07T19:52:50.251812+00:00,919,494.790405,-14.5287066,1.08883047,-12.6956282,-5.58169,3.79440761,6.36266,1.25699544,97.4595566,-482.736908,-47.7940979,35.725853,-78.6972656,134.314087,616.0,326.207886,2387,244370.2518119935
2025-10-07T19:52:50.508063+00:00,919,493.362061,-14.3808165,1.06549454,-12.6956282,-5.56724119,3.79448175,6.36124659,1.25810254,98.4317093,-481.106903,-47.4708786,35.7258644,-78.6972504,133.990875,616.0,326.464142,2387,244370.50806327604
2025-10-07T19:52:50.764315+00:00,919,491.875885,-14.0856762,1.18723834,-12.7852278,-5.50060844,4.13477182,6.42852592,0.866984427,100.582756,-479.04361,-48.3965797,35.7258835,-78.6972275,134.916565,617.0,326.720398,2387,244370.76431455856
2025-10-07T19:52:51.020566+00:00,919,490.468506,-13.9251747,1.17551434,-12.7852278,-5.48506975,4.13431644,6.42789602,0.868023574,101.641624,-477.39679,-48.1733055,35.7258911,-78.6972122,134.693298,617.0,326.976624,2387,244371.02056584109
2025-10-07T19:52:51.276817+00:00,919,489.231323,-14.1174498,0.644313753,-12.3391609,-5.39949274,3.41345882,6.05101347,2.22207165,99.9162674,-476.938385,-43.5181847,35.7258759,-78.6972046,130.038177,618.0,327.23288,2387,244371.2768171236
2025-10-07T19:52:51.533068+00:00,919,487.870605,-13.8705034,1.03310513,-11.9954605,-5.38216,3.62207079,6.20136595,1.04594767,101.595749,-474.882782,-46.716362,35.7258911,-78.6971817,133.236359,619.0,327.489136,2387,244371.53306840613
2025-10-07T19:52:51.789320+00:00,919,486.492889,-13.7245884,1.01537895,-11.9954605,-5.36984825,3.62231398,6.20155239,1.04661727,102.524132,-473.293518,-46.4478607,35.7259,-78.6971664,132.967865,619.0,327.745392,2387,244371.78931968866
2025-10-07T19:52:52.045571+00:00,919,485.049957,-13.6535311,1.36445951,-11.8656645,-5.40284204,3.4190588,6.29761505,0.0530936532,102.715202,-471.483612,-49.2571068,35.7259026,-78.6971436,135.7771,620.0,328.001648,2387,244372.04557097095
2025-10-07T19:52:52.301822+00:00,919,483.664,-13.4482927,1.39739776,-11.7217932,-5.40431213,3.55510068,6.35231543,0.00122739875,104.103989,-469.735901,-49.410881,35.725914,-78.6971283,135.930878,621.0,328.257904,2387,244372.3018222537
2025-10-07T19:52:52.558074+00:00,919,482.026398,-13.4046707,1.38457453,-12.2308846,-5.97113085,3.14989567,6.83300686,0.159151062,104.113029,-468.07608,-49.1400108,35.725914,-78.6971054,135.66,622.0,328.51416,2387,244372.55807353623
2025-10-07T19:52:52.814325+00:00,919,480.498016,-13.265214,1.39693952,-12.2308846,-5.95875549,3.15015745,6.83186197,0.159158751,104.920235,-466.325409,-49.0991096,35.7259216,-78.6970901,135.61911,622.0,328.770386,2387,244372.814324819
2025-10-07T19:52:53.070576+00:00,919,478.972534,-13.1248636,1.4093889,-12.2308846,-5.94744,3.15015745,6.83186197,0.159158751,105.727463,-464.574738,-49.0583229,35.7259293,-78.6970673,135.578323,622.0,329.026642,2387,244373.0705761015
2025-10-07T19:52:53.326827+00:00,919,477.803558,-13.0015793,1.80213845,-11.917552,-5.64174795,3.14065957,6.65047169,-0.932365954,106.362579,-462.879974,-52.2052269,35.7259331,-78.697052,138.72522,623.0,329.282898,2387,244373.32682738427
2025-10-07T19:52:53.583079+00:00,919,476.514954,-12.8931255,2.03614855,-11.3326225,-5.51869488,3.07182431,6.58545637,-1.46782541,106.886971,-461.22113,-54.0070457,35.7259407,-78.6970291,140.527039,624.0,329.539154,2387,244373.5830786668
2025-10-07T19:52:53.839330+00:00,919,475.102264,-12.7539616,2.09967542,-11.3326225,-5.50608253,3.07203364,6.58584213,-1.46528554,107.674431,-459.5336,-54.3810539,35.7259445,-78.6970139,140.901047,624.0,329.79541,2387,244373.83932994932
2025-10-07T19:52:54.095581+00:00,919,473.845154,-12.9042845,1.92077386,-11.5446053,-5.43854904,2.43630362,6.27237225,-0.789937258,106.231323,-458.760284,-52.7555,35.7259331,-78.6970062,139.275497,625.0,330.051666,2387,244374.09558123184
2025-10-07T19:52:54.351833+00:00,919,472.452393,-12.7859297,1.96329153,-11.5446053,-5.43033457,2.43715739,6.27326822,-0.790037632,106.856705,-457.152466,-52.9579811,35.7259407,-78.6969833,139.477982,625.0,330.307892,2387,244374.35183251437
2025-10-07T19:52:54.608084+00:00,919,471.084198,-12.5393105,2.20863986,-11.3692703,-5.39580536,2.71045637,6.39261198,-1.34456193,108.447861,-455.141083,-54.8271027,35.7259521,-78.6969604,141.347107,626.0,330.564148,2387,244374.6080837969
2025-10-07T19:52:54.864335+00:00,919,469.877167,-11.7475882,1.91584802,-10.706007,-5.29218102,4.23805618,6.61266851,-0.406264722,114.55452,-452.681671,-52.3559227,35.7260094,-78.6969376,138.875916,627.0,330.820404,2387,244374.86433507942
2025-10-07T19:52:55.120586+00:00,919,468.523376,-11.4246206,1.7987504,-10.6066618,-5.28199339,4.57125,6.67398548,-0.000940277474,116.814323,-450.821,-51.2736855,35.7260284,-78.6969147,137.793671,628.0,331.07666,2387,244375.12058636194
2025-10-07T19:52:55.376838+00:00,919,467.153473,-11.1768446,1.90223837,-10.4666109,-5.27622652,4.68703747,6.75568724,-0.248317301,118.396271,-448.9021,-51.9770813,35.7260437,-78.6968918,138.49707,629.0,331.332916,2387,244375.37683764446
2025-10-07T19:52:55.633089+00:00,919,465.804291,-10.9794426,1.92732382,-10.4666109,-5.25410557,4.6865716,6.75539,-0.248471111,119.596947,-447.171082,-52.0408325,35.7260551,-78.6968765,138.560822,629.0,331.589172,2387,244375.633088927
2025-10-07T19:52:55.889340+00:00,919,464.439331,-10.9329453,1.97184622,-10.3599453,-5.25537395,4.30903292,6.66763592,-0.301959425,119.597412,-445.724548,-52.2495193,35.7260551,-78.6968613,138.769516,630.0,331.845398,2387,244375.8893402095
2025-10-07T19:52:56.145591+00:00,919,463.192719,-10.3658962,1.82291639,-10.1262407,-5.15785933,5.28024626,6.83631516,0.21460411,123.737389,-443.442749,-50.9420967,35.7260895,-78.6968307,137.462097,631.0,332.101654,2387,244376.14559148412
2025-10-07T19:52:56.401843+00:00,919,461.909271,-10.6098633,1.87628031,-10.0924826,-5.16490698,4.09838295,6.50331116,0.0904088244,121.485085,-442.69455,-51.2163734,35.7260704,-78.6968231,137.736359,632.0,332.35791,2387,244376.40184276665
2025-10-07T19:52:56.658094+00:00,919,460.539886,-10.2822781,2.02889895,-9.99607849,-5.1442976,4.46186066,6.66994333,-0.338537335,123.616043,-440.546051,-52.2996101,35.7260895,-78.6968,138.819611,633.0,332.614166,2387,244376.65809404894
2025-10-07T19:52:56.914345+00:00,919,459.224365,-10.0870066,2.05738807,-9.99607849,-5.12303734,4.46202278,6.66994143,-0.338124573,124.759506,-438.836884,-52.3860817,35.7261,-78.696785,138.906067,633.0,332.870422,2387,244376.91434533146
2025-10-07T19:52:57.170597+00:00,919,457.921265,-9.74141216,2.35062122,-9.90978909,-5.06018114,4.83078527,6.85806561,-1.16314363,126.969719,-436.568024,-54.5798683,35.72612,-78.6967621,141.099869,634.0,333.126678,2387,244377.17059661375
2025-10-07T19:52:57.426848+00:00,919,456.627747,-9.53025723,2.40654802,-9.90978909,-5.03465557,4.83025789,6.85813093,-1.16172671,128.207214,-434.81076,-54.8766327,35.7261314,-78.6967392,141.396622,634.0,333.382935,2387,244377.4268478965
2025-10-07T19:52:57.683099+00:00,919,455.346252,-9.126647,2.27116704,-9.93174744,-4.9830513,5.34939146,6.93440723,-0.58871448,130.959137,-432.792755,-53.6690865,35.7261543,-78.6967163,140.189087,635.0,333.63916,2387,244377.68309917903
2025-10-07T19:52:57.939350+00:00,919,454.016266,-8.68541336,2.23962808,-9.74047375,-4.95828676,5.88654947,7.10761547,-0.385509551,133.925674,-430.53009,-53.2781715,35.7261848,-78.6966934,139.798157,636.0,333.895416,2387,244377.93935046156
2025-10-07T19:52:58.195602+00:00,919,452.750153,-8.43454075,2.27033353,-9.74047375,-4.92400503,5.88498163,7.10734129,-0.386292,135.432724,-428.709167,-53.377552,35.7261963,-78.6966705,139.897552,636.0,334.151672,2387,244378.19560174408
2025-10-07T19:52:58.451853+00:00,919,451.557129,-8.55032539,1.71233809,-9.61520576,-4.91511917,5.02785492,6.60786,1.32507813,134.369934,-428.323303,-48.8643417,35.7261887,-78.6966705,135.384338,637.0,334.407928,2387,244378.45185302684
2025-10-07T19:52:58.708104+00:00,919,450.337555,-8.37143803,1.4150157,-9.77726746,-4.89412355,4.94349766,6.50062513,2.10907245,135.429153,-426.976196,-46.4133263,35.7261963,-78.6966553,132.933319,638.0,334.664185,2387,244378.70810430936
2025-10-07T19:52:58.964356+00:00,919,449.192566,-8.07642174,0.858104765,-10.1308298,-4.81807661,5.17885637,6.40629244,3.56377029,137.430573,-425.589478,-41.9574814,35.7262154,-78.69664,128.477478,639.0,334.920441,2387,244378.9643555919
2025-10-07T19:52:59.220607+00:00,919,447.830872,-8.17215443,1.37446213,-9.95932102,-4.91447115,4.31570864,6.38174868,1.78123677,136.169479,-424.156403,-45.8445854,35.7262039,-78.6966248,132.364578,640.0,335.176666,2387,244379.22060688442
2025-10-07T19:52:59.476858+00:00,919,446.574432,-7.97294474,1.33158243,-9.95932102,-4.89208317,4.31636238,6.381567,1.78164375,137.275818,-422.521027,-45.3879547,35.7262115,-78.6966,131.907944,640.0,335.432922,2387,244379.47685816718
2025-10-07T19:52:59.733109+00:00,919,445.198334,-7.91902924,1.44357228,-10.1038828,-4.93607473,3.94337368,6.35797787,1.34240878,137.221146,-421.005157,-46.1148071,35.7262115,-78.6965866,132.634796,641.0,335.689178,2387,244379.73310944994
2025-10-07T19:52:59.989361+00:00,919,443.908112,-7.49338055,1.70932972,-9.85826683,-4.89573383,4.48708534,6.63466024,0.49972105,139.8806,-418.545532,-48.0363884,35.7262383,-78.6965561,134.556381,642.0,335.945435,2387,244379.98936073246
2025-10-07T19:53:00.245612+00:00,919,442.658051,-7.5160985,1.5823245,-9.63320541,-4.87464046,3.94363499,6.38670635,0.869018137,139.35556,-417.521545,-46.9251747,35.7262306,-78.6965485,133.445175,643.0,336.201691,2387,244380.24561201522
2025-10-07T19:53:00.501863+00:00,919,441.545197,-7.12236643,1.08131695,-9.61970234,-4.76861048,4.49554539,6.35978317,2.30682874,142.011383,-415.870636,-42.9718361,35.7262573,-78.6965332,129.491837,644.0,336.457947,2387,244380.5018632975
2025-10-07T19:53:00.758115+00:00,919,440.326416,-6.91206,1.01937199,-9.61970234,-4.74362469,4.49528551,6.36006498,2.30534124,143.163223,-414.240814,-42.3817062,35.726265,-78.6965103,128.901703,644.0,336.714172,2387,244380.7581145798
2025-10-07T19:53:01.014366+00:00,919,439.186829,-6.5642767,1.32684171,-10.3176022,-4.69582367,4.79138708,6.56459093,1.19048524,145.229858,-412.070892,-44.6200676,35.726284,-78.6964874,131.14006,645.0,336.970428,2387,244381.01436586233
2025-10-07T19:53:01.270617+00:00,919,437.958679,-6.22727728,1.13225007,-10.2811728,-4.68506956,5.0732007,6.645751,1.69932091,147.30069,-410.194946,-43.0167923,35.7263031,-78.6964645,129.536789,646.0,337.226685,2387,244381.27061713694
2025-10-07T19:53:01.526868+00:00,919,436.74826,-5.94845057,1.2626245,-10.5623713,-4.67085552,5.15278959,6.74765778,1.19219351,148.857986,-408.245392,-43.8871155,35.7263184,-78.6964417,130.407104,647.0,337.482941,2387,244381.52686841923
2025-10-07T19:53:01.783120+00:00,919,435.407318,-5.86613703,1.71268249,-10.799778,-4.73314285,4.70215511,6.81407261,-0.184252188,148.866013,-406.441833,-47.1537323,35.7263184,-78.6964264,133.673737,648.0,337.739197,2387,244381.78311970152
2025-10-07T19:53:02.039371+00:00,919,434.198,-5.63748646,1.73624849,-10.799778,-4.70564938,4.70237684,6.81375694,-0.18274267,150.071045,-404.695923,-47.1997643,35.7263298,-78.6964,133.719757,648.0,337.995453,2387,244382.0393709838
2025-10-07T19:53:02.295622+00:00,919,432.89624,-5.79297447,1.81572437,-10.788312,-4.76941681,3.76665759,6.5370574,-0.332476556,148.497025,-403.827606,-47.6555519,35.7263145,-78.6963959,134.175552,649.0,338.251709,2387,244382.29562226633
2025-10-07T19:53:02.551874+00:00,919,431.680206,-5.50506735,1.50735,-10.4137049,-4.75765467,4.00868225,6.53386879,0.622212291,150.198792,-402.174255,-45.2107887,35.7263298,-78.6963806,131.730774,650.0,338.507935,2387,244382.55187354886
2025-10-07T19:53:02.808125+00:00,919,430.41861,-5.3406167,1.9265132,-10.321681,-4.77987623,3.85060501,6.66096735,-0.580936551,150.798431,-400.244965,-48.2080154,35.7263336,-78.6963577,134.728012,651.0,338.764191,2387,244382.80812483138
2025-10-07T19:53:03.064376+00:00,919,429.124512,-5.27825,2.05956173,-10.2420378,-4.8076539,3.49134755,6.59785748,-0.849214554,150.742844,-398.770966,-49.0527306,35.7263336,-78.6963425,135.572723,652.0,339.020447,2387,244383.0643761139
2025-10-07T19:53:03.320627+00:00,919,427.895203,-5.08602667,2.1079638,-10.2420378,-4.78740215,3.49179816,6.59763908,-0.848348737,151.637802,-397.080322,-49.2697334,35.7263412,-78.6963196,135.789734,652.0,339.276703,2387,244383.32062739643
2025-10-07T19:53:03.576879+00:00,919,426.671021,-5.10661745,2.47240233,-10.3491316,-4.77380514,2.93617058,6.49977493,-1.77310693,150.949402,-395.697784,-51.8238029,35.7263374,-78.6963043,138.343796,653.0,339.532959,2387,244383.57687867896
2025-10-07T19:53:03.833130+00:00,919,425.471344,-4.74245358,2.24424815,-10.2832,-4.73026514,3.43943501,6.55817461,-0.86832279,153.117,-393.804321,-49.9920883,35.7263565,-78.6962891,136.512085,654.0,339.789215,2387,244383.83312996148
2025-10-07T19:53:04.089381+00:00,919,424.356049,-4.6236949,2.03243279,-10.5802193,-4.65993404,3.30589819,6.34287071,-0.105712846,153.597916,-392.622925,-48.3012238,35.7263603,-78.6962738,134.821228,655.0,340.045441,2387,244384.08938124377
2025-10-07T19:53:04.345633+00:00,919,423.164154,-4.43660355,2.05512476,-10.5802193,-4.64229155,3.30584455,6.34325361,-0.107019871,154.445099,-390.997314,-48.3293228,35.726368,-78.6962509,134.849319,655.0,340.301697,2387,244384.34563253654
2025-10-07T19:53:04.601884+00:00,919,421.976868,-4.24846554,2.07783031,-10.5802193,-4.62427568,3.30584455,6.34325361,-0.107019871,155.292221,-389.371857,-48.3567467,35.7263756,-78.6962357,134.87674,655.0,340.557953,2387,244384.6018838193
2025-10-07T19:53:04.858135+00:00,919,420.79422,-4.05926275,2.10064125,-10.5802193,-4.60610676,3.30584455,6.34325361,-0.107019871,156.139359,-387.746399,-48.3841705,35.7263832,-78.6962204,134.90416,655.0,340.814209,2387,244384.85813510182
2025-10-07T19:53:05.114386+00:00,919,419.616241,-3.86898971,2.12355709,-10.5802193,-4.58778477,3.30584455,6.34325361,-0.107019871,156.986481,-386.120911,-48.4115944,35.7263908,-78.6962,134.931595,655.0,341.070465,2387,244385.11438638458
2025-10-07T19:53:05.370638+00:00,919,418.591156,-3.81181788,1.33836544,-10.4442425,-4.49195576,3.13673592,5.95308733,1.82871556,157.208862,-385.603485,-42.5896301,35.7263947,-78.6962,129.109619,656.0,341.326721,2387,244385.37063766687
2025-10-07T19:53:05.626889+00:00,919,417.470062,-3.74119329,1.52175426,-10.5532579,-4.47314072,2.90089154,5.90069294,1.28173721,157.215668,-384.24707,-43.8030663,35.7263947,-78.6961823,130.323059,657.0,341.582947,2387,244385.62688894916
2025-10-07T19:53:05.883140+00:00,919,416.32547,-3.56737423,1.49378169,-10.5532579,-4.45813799,2.90167785,5.90160227,1.27980602,157.960083,-382.733978,-43.4768143,35.7264,-78.696167,129.996811,657.0,341.839203,2387,244385.8831402317
2025-10-07T19:53:06.139392+00:00,919,415.226532,-3.18763041,1.6686306,-11.0965328,-4.41267538,3.28307247,6.10006189,0.814662814,160.035477,-380.541046,-44.6122589,35.7264175,-78.6961365,131.132248,658.0,342.095459,2387,244386.13939151398
2025-10-07T19:53:06.395643+00:00,919,414.033783,-2.62126088,1.47051108,-11.6740856,-4.5874176,3.90095377,6.56655312,1.27007258,163.39357,-377.986542,-43.0432587,35.7264481,-78.6961136,129.563248,659.0,342.351715,2387,244386.3956427965
2025-10-07T19:53:06.651894+00:00,919,412.872833,-2.16538525,1.32545555,-11.4220486,-4.48714542,4.38654327,6.69770336,1.53575051,165.983521,-375.713501,-41.8667107,35.7264709,-78.6960831,128.386703,660.0,342.607971,2387,244386.65189407903
2025-10-07T19:53:06.908145+00:00,919,411.741,-2.30383348,1.72499704,-11.1750412,-4.46161413,3.63224912,6.43510771,0.508344173,164.510269,-374.802307,-44.6123581,35.7264595,-78.6960754,131.132355,661.0,342.864227,2387,244386.90814536155
2025-10-07T19:53:07.164397+00:00,919,410.600464,-2.09230471,1.72508574,-11.1750412,-4.43992329,3.63246202,6.43527699,0.509167,165.441177,-373.15329,-44.4815712,35.7264671,-78.6960602,131.001572,661.0,343.120483,2387,244387.16439663662
2025-10-07T19:53:07.420648+00:00,919,409.479675,-2.18867183,1.95318413,-11.0229664,-4.39116573,3.0083,6.16626024,-0.0656048059,164.295044,-372.244843,-45.983963,35.7264557,-78.6960449,132.503967,662.0,343.376709,2387,244387.42064791915
2025-10-07T19:53:07.676899+00:00,919,408.410614,-1.93089759,1.81576109,-10.8276386,-4.30810976,3.1952641,6.13477707,0.330407053,165.584259,-370.63031,-44.8805656,35.7264671,-78.6960297,131.400558,663.0,343.632965,2387,244387.67689920167
2025-10-07T19:53:07.933150+00:00,919,407.513489,-2.42853642,1.99212563,-11.3868542,-4.21712875,1.71631014,5.39764261,-0.144822419,161.933243,-371.11261,-46.046936,35.7264366,-78.6960373,132.566925,664.0,343.889221,2387,244387.93315048396
2025-10-07T19:53:08.189402+00:00,919,406.438141,-2.11976194,1.92212725,-11.4053984,-4.16279459,2.12882471,5.51090574,0.106504694,163.530548,-369.305664,-45.4209251,35.7264481,-78.6960144,131.940918,665.0,344.145477,2387,244388.1894017665
2025-10-07T19:53:08.445653+00:00,919,405.37262,-1.96834767,1.93599784,-11.4053984,-4.15209246,2.12931609,5.5115962,0.106567219,164.076508,-367.893066,-45.3936043,35.7264557,-78.696,131.913605,665.0,344.401733,2387,244388.445653049
2025-10-07T19:53:08.701904+00:00,919,404.353577,-1.77880359,1.88356471,-11.1645041,-4.08513546,2.24565458,5.48306,0.285477638,164.899429,-366.460938,-44.9042549,35.7264633,-78.6959839,131.424255,666.0,344.658,2387,244388.7019043313
2025-10-07T19:53:08.958156+00:00,919,403.454193,-1.51049459,1.48494112,-11.1878786,-3.98137403,2.57880831,5.41072,1.4188534,166.362762,-365.15,-42.0025673,35.7264748,-78.6959686,128.522568,667.0,344.914215,2387,244388.95815561383
2025-10-07T19:53:09.214407+00:00,919,402.404175,-1.32006884,1.57698309,-11.1407366,-3.97829556,2.61337423,5.48095417,1.05492568,167.121307,-363.58078,-42.5277596,35.7264824,-78.6959534,129.04776,668.0,345.170471,2387,244389.21440689635
2025-10-07T19:53:09.470658+00:00,919,401.322693,-1.01685691,1.63439131,-11.1539431,-3.97979069,2.90663862,5.67260599,0.830901802,168.583817,-361.67337,-42.7993164,35.7264938,-78.6959305,129.319305,669.0,345.426727,2387,244389.47065817888
2025-10-07T19:53:09.726909+00:00,919,400.304932,-0.832203269,1.6206342,-11.1539431,-3.96353459,2.90624166,5.67247105,0.831129372,169.328354,-360.219879,-42.5862923,35.7265,-78.6959152,129.106293,669.0,345.682983,2387,244389.7269094614
2025-10-07T19:53:09.983161+00:00,919,399.325073,-0.611093879,2.01531744,-11.5324364,-3.9229238,2.94681168,5.81232834,-0.333582431,170.195984,-358.399719,-45.2050209,35.7265091,-78.6958923,131.725021,670.0,345.93924,2387,244389.98316074416
2025-10-07T19:53:10.239412+00:00,919,398.256958,-0.208182722,2.11394715,-11.3208656,-3.91067123,3.42197132,6.094244,-0.517914116,172.236603,-356.161,-45.7438545,35.7265282,-78.6958694,132.263855,671.0,346.195496,2387,244390.23941202668
2025-10-07T19:53:10.495663+00:00,919,397.25766,0.00346903829,2.15139341,-11.3208656,-3.88894773,3.42109227,6.09370565,-0.516146,173.112808,-354.599884,-45.8751831,35.7265358,-78.6958542,132.395172,671.0,346.451721,2387,244390.49566330898
2025-10-07T19:53:10.751915+00:00,919,396.260162,0.396275818,2.47345257,-11.4221544,-3.85140395,3.78612018,6.38879395,-1.28850591,175.01503,-352.268066,-47.9487228,35.7265549,-78.6958237,134.468719,672.0,346.707977,2387,244390.75191459127
2025-10-07T19:53:11.008166+00:00,919,395.379486,1.31142175,2.36839318,-11.2253008,-3.72351694,5.33450842,7.0882225,-0.804069102,180.290039,-348.719788,-47.0635147,35.7266,-78.6957855,133.583511,673.0,346.964233,2387,244391.00816587356
2025-10-07T19:53:11.264417+00:00,919,394.372864,1.55852234,2.37359571,-11.5963421,-3.7485764,5.19181728,7.0640707,-0.676023185,181.33812,-347.046143,-46.9620285,35.7266121,-78.6957703,133.482025,674.0,347.22049,2387,244391.26441715585
2025-10-07T19:53:11.520668+00:00,919,393.403625,1.77045083,2.2902658,-11.570857,-3.75475979,5.00322342,6.95534,-0.321690738,182.206726,-345.581879,-46.2633209,35.7266197,-78.695755,132.783325,675.0,347.476746,2387,244391.52066843837
2025-10-07T19:53:11.776920+00:00,919,392.446564,2.05726695,2.32209206,-11.570857,-3.71551,5.00324965,6.95495224,-0.322193384,183.488647,-343.799774,-46.3460693,35.7266312,-78.6957321,132.866058,675.0,347.733,2387,244391.7769197209
2025-10-07T19:53:12.033171+00:00,919,391.603729,2.44580221,1.83972108,-12.0887403,-3.644521,5.28799438,6.90306377,1.08574283,185.578064,-342.155396,-42.9414749,35.7266502,-78.6957169,129.461472,676.0,347.989258,2387,244392.03317100342
2025-10-07T19:53:12.289422+00:00,919,390.519104,2.63701653,2.04388666,-11.7704983,-3.71961451,4.97833776,6.92742825,0.473008364,186.14888,-340.442352,-44.1901894,35.7266541,-78.695694,130.710175,677.0,348.245483,2387,244392.2894222857
2025-10-07T19:53:12.545674+00:00,919,389.504486,2.38806295,2.16012907,-11.8909149,-3.77708292,3.77312446,6.34598446,0.146474406,184.143555,-340.280334,-44.8799973,35.726635,-78.695694,131.4,678.0,348.50174,2387,244392.54567356824
2025-10-07T19:53:12.801925+00:00,919,388.491333,2.64406228,2.03770113,-11.4435892,-3.76467204,3.82491827,6.34344244,0.518485367,185.226059,-338.656189,-43.9185028,35.7266464,-78.6956787,130.438492,679.0,348.758,2387,244392.80192485076
2025-10-07T19:53:13.058176+00:00,919,387.530182,2.88677359,2.03703427,-11.4435892,-3.73739982,3.82557034,6.34366369,0.518292844,186.206635,-337.030487,-43.785778,35.7266541,-78.6956558,130.305771,679.0,349.014252,2387,244393.05817613305
2025-10-07T19:53:13.314427+00:00,919,386.500366,2.94643521,2.03536105,-11.527853,-3.76392102,3.40963674,6.15178585,0.516037822,186.064499,-335.941864,-43.6533279,35.7266541,-78.6956482,130.173325,680.0,349.270508,2387,244393.31442741558
2025-10-07T19:53:13.570679+00:00,919,385.609406,3.60311842,2.25745225,-11.6278744,-3.67481852,4.32374907,6.72865963,-0.0798420757,189.422,-332.852203,-44.981636,35.7266846,-78.69561,131.501633,681.0,349.526764,2387,244393.57067869834
2025-10-07T19:53:13.826930+00:00,919,384.61203,3.79444146,2.55415273,-11.7059622,-3.69185352,4.09195709,6.75224972,-0.826758265,189.952332,-331.137299,-46.8256531,35.7266884,-78.6955948,133.345642,682.0,349.783,2387,244393.82692998086
2025-10-07T19:53:14.083181+00:00,919,383.741791,4.18064737,2.29400039,-12.0068054,-3.63838148,4.39812756,6.79665661,0.0419251919,191.845291,-329.290497,-44.954834,35.7267036,-78.6955719,131.474823,683.0,350.039246,2387,244394.08318126362
2025-10-07T19:53:14.339433+00:00,919,382.814026,4.45756674,2.3127048,-12.0068054,-3.60311103,4.39791393,6.79631615,0.0415892191,192.972076,-327.549042,-44.944294,35.7267151,-78.6955566,131.464294,683.0,350.295502,2387,244394.3394325459
2025-10-07T19:53:14.595684+00:00,919,381.764252,4.56804609,2.43289757,-11.4943619,-3.67165041,3.98315644,6.68671846,-0.231029883,193.038513,-326.19043,-45.6056595,35.7267151,-78.6955414,132.125656,684.0,350.551758,2387,244394.5956838282
2025-10-07T19:53:14.851935+00:00,919,380.817505,4.95748806,2.30840945,-10.9875288,-3.63763547,4.2676363,6.81203365,0.192216769,194.822723,-324.151154,-44.6332,35.7267303,-78.6955185,131.153198,685.0,350.808,2387,244394.8519351105
2025-10-07T19:53:15.108186+00:00,919,379.907471,4.9064188,2.46532297,-11.0450048,-3.62893248,3.54495478,6.41936779,-0.215483,194.016663,-323.436371,-45.5645485,35.7267227,-78.6955109,132.084549,686.0,351.06427,2387,244395.10818639278
2025-10-07T19:53:15.364438+00:00,919,378.976501,5.26871681,2.46347713,-11.0264616,-3.59135389,3.80337,6.56666565,-0.124363527,195.593018,-321.410919,-45.4046898,35.726738,-78.695488,131.924683,687.0,351.320496,2387,244395.3644376753
2025-10-07T19:53:15.620689+00:00,919,378.060089,5.52736378,2.48912692,-11.0264616,-3.56097293,3.80353618,6.56670332,-0.124256529,196.567734,-319.72818,-45.4364891,35.7267494,-78.6954651,131.956482,687.0,351.576752,2387,244395.62068895783
2025-10-07T19:53:15.876940+00:00,919,377.004791,5.69622564,2.58707714,-11.4111786,-3.62124181,3.56067371,6.54126,-0.323959023,196.932556,-318.183075,-45.931839,35.7267494,-78.6954498,132.451828,688.0,351.833,2387,244395.87694024036
2025-10-07T19:53:16.133192+00:00,919,376.103333,5.98194408,2.48187304,-10.9855947,-3.56318712,3.66768289,6.52083874,0.0604846,198.08876,-316.512207,-45.1064491,35.7267609,-78.6954346,131.626434,689.0,352.089264,2387,244396.13319152288
2025-10-07T19:53:16.389443+00:00,919,375.169678,6.05820894,2.57795715,-10.7057676,-3.53086758,3.28520322,6.2865572,-0.167197555,197.988617,-315.392548,-45.6107941,35.7267609,-78.6954193,132.130783,690.0,352.34552,2387,244396.3894428054
2025-10-07T19:53:16.645694+00:00,919,374.322052,6.29536629,2.67247462,-10.4439907,-3.41862488,3.31794858,6.23443,-0.367615551,198.820343,-313.78772,-46.0949249,35.7267685,-78.6954041,132.614929,691.0,352.601776,2387,244396.6456940877
2025-10-07T19:53:16.901945+00:00,919,373.449219,6.53649282,2.70771885,-10.4439907,-3.39289546,3.31792808,6.23508167,-0.367233247,199.670731,-312.18988,-46.1889114,35.7267761,-78.6953812,132.708908,691.0,352.858032,2387,244396.90194537022
2025-10-07T19:53:17.158197+00:00,919,372.731323,6.78781891,2.7446208,-10.2287045,-3.19461894,3.43466663,6.10944796,-0.392984957,200.649841,-310.682587,-46.3102303,35.7267838,-78.6953659,132.830231,692.0,353.114258,2387,244397.15819665274
2025-10-07T19:53:17.414448+00:00,919,372.049042,7.26437902,2.77612042,-9.90622711,-2.98289633,4.0271163,6.30602026,-0.390077323,202.864487,-308.408783,-46.3737602,35.7268028,-78.695343,132.893753,693.0,353.370514,2387,244397.41444793527
2025-10-07T19:53:17.670699+00:00,919,371.378326,7.18256092,2.45425224,-9.93915939,-2.83587861,3.41773224,5.57008505,0.59791,202.163406,-308.375763,-44.2292747,35.7268,-78.695343,130.749268,694.0,353.62677,2387,244397.67069921803
2025-10-07T19:53:17.926951+00:00,919,370.741699,7.52984381,2.34082818,-9.75287628,-2.64974737,3.76822281,5.57847691,0.903163552,203.72966,-306.694427,-43.3841171,35.7268105,-78.6953201,129.904114,695.0,353.883026,2387,244397.92695050055
2025-10-07T19:53:18.183202+00:00,919,370.065735,7.77748966,2.32180285,-9.75287628,-2.62381172,3.7678237,5.57977104,0.902218461,204.695282,-305.264282,-43.1534157,35.7268219,-78.6953049,129.673401,695.0,354.139282,2387,244398.1832017833
2025-10-07T19:53:18.439453+00:00,919,369.645172,8.13725471,2.47084951,-10.0020294,-2.33022165,4.13106918,5.58840132,0.399029404,206.338928,-303.520111,-44.0152168,35.7268372,-78.6952896,130.535217,696.0,354.395538,2387,244398.4394530656
2025-10-07T19:53:18.695704+00:00,919,369.146973,8.32214642,2.61200666,-9.58373833,-2.14008951,4.0531311,5.39287663,-0.0333929472,206.998245,-302.342499,-44.83564,35.726841,-78.6952744,131.355637,697.0,354.651764,2387,244398.6957043479
2025-10-07T19:53:18.951956+00:00,919,368.708069,8.26496696,2.61369,-9.3172636,-1.97034597,3.48894143,4.79196835,-0.0292774308,206.447723,-302.188568,-44.8001938,35.7268372,-78.6952744,131.32019,698.0,354.90802,2387,244398.95195563018
2025-10-07T19:53:19.208207+00:00,919,368.308044,8.45897579,2.6585772,-9.26766396,-1.78224885,3.520087,4.6234746,-0.140860111,207.237473,-301.126587,-45.0137,35.7268448,-78.6952591,131.533691,699.0,355.164276,2387,244399.20820691247
2025-10-07T19:53:19.464458+00:00,919,367.853638,8.67934132,2.67730808,-9.26766396,-1.76209331,3.52000976,4.62483549,-0.140553832,208.139771,-299.941132,-45.049614,35.7268524,-78.6952515,131.569611,699.0,355.420532,2387,244399.464458195
2025-10-07T19:53:19.720709+00:00,919,367.649292,8.89862,2.33959889,-9.83084106,-1.48254621,3.71976185,4.29801607,0.876548648,209.291367,-299.211304,-42.8454475,35.7268639,-78.6952438,129.365448,700.0,355.676788,2387,244399.72070947752
2025-10-07T19:53:19.976961+00:00,919,367.400024,8.85094,2.42021513,-10.2858543,-1.3094883,3.23568845,3.78847623,0.547278,208.872589,-299.127136,-43.3358154,35.72686,-78.6952362,129.855804,701.0,355.933044,2387,244399.97696076005
2025-10-07T19:53:20.233212+00:00,919,367.141754,8.77492332,2.33813214,-10.7542648,-1.16232204,2.77009821,3.25235605,0.715622187,208.352524,-299.250854,-42.7928696,35.7268524,-78.6952438,129.312866,702.0,356.18927,2387,244400.23321204257
2025-10-07T19:53:20.489463+00:00,919,367.272095,9.38825,1.66278517,-11.4074783,-0.796869755,3.93090081,3.45360422,2.54541779,211.846436,-297.545471,-38.4263306,35.7268867,-78.6952209,124.946327,703.0,356.445526,2387,244400.4894633251
2025-10-07T19:53:20.745715+00:00,919,367.070496,9.59858227,1.56833684,-11.4074783,-0.774768114,3.93017912,3.45461321,2.54403949,212.853607,-296.659943,-37.7753296,35.7268944,-78.6952133,124.295326,703.0,356.701782,2387,244400.74571460762
2025-10-07T19:53:21.001966+00:00,919,367.23053,9.419734,2.48587608,-11.7960043,-0.541706741,3.1659925,2.9525342,-0.164461896,211.734909,-296.850983,-43.6590424,35.7268829,-78.6952133,130.179047,704.0,356.958038,2387,244401.0019658899
2025-10-07T19:53:21.258217+00:00,919,367.092651,9.59145832,2.49853086,-11.7960043,-0.530726,3.16516542,2.95422482,-0.163754195,212.546509,-296.093414,-43.7000885,35.7268906,-78.6952057,130.220078,704.0,357.214294,2387,244401.25821717244
2025-10-07T19:53:21.514468+00:00,919,366.958374,9.19473457,2.44613171,-11.292552,-0.44556722,2.18633199,2.10451961,-0.0582681671,210.415558,-297.489258,-43.4037933,35.7268715,-78.6952209,129.923782,705.0,357.470551,2387,244401.5144684552
2025-10-07T19:53:21.770720+00:00,919,367.110443,9.41149807,2.58164477,-12.2048788,0.00535390759,2.58773255,1.90447927,-0.441022605,211.590515,-296.717102,-44.2549324,35.7268829,-78.6952133,130.774933,706.0,357.726807,2387,244401.77071973795
2025-10-07T19:53:22.026971+00:00,919,367.112335,9.53987885,2.60198045,-12.2048788,0.0118123861,2.58804584,1.90570819,-0.440352321,212.254257,-296.22821,-44.3672791,35.7268906,-78.6952057,130.887268,706.0,357.983032,2387,244402.02697102047
2025-10-07T19:53:22.283222+00:00,919,367.379272,9.96707821,2.78524971,-13.0901079,-0.000687325257,3.0506711,2.34734106,-0.812509835,214.56665,-294.716431,-45.5073,35.7269096,-78.6951904,132.027298,707.0,358.239288,2387,244402.283222303
2025-10-07T19:53:22.539474+00:00,919,367.379974,10.1202965,2.82112622,-13.0901079,0.00916912779,3.05000782,2.3478682,-0.811502516,215.348175,-294.114624,-45.714325,35.7269173,-78.6951828,132.234314,707.0,358.495544,2387,244402.53947358576
2025-10-07T19:53:22.795725+00:00,919,367.411835,9.74969578,2.61953187,-13.0412741,0.0340787135,2.21840858,1.6052444,-0.303248078,213.514313,-295.675568,-44.4867516,35.726902,-78.6952,131.006744,708.0,358.751801,2387,244402.79572486828
2025-10-07T19:53:23.051976+00:00,919,367.274353,9.62693596,2.7590766,-12.7883472,0.00665666861,1.81511247,1.38766527,-0.593429267,212.747192,-295.92276,-45.3743553,35.7268944,-78.6952057,131.894348,709.0,359.008057,2387,244403.0519761508
2025-10-07T19:53:23.308227+00:00,919,367.276459,9.718,2.78487849,-12.7883472,0.01029013,1.816136,1.38871634,-0.593347,213.213242,-295.566376,-45.5263481,35.7269,-78.6952,132.046341,709.0,359.264313,2387,244403.30822743333
2025-10-07T19:53:23.564479+00:00,919,367.350281,9.63358593,2.53160095,-13.0112753,0.0763305426,1.60087109,1.05501962,0.00860900804,212.904068,-296.121185,-43.9355278,35.7268944,-78.6952057,130.455521,710.0,359.520538,2387,244403.56447871585
2025-10-07T19:53:23.820730+00:00,919,367.369873,9.71038723,2.53263235,-13.0112753,0.0780880898,1.6011641,1.05633461,0.0079337284,213.314957,-295.849915,-43.9340134,35.7269,-78.6952057,130.45401,710.0,359.776794,2387,244403.82072999838
2025-10-07T19:53:24.076981+00:00,919,367.383759,8.99732,2.19478083,-12.913497,0.0939262658,0.376229107,0.0486269481,0.7130844,209.704758,-298.732086,-41.879509,35.7268677,-78.6952362,128.399506,711.0,360.033051,2387,244404.0769812809
2025-10-07T19:53:24.333233+00:00,919,367.258423,8.68031597,2.35795212,-12.6436615,0.0554784238,-0.19549109,-0.243127108,0.275687128,207.914108,-299.67688,-42.9446945,35.7268486,-78.6952438,129.464691,712.0,360.289307,2387,244404.33323256343
2025-10-07T19:53:24.589484+00:00,919,367.272614,8.66889763,2.34639978,-12.6436615,0.0552914366,-0.193561122,-0.241391242,0.275511801,207.865677,-299.737946,-42.874279,35.7268486,-78.6952438,129.394272,712.0,360.545563,2387,244404.58948384595
2025-10-07T19:53:24.845735+00:00,919,367.241241,8.56083298,2.37899566,-12.0345917,0.0586129762,-0.355932772,-0.341840625,0.168986022,207.267563,-300.082306,-43.0917549,35.7268448,-78.6952515,129.611755,713.0,360.801819,2387,244404.84573512824
2025-10-07T19:53:25.101986+00:00,919,367.230927,8.67750931,2.3107779,-11.2030306,0.0588495173,-0.113210313,-0.195845336,0.317685336,207.898865,-299.697052,-42.6416,35.7268486,-78.6952438,129.161591,714.0,361.058044,2387,244405.10198641077
2025-10-07T19:53:25.358238+00:00,919,367.277771,8.42760944,1.98223555,-10.6393976,0.0831851363,-0.499297887,-0.591650665,1.09012425,206.707443,-300.861664,-40.5865326,35.7268372,-78.6952591,127.106529,715.0,361.314301,2387,244405.3582376933
2025-10-07T19:53:25.614489+00:00,919,367.428711,8.28914928,2.18441391,-11.2959,0.331418872,-0.602743447,-0.874430597,0.419330359,205.998123,-301.3508,-41.9085579,35.7268333,-78.6952667,128.428558,716.0,361.570557,2387,244405.61448897605
2025-10-07T19:53:25.870740+00:00,919,367.513428,8.2499485,2.16525888,-11.2959,0.331330717,-0.60284853,-0.873403966,0.419491738,205.843781,-301.574432,-41.801033,35.7268295,-78.6952667,128.32103,716.0,361.826813,2387,244405.8707402588
2025-10-07T19:53:26.126992+00:00,919,367.702423,8.16508579,1.9234606,-12.0294189,0.509099305,-0.571068227,-1.14118767,0.999437809,205.572,-302.195068,-40.2912331,35.7268295,-78.6952744,126.811226,717.0,362.083069,2387,244406.12699154133
2025-10-07T19:53:26.383243+00:00,919,367.91745,8.51459408,2.00760889,-12.4894981,0.620204091,0.238588765,-0.683885038,0.666879714,207.52034,-301.053589,-40.8081818,35.7268448,-78.6952591,127.328178,718.0,362.339325,2387,244406.38324282385
2025-10-07T19:53:26.639494+00:00,919,368.135071,8.28876305,2.16198826,-13.0604563,0.698566556,-0.162728027,-0.984995306,0.159209862,206.399033,-301.946655,-41.8460503,35.7268372,-78.6952667,128.366043,719.0,362.595581,2387,244406.6394941066
2025-10-07T19:53:26.895745+00:00,919,368.289276,8.66439247,1.74319637,-13.5542011,0.735575676,0.677881122,-0.591622174,1.24088657,208.599884,-300.983459,-39.1411934,35.7268562,-78.6952591,125.661194,720.0,362.851807,2387,244406.89574538913
2025-10-07T19:53:27.151997+00:00,919,368.477722,8.67413139,1.69059741,-13.5542011,0.736167073,0.676962852,-0.591375411,1.24033439,208.77298,-301.135193,-38.8236732,35.7268562,-78.6952591,125.343674,720.0,363.108063,2387,244407.15199667166
2025-10-07T19:53:27.408248+00:00,919,368.405518,8.47960949,1.79761589,-14.0237455,0.658241868,0.231235653,-0.75426954,0.837366462,207.671829,-301.716492,-39.5248222,35.7268486,-78.6952667,126.044815,721.0,363.364319,2387,244407.40824795418
2025-10-07T19:53:27.664499+00:00,919,368.729,9.20728207,1.98596668,-14.690177,0.772177696,1.61144245,0.145649686,0.313447833,211.642197,-299.189911,-40.6702,35.7268829,-78.6952362,127.190201,722.0,363.620575,2387,244407.6644992367
2025-10-07T19:53:27.920751+00:00,919,368.876282,9.10608196,2.02615786,-15.153307,0.782223701,1.33096957,-0.0483016297,0.171079129,211.181931,-299.657227,-40.9569054,35.7268791,-78.6952438,127.476898,723.0,363.876831,2387,244407.92075051923
2025-10-07T19:53:28.177002+00:00,919,368.781525,9.25633907,1.7582463,-15.571476,0.712846458,1.50632548,0.0845538899,0.794482172,211.997177,-299.197876,-39.2127151,35.7268867,-78.6952362,125.732712,724.0,364.133087,2387,244408.17700180176
2025-10-07T19:53:28.433253+00:00,919,368.964325,9.30789852,1.7245115,-15.571476,0.714124322,1.50591469,0.0847725943,0.794227302,212.38298,-299.17627,-39.0093269,35.7268906,-78.6952362,125.529327,724.0,364.389313,2387,244408.43325308428
2025-10-07T19:53:28.689504+00:00,919,368.982361,8.85451794,1.93078959,-16.1467953,0.692304254,0.608001888,-0.455088764,0.224263296,209.943924,-300.732605,-40.3912086,35.7268677,-78.6952591,126.911201,725.0,364.645569,2387,244408.68950436657
2025-10-07T19:53:28.945756+00:00,919,369.18335,8.02186203,1.55891848,-16.1915779,0.767218351,-0.755480111,-1.56521261,0.980704784,205.738663,-304.160492,-38.1359787,35.7268295,-78.6953,124.655975,726.0,364.901825,2387,244408.9457556491
2025-10-07T19:53:29.202007+00:00,919,369.400848,8.13484192,0.940255165,-16.4419384,0.821255,-0.392545074,-1.5167197,2.25469136,206.61911,-304.298431,-34.1757851,35.7268372,-78.6953,120.695786,727.0,365.158081,2387,244409.20200692394
2025-10-07T19:53:29.458258+00:00,919,369.148621,8.26995659,1.35774851,-16.7741947,0.69028616,-0.195296168,-1.11432362,1.16202927,207.095749,-303.359375,-36.8126,35.726841,-78.6952896,123.332596,728.0,365.414337,2387,244409.45825820623
2025-10-07T19:53:29.714509+00:00,919,369.325653,8.23952484,1.3079586,-16.7741947,0.691382766,-0.195604011,-1.11406994,1.16219521,207.0457,-303.644867,-36.51474,35.726841,-78.6952896,123.034737,728.0,365.670593,2387,244409.71450948852
2025-10-07T19:53:29.970761+00:00,919,368.972534,7.90042305,1.2180258,-17.0883846,0.571583629,-0.778547108,-1.365242,1.26146615,205.06102,-304.628754,-35.9452,35.7268257,-78.6953,122.465195,729.0,365.926819,2387,244409.97076077104
2025-10-07T19:53:30.227012+00:00,919,368.928833,7.79546165,0.967326641,-17.1698952,0.601798117,-0.840364814,-1.48133457,1.6906606,204.535706,-305.112976,-34.3469925,35.7268181,-78.6953049,120.866989,730.0,366.183075,2387,244410.22701206358
2025-10-07T19:53:30.483263+00:00,919,369.083771,7.73633957,0.89652735,-17.1698952,0.604693115,-0.840219736,-1.48014593,1.6900121,204.321228,-305.492188,-33.9144859,35.7268181,-78.6953125,120.434479,730.0,366.439331,2387,244410.4832633461
2025-10-07T19:53:30.739515+00:00,919,369.063202,7.55722713,1.76942432,-17.5150986,0.608780503,-1.11347044,-1.43223846,-0.333329916,203.12587,-305.589752,-39.5276642,35.7268066,-78.6953125,126.047653,731.0,366.695587,2387,244410.73951462863
2025-10-07T19:53:30.995766+00:00,919,369.218964,7.48868465,1.77861691,-17.5150986,0.609559119,-1.11378384,-1.43110311,-0.331385672,202.840759,-305.956238,-39.6113243,35.7268028,-78.6953125,126.131317,731.0,366.951843,2387,244410.99576591115
2025-10-07T19:53:31.252017+00:00,919,368.9953,7.83006811,2.18273544,-17.7765846,0.54103905,-0.519759595,-0.846509755,-1.14663851,204.42807,-304.288574,-42.132782,35.7268181,-78.6953,128.652771,732.0,367.208099,2387,244411.2520171939
2025-10-07T19:53:31.508268+00:00,919,369.091278,8.31578541,1.95070755,-17.9888115,0.610064566,0.397215635,-0.39670518,-0.561027,207.142944,-302.773682,-40.5991287,35.7268448,-78.695282,127.119125,733.0,367.464355,2387,244411.50826847643
2025-10-07T19:53:31.764520+00:00,919,369.251038,8.43920326,2.17239571,-18.1742725,0.695865,0.623035848,-0.282415688,-1.00169039,207.821655,-302.309052,-42.0206795,35.7268486,-78.6952744,128.54068,734.0,367.720581,2387,244411.76451975896
2025-10-07T19:53:32.020771+00:00,919,369.120392,8.46607304,2.13227963,-18.5124207,0.664989114,0.632806659,-0.262500137,-0.828562558,207.903275,-302.131439,-41.7457047,35.7268486,-78.6952744,128.265701,735.0,367.976837,2387,244412.02077104148
2025-10-07T19:53:32.277022+00:00,919,369.29071,8.48021,2.16269803,-18.5124207,0.664636254,0.632063389,-0.261997133,-0.828413785,208.064896,-302.198883,-41.9579353,35.7268524,-78.6952744,128.477936,735.0,368.233093,2387,244412.27702233402
2025-10-07T19:53:32.533274+00:00,919,369.488739,8.78519917,2.64497304,-18.8884621,0.763320148,1.09724712,0.0963513479,-1.79900324,209.636765,-300.909821,-45.0293427,35.7268639,-78.6952591,131.549347,736.0,368.489349,2387,244412.53327361678
2025-10-07T19:53:32.789525+00:00,919,369.585083,8.63360119,2.16425848,-19.0138569,0.775611579,0.873277128,-0.255239546,-0.6442976,209.045,-301.878876,-41.9818954,35.72686,-78.6952667,128.501892,737.0,368.745605,2387,244412.78952489953
2025-10-07T19:53:33.045776+00:00,919,369.759491,8.25730228,2.15475774,-19.3897572,0.806947,0.266285866,-0.719523609,-0.593373299,207.144287,-303.39798,-41.9882698,35.7268448,-78.6952896,128.50827,738.0,369.001862,2387,244413.0457761823
2025-10-07T19:53:33.302027+00:00,919,369.966217,8.24962521,2.17472744,-19.3897572,0.80650717,0.266416311,-0.71859473,-0.593798816,207.212936,-303.581909,-42.140789,35.7268448,-78.6952896,128.660782,738.0,369.258087,2387,244413.30202746458
2025-10-07T19:53:33.558279+00:00,919,370.172913,8.24189091,2.19461966,-19.3897572,0.806707561,0.266416311,-0.71859473,-0.593798816,207.281204,-303.766052,-42.2929497,35.7268448,-78.6952896,128.812943,738.0,369.514343,2387,244413.5582787471
2025-10-07T19:53:33.814530+00:00,919,369.958,8.20730209,2.06642151,-19.7892094,0.691800892,0.170518294,-0.686608374,-0.290581554,207.015717,-303.801422,-41.4503937,35.726841,-78.6952896,127.97039,739.0,369.770599,2387,244413.8145300294
2025-10-07T19:53:34.070781+00:00,919,369.604828,8.34803295,2.32096672,-20.0114384,0.0745680779,0.0350854956,0.033946082,-0.710313857,207.488678,-302.828491,-43.0242462,35.7268448,-78.695282,129.54425,740.0,370.026855,2387,244414.07078131192
2025-10-07T19:53:34.327033+00:00,919,369.642303,8.28330517,1.96507204,-20.130249,0.38142705,0.143677086,-0.366050422,-0.00430279179,207.274826,-303.334076,-40.7558861,35.7268448,-78.695282,127.275879,741.0,370.283112,2387,244414.32703259445
2025-10-07T19:53:34.583284+00:00,919,369.740295,8.27984905,1.96355808,-20.130249,0.381869644,0.143897638,-0.366362453,-0.00481590861,207.311798,-303.428,-40.7574158,35.7268448,-78.6952896,127.277412,741.0,370.539368,2387,244414.58328387697
2025-10-07T19:53:34.839535+00:00,919,369.838165,8.27638912,1.96200156,-20.130249,0.381875962,0.143897638,-0.366362453,-0.00481590861,207.348663,-303.521881,-40.7586479,35.7268448,-78.6952896,127.278641,741.0,370.795593,2387,244414.8395351595
2025-10-07T19:53:35.095786+00:00,919,369.936035,8.27293,1.96044576,-20.130249,0.38188228,0.143897638,-0.366362453,-0.00481590861,207.385544,-303.615784,-40.7598839,35.7268448,-78.6952896,127.279877,741.0,371.051849,2387,244415.09578644225
2025-10-07T19:53:35.352038+00:00,919,370.073242,7.81707573,2.56762862,-20.2032681,0.55118382,-0.443572104,-0.799420476,-1.14136267,204.831619,-304.955444,-44.7257881,35.7268219,-78.6953049,131.245789,742.0,371.308105,2387,244415.35203771733
2025-10-07T19:53:35.608289+00:00,919,370.212433,7.78406811,2.60978842,-20.2032681,0.548820138,-0.445051908,-0.796189487,-1.14015186,204.717377,-305.158203,-45.0169525,35.7268219,-78.6953049,131.536942,742.0,371.564362,2387,244415.60828899985
2025-10-07T19:53:35.864540+00:00,919,370.353241,7.75099516,2.65204573,-20.2032681,0.550086617,-0.445051908,-0.796189487,-1.14015186,204.603333,-305.362213,-45.3091164,35.7268181,-78.6953049,131.829117,742.0,371.820618,2387,244415.86454028237
2025-10-07T19:53:36.120792+00:00,919,370.494354,7.7179451,2.69427013,-20.2032681,0.551351607,-0.445051908,-0.796189487,-1.14015186,204.489288,-305.566254,-45.6012802,35.7268181,-78.6953125,132.121277,742.0,372.076874,2387,244416.1207915649
2025-10-07T19:53:36.377043+00:00,919,369.124847,8.28928375,3.05929017,-20.5172462,-0.245749891,-0.131596744,0.452602923,-1.53516006,206.65358,-302.113556,-47.6953735,35.7268372,-78.6952744,134.215363,743.0,372.33313,2387,244416.37704283974
2025-10-07T19:53:36.633294+00:00,919,369.056305,8.52331448,2.23680782,-20.6188374,0.110030107,0.438444763,0.189718261,-0.155826986,208.138412,-301.799927,-42.3999939,35.7268524,-78.6952667,128.919983,744.0,372.589355,2387,244416.63329412226
2025-10-07T19:53:36.889545+00:00,919,369.078888,7.24507284,2.67207527,-20.9793606,-0.192233667,-1.42395878,-0.571108639,-0.89779067,201.176453,-306.090668,-45.3408203,35.7267876,-78.6953125,131.860809,745.0,372.845612,2387,244416.8895454048
2025-10-07T19:53:37.145797+00:00,919,368.848785,7.75441551,1.79815972,-21.1818867,0.144784495,-0.481055707,-0.575651407,0.600785494,204.056381,-304.691833,-39.6651,35.7268143,-78.6953,126.185097,746.0,373.101868,2387,244417.1457966971
2025-10-07T19:53:37.402048+00:00,919,368.886,7.72620487,1.7730583,-21.1818867,0.144715145,-0.481208503,-0.574821949,0.600089,203.933044,-304.839294,-39.5118294,35.7268143,-78.6953049,126.03183,746.0,373.358124,2387,244417.40204797985
2025-10-07T19:53:37.658299+00:00,919,368.602203,6.98222,2.25050521,-21.5016861,-0.288738728,-1.76334715,-0.751076818,-0.353916854,199.637131,-306.91391,-42.62,35.7267761,-78.6953278,129.14,747.0,373.61438,2387,244417.65829926237
2025-10-07T19:53:37.914551+00:00,919,368.5289,6.90685844,2.26464963,-21.5016861,-0.284790903,-1.76177156,-0.75173825,-0.353633404,199.186371,-307.10611,-42.7103806,35.7267723,-78.6953278,129.230377,747.0,373.870636,2387,244417.91455054513
2025-10-07T19:53:38.170802+00:00,919,368.456238,6.83133793,2.27883053,-21.5016861,-0.282208413,-1.76177156,-0.75173825,-0.353633404,198.734924,-307.298737,-42.8010025,35.7267685,-78.6953278,129.321,747.0,374.126862,2387,244418.1708018279
2025-10-07T19:53:38.427053+00:00,919,368.384247,6.75578642,2.29301333,-21.5016861,-0.279624403,-1.76177156,-0.75173825,-0.353633404,198.283463,-307.491364,-42.8916206,35.7267647,-78.6953354,129.411621,747.0,374.383118,2387,244418.4270531104
2025-10-07T19:53:38.683304+00:00,919,368.312927,6.68020391,2.30719733,-21.5016861,-0.277038902,-1.76177156,-0.75173825,-0.353633404,197.832,-307.684021,-42.9822388,35.7267609,-78.6953354,129.502228,747.0,374.639374,2387,244418.68330439294
2025-10-07T19:53:38.939556+00:00,919,368.490112,6.87368,1.85130847,-21.814188,0.126239762,-1.16184163,-0.962167859,0.44877255,199.10936,-307.465363,-40.0685081,35.7267723,-78.6953278,126.588501,748.0,374.89563,2387,244418.93955567546
2025-10-07T19:53:39.195807+00:00,919,368.039337,7.02884912,2.19908643,-21.7130051,-0.291239381,-1.13290441,-0.364901334,-0.169667259,199.599243,-306.317566,-42.2216,35.7267761,-78.6953201,128.741592,749.0,375.151886,2387,244419.19580695799
2025-10-07T19:53:39.452058+00:00,919,367.85495,7.33366632,2.38828754,-21.7119522,-0.491389751,-0.779970407,0.142312855,-0.449021667,201.077484,-304.965576,-43.371769,35.7267876,-78.6953049,129.891769,750.0,375.408142,2387,244419.4520582405
2025-10-07T19:53:39.708310+00:00,919,367.711731,8.32319641,1.79335392,-21.7542973,-0.591471374,0.602995157,1.04004085,0.714544833,206.453659,-301.716888,-39.4427681,35.7268372,-78.6952667,125.962761,751.0,375.664368,2387,244419.70830952303
2025-10-07T19:53:39.964561+00:00,919,367.560486,8.36693096,1.76809883,-21.7542973,-0.589138687,0.60272491,1.03846,0.713878334,206.607574,-301.450958,-39.2600403,35.7268372,-78.6952667,125.780029,751.0,375.920624,2387,244419.96456080556
2025-10-07T19:53:40.220812+00:00,919,367.409637,8.41078281,1.74278879,-21.7542973,-0.58801955,0.60272491,1.03846,0.713878334,206.762024,-301.184845,-39.0771065,35.726841,-78.6952591,125.597107,751.0,376.17688,2387,244420.22081208063
2025-10-07T19:53:40.477063+00:00,919,367.116058,8.5045433,2.04163861,-20.1046543,-0.56379354,0.647552609,1.1180135,0.12604256,207.005051,-300.411835,-40.9372063,35.726841,-78.6952515,127.457199,752.0,376.433136,2387,244420.47706336316
2025-10-07T19:53:40.733315+00:00,919,366.904907,8.4048872,2.41716886,-18.8029861,-0.587748766,0.379092246,1.06549132,-0.604464,206.242508,-300.34494,-43.3145599,35.7268333,-78.6952515,129.834564,753.0,376.689392,2387,244420.73331464545
2025-10-07T19:53:40.989566+00:00,919,366.698273,8.48656,2.41078663,-17.4854698,-0.637237132,0.421863496,1.14487779,-0.520786703,206.559357,-299.885376,-43.2394,35.7268372,-78.6952438,129.759399,754.0,376.945648,2387,244420.98956592797
2025-10-07T19:53:41.245817+00:00,919,366.535187,8.52603817,2.43555284,-17.4854698,-0.636096895,0.421975434,1.14464319,-0.520273864,206.667496,-299.592133,-43.372509,35.7268372,-78.6952438,129.892502,754.0,377.201904,2387,244421.2458172105
2025-10-07T19:53:41.502068+00:00,919,366.263031,8.44989491,2.50935459,-16.3636456,-0.751787,0.145748749,1.11168242,-0.631320179,206.088837,-299.593048,-43.8181801,35.7268333,-78.6952438,130.338165,755.0,377.45813,2387,244421.50206849325
2025-10-07T19:53:41.758320+00:00,919,366.071045,8.47945881,2.53901839,-16.3636456,-0.749736845,0.14670068,1.11072755,-0.631073117,206.126663,-299.308533,-43.9796333,35.7268333,-78.6952438,130.499634,755.0,377.714386,2387,244421.75831977578
2025-10-07T19:53:42.014571+00:00,919,365.731781,8.20293427,2.67419696,-15.3584461,-0.910406709,-0.530348,0.883273304,-0.900633454,204.433685,-299.928223,-44.8294601,35.7268181,-78.6952515,131.349457,756.0,377.970642,2387,244422.01457105853
2025-10-07T19:53:42.270822+00:00,919,365.353516,8.14905453,2.60782099,-14.6947937,-1.07333076,-0.707569301,0.914496779,-0.594773591,203.960434,-299.857758,-44.3696709,35.7268143,-78.6952438,130.889664,757.0,378.226898,2387,244422.27082234106
2025-10-07T19:53:42.527074+00:00,919,365.079163,8.1457777,2.63713479,-14.6947937,-1.07142544,-0.705802917,0.913869381,-0.594991565,203.780197,-299.623444,-44.52211,35.7268143,-78.6952438,131.042114,757.0,378.483154,2387,244422.52707362358
2025-10-07T19:53:42.783325+00:00,919,364.696228,7.95189285,2.23590231,-14.159503,-1.24628019,-1.1200881,0.673897386,0.599237561,202.673523,-300.276306,-41.9634438,35.7268028,-78.6952515,128.483444,758.0,378.73941,2387,244422.78332490634
2025-10-07T19:53:43.039576+00:00,919,364.250519,7.9070549,2.20027494,-13.386672,-1.40853691,-1.25077343,0.775331795,0.65917331,202.200348,-300.092,-41.6925774,35.7268,-78.6952515,128.21257,759.0,378.995636,2387,244423.03957618886
2025-10-07T19:53:43.295827+00:00,919,363.845856,7.33324957,2.20644188,-12.9697447,-1.48819089,-2.45122051,0.100404732,0.563487768,198.940201,-301.767059,-41.7523842,35.7267685,-78.6952667,128.272369,760.0,379.251892,2387,244423.2958274714
2025-10-07T19:53:43.552079+00:00,919,363.386,7.26184702,2.40482545,-12.7612429,-1.5767113,-2.50618863,0.260144502,-0.054180555,198.248871,-301.498688,-42.9572067,35.7267609,-78.6952667,129.477203,761.0,379.508148,2387,244423.5520787539
2025-10-07T19:53:43.808330+00:00,919,362.982635,7.18280554,2.41312051,-12.7612429,-1.57310379,-2.50488949,0.25985384,-0.0536112115,197.607452,-301.431946,-42.9706688,35.726757,-78.6952667,129.490662,761.0,379.764404,2387,244423.80833003644
2025-10-07T19:53:44.064581+00:00,919,362.621948,6.76247501,2.13445902,-12.5220728,-1.57508194,-3.2162137,-0.2923989,0.768313169,195.265335,-302.765198,-41.2233047,35.7267342,-78.695282,127.743301,762.0,380.02066,2387,244424.06458131896
2025-10-07T19:53:44.320833+00:00,919,362.160095,6.53619337,2.06903839,-12.3001137,-1.63158023,-3.48510051,-0.397854984,0.882601,193.831848,-303.192657,-40.7845421,35.7267227,-78.695282,127.304535,763.0,380.276917,2387,244424.3208326115
2025-10-07T19:53:44.577084+00:00,919,361.751,6.22491455,2.02632189,-12.6351147,-1.64121234,-3.89774895,-0.629855752,0.911194384,191.965836,-303.928284,-40.5035286,35.7267075,-78.6952896,127.023529,764.0,380.533142,2387,244424.57708389426
2025-10-07T19:53:44.833335+00:00,919,361.27359,5.9214139,2.13968849,-12.3980103,-1.67036688,-4.28186607,-0.757517,0.492670268,190.058243,-304.466309,-41.1915779,35.7266884,-78.6953,127.711578,765.0,380.789398,2387,244424.833335177
2025-10-07T19:53:45.089586+00:00,919,360.847168,5.75753,2.12459397,-12.3980103,-1.65834808,-4.28088617,-0.757427,0.492984653,188.9617,-304.660187,-41.0651131,35.7266808,-78.6953,127.585114,765.0,381.045654,2387,244425.08958645977
2025-10-07T19:53:45.345838+00:00,919,360.373901,5.31422901,1.96089876,-12.201334,-1.63607514,-4.8717227,-1.15805495,0.892881453,186.384689,-305.822754,-40.0319939,35.7266541,-78.6953125,126.551987,766.0,381.30191,2387,244425.34583774206
2025-10-07T19:53:45.602089+00:00,919,359.943573,4.84707737,2.02618575,-11.4760532,-1.59009969,-5.46937943,-1.48828518,0.613179147,183.630768,-306.926788,-40.4359,35.7266312,-78.6953278,126.955902,767.0,381.558167,2387,244425.60208902459
2025-10-07T19:53:45.858340+00:00,919,359.570648,4.23929358,2.02449918,-11.2281694,-1.5000695,-6.29432964,-1.9979676,0.540982723,180.156677,-308.543976,-40.4381523,35.7266,-78.695343,126.958145,768.0,381.814423,2387,244425.85834030688
2025-10-07T19:53:46.114592+00:00,919,359.158142,4.02660799,2.0673821,-11.1442909,-1.4824928,-6.1946907,-1.91074336,0.36936453,178.785202,-308.829742,-40.6772,35.7265892,-78.695343,127.197197,769.0,382.070679,2387,244426.11459158917
2025-10-07T19:53:46.370843+00:00,919,358.78186,3.76810312,2.05548239,-11.1442909,-1.4541477,-6.19418621,-1.91026056,0.369687349,177.198273,-309.319061,-40.5823364,35.7265739,-78.6953506,127.102333,769.0,382.326904,2387,244426.37084287193
2025-10-07T19:53:46.627094+00:00,919,358.411682,3.3074832,2.08943582,-11.0828953,-1.38819468,-6.64251518,-2.16182423,0.231615722,174.499741,-310.395,-40.7888527,35.7265472,-78.6953659,127.308853,770.0,382.58316,2387,244426.62709415445
2025-10-07T19:53:46.883345+00:00,919,358.060913,3.12569666,1.9330858,-10.8368597,-1.34824562,-6.39822865,-2.09956384,0.649801493,173.38063,-310.74646,-39.7923737,35.7265396,-78.6953659,126.31237,771.0,382.839417,2387,244426.88334543697
2025-10-07T19:53:47.139597+00:00,919,357.769836,2.58864927,2.11728168,-10.6511049,-1.25855756,-7.00189257,-2.38516688,0.0568014272,170.252975,-311.988556,-40.9431915,35.7265091,-78.6953812,127.463188,772.0,383.095673,2387,244427.13959671205
2025-10-07T19:53:47.395848+00:00,919,357.436554,2.4926486,1.96947217,-11.0633173,-1.24577641,-6.52473974,-2.18096924,0.481800586,169.608826,-312.080231,-39.9958954,35.7265053,-78.6953812,126.515892,773.0,383.351929,2387,244427.39584799457
2025-10-07T19:53:47.652099+00:00,919,357.12149,2.21414733,1.95206392,-11.0633173,-1.2128551,-6.52493477,-2.18092871,0.481635332,167.936737,-312.639099,-39.8725662,35.72649,-78.6953888,126.392563,773.0,383.608185,2387,244427.6520992771
2025-10-07T19:53:47.908351+00:00,919,356.896576,1.8272649,2.07519317,-11.2331724,-1.10293841,-6.75258303,-2.32386,0.0846304,165.670929,-313.491699,-40.635807,35.7264709,-78.6954,127.155807,774.0,383.86441,2387,244427.90835055962
2025-10-07T19:53:48.164602+00:00,919,356.618317,1.53658044,2.07368422,-11.2331724,-1.0677253,-6.75277567,-2.32336378,0.0850770846,163.940521,-314.087,-40.6137161,35.7264519,-78.6954041,127.133713,774.0,384.120667,2387,244428.16460185216
2025-10-07T19:53:48.420853+00:00,919,356.467438,0.934295058,1.88445342,-11.256588,-0.918984711,-7.36777163,-2.77950883,0.56077075,160.590591,-315.788422,-39.4636612,35.7264252,-78.6954269,125.983658,775.0,384.376923,2387,244428.4208531349
2025-10-07T19:53:48.677104+00:00,919,356.237885,0.484449297,2.06670141,-11.3106804,-0.853385448,-7.66320753,-2.86507702,0.0271182526,157.941498,-316.721313,-40.5897217,35.7264,-78.6954346,127.109718,776.0,384.633179,2387,244428.67710441767
2025-10-07T19:53:48.933356+00:00,919,356.025146,0.148869783,2.06652331,-11.3106804,-0.806098759,-7.66198,-2.86415601,0.0277297869,155.978806,-317.454895,-40.582325,35.7263832,-78.6954422,127.102318,776.0,384.889435,2387,244428.93335570043
2025-10-07T19:53:49.189607+00:00,919,355.843903,-0.261474341,1.71570611,-11.2917137,-0.737022519,-7.77711535,-3.03846812,0.913324594,153.698212,-318.631256,-38.4170303,35.7263603,-78.6954575,124.937027,777.0,385.145691,2387,244429.18960698295
2025-10-07T19:53:49.445858+00:00,919,355.661407,-0.604868114,1.67855978,-11.2917137,-0.686764956,-7.77648592,-3.03781104,0.911935568,151.705963,-319.409302,-38.1842537,35.7263451,-78.6954651,124.704254,777.0,385.401917,2387,244429.44585826524
2025-10-07T19:53:49.702110+00:00,919,355.484497,-0.909825206,2.21726656,-11.5612574,-0.665903151,-7.76050711,-2.82905149,-0.510752082,149.781631,-319.706818,-41.4999657,35.726326,-78.6954651,128.019958,778.0,385.658173,2387,244429.70210954777
2025-10-07T19:53:49.958361+00:00,919,355.238708,-1.25441456,2.23630905,-11.5411053,-0.671517074,-7.79282665,-2.78465652,-0.495428413,147.736374,-320.371246,-41.602829,35.7263069,-78.6954727,128.122833,779.0,385.914429,2387,244429.95836083006
2025-10-07T19:53:50.214612+00:00,919,355.102631,-1.88431561,1.92893612,-11.437974,-0.598483384,-8.36291885,-3.12501335,0.326985508,144.206619,-322.063385,-39.7179947,35.7262764,-78.6954956,126.237991,780.0,386.170685,2387,244430.21461211258
2025-10-07T19:53:50.470863+00:00,919,354.896667,-2.07389355,1.82802093,-11.4099522,-0.6182639,-7.98930693,-2.93244958,0.55831635,143.075836,-322.418518,-39.0801735,35.726265,-78.6954956,125.600174,781.0,386.426941,2387,244430.4708633951
2025-10-07T19:53:50.727115+00:00,919,354.768951,-1.75168455,1.7594831,-11.1840391,-0.650049806,-6.50399685,-2.29577112,0.688568652,144.862015,-321.53302,-38.6331902,35.7262802,-78.695488,125.153183,782.0,386.683197,2387,244430.72711467763
2025-10-07T19:53:50.983366+00:00,919,354.60376,-2.17782617,1.93781042,-11.1386881,-0.613850892,-6.84929037,-2.3652308,0.129426703,142.342468,-322.341827,-39.7265816,35.7262573,-78.6954956,126.246574,783.0,386.939453,2387,244430.9833659604
2025-10-07T19:53:51.239617+00:00,919,354.459503,-2.48305798,1.66906714,-11.0495358,-0.575878918,-6.83379078,-2.44461918,0.869489,140.621185,-323.137909,-38.0673332,35.7262421,-78.6955,124.587326,784.0,387.195679,2387,244431.23961723546
2025-10-07T19:53:51.495869+00:00,919,354.316895,-2.78310633,1.63400257,-11.0495358,-0.53733176,-6.83381891,-2.44471169,0.868919253,138.869949,-323.764374,-37.8449249,35.7262268,-78.6955109,124.364914,784.0,387.451935,2387,244431.495868518
2025-10-07T19:53:51.752120+00:00,919,354.189362,-3.17975116,1.82599676,-11.1766891,-0.499597877,-7.08592319,-2.46363068,0.23081395,136.51799,-324.48465,-39.0212059,35.7262077,-78.6955185,125.541199,785.0,387.708191,2387,244431.7521198005
2025-10-07T19:53:52.008371+00:00,919,354.06662,-3.49027681,1.81735039,-11.1766891,-0.458778054,-7.08547783,-2.46375918,0.231336385,134.702591,-325.116,-38.961525,35.7261887,-78.6955261,125.481522,785.0,387.964447,2387,244432.00837108304
2025-10-07T19:53:52.264622+00:00,919,353.834869,-3.90617919,1.83006871,-11.4277992,-0.467636675,-7.36154461,-2.50085306,0.178222477,132.23584,-325.868195,-39.0221024,35.7261696,-78.6955338,125.542099,786.0,388.220703,2387,244432.26462236556
2025-10-07T19:53:52.520874+00:00,919,353.720856,-4.22828865,1.82367265,-11.4277992,-0.423709482,-7.36031961,-2.50079846,0.179204389,130.350739,-326.508881,-38.9754829,35.7261505,-78.6955414,125.495476,786.0,388.476959,2387,244432.52087364832
2025-10-07T19:53:52.777125+00:00,919,353.680725,-4.84148359,1.8351922,-11.6487913,-0.295077682,-7.98666811,-2.78602648,0.126788482,126.811836,-327.847504,-39.0492134,35.72612,-78.6955566,125.569206,787.0,388.733185,2387,244432.77712493108
2025-10-07T19:53:53.033376+00:00,919,353.641022,-4.78993082,1.47762215,-11.6257114,-0.256730855,-7.07494402,-2.57997012,1.00523043,127.176453,-327.917969,-36.8500786,35.7261238,-78.6955566,123.370071,788.0,388.989441,2387,244433.0333762136
2025-10-07T19:53:53.289627+00:00,919,353.580444,-5.10270309,1.43645239,-11.6257114,-0.215298355,-7.0758934,-2.57974744,1.00351262,125.362823,-328.579071,-36.5938034,35.7261047,-78.6955643,123.1138,788.0,389.245697,2387,244433.28962749636
2025-10-07T19:53:53.545879+00:00,919,353.593628,-5.42937469,1.38611758,-11.5392618,-0.131592184,-7.08820581,-2.62927485,1.02219474,123.493416,-329.334198,-36.2881508,35.7260895,-78.6955719,122.808151,789.0,389.501953,2387,244433.54587877888
2025-10-07T19:53:53.802130+00:00,919,353.440186,-5.82976961,1.47737336,-12.0510759,-0.323961735,-7.33851194,-2.42592931,0.714492857,121.104813,-329.9953,-36.8334885,35.7260666,-78.6955795,123.353485,790.0,389.758209,2387,244433.80213006164
2025-10-07T19:53:54.058381+00:00,919,353.363129,-6.1507926,1.44880557,-12.0510759,-0.278992683,-7.33780193,-2.42714667,0.71472615,119.224716,-330.617218,-36.6501884,35.7260513,-78.6955872,123.170181,790.0,390.014465,2387,244434.05838134416
2025-10-07T19:53:54.314633+00:00,919,353.173248,-6.48641,1.30837893,-12.7741966,-0.452521682,-7.40547752,-2.24747133,1.0059303,117.243347,-331.218933,-35.7684898,35.7260323,-78.6955948,122.288483,791.0,390.270691,2387,244434.31463262692
2025-10-07T19:53:54.570884+00:00,919,353.064209,-6.80785799,1.26850712,-12.7741966,-0.405631691,-7.40407705,-2.24996924,1.00549078,115.346977,-331.795685,-35.5111885,35.726017,-78.6956,122.031181,791.0,390.526947,2387,244434.57088390944
2025-10-07T19:53:54.827135+00:00,919,353.258453,-8.05918789,1.92193305,-13.377284,-0.263857067,-9.26673508,-2.64562821,-0.593875349,107.955627,-334.028748,-39.5212097,35.7259483,-78.6956253,126.041206,792.0,390.783203,2387,244434.82713519197
2025-10-07T19:53:55.083386+00:00,919,353.328583,-8.33481598,1.93243027,-12.9051666,-0.095705539,-8.98608303,-2.68778443,-0.570028543,106.357155,-334.6073,-39.5882187,35.7259331,-78.6956329,126.108215,793.0,391.039459,2387,244435.0833864745
2025-10-07T19:53:55.339638+00:00,919,353.426483,-8.97663307,1.71646905,-12.9039745,0.0744805783,-9.44003677,-2.9596374,-0.024202833,102.65773,-336.017578,-38.2606277,35.7259026,-78.6956482,124.780624,794.0,391.295715,2387,244435.33963775702
2025-10-07T19:53:55.595889+00:00,919,353.44281,-8.76983356,1.75297856,-12.3730145,0.0631183907,-8.20881939,-2.59516597,-0.102778517,103.873047,-335.634705,-38.4913406,35.725914,-78.6956406,125.011337,795.0,391.551971,2387,244435.59588903954
2025-10-07T19:53:55.852140+00:00,919,353.46582,-9.12766743,1.75833583,-12.3730145,0.116659418,-8.20959091,-2.59516835,-0.102881402,101.769028,-336.299774,-38.5177116,35.7258949,-78.6956482,125.037704,795.0,391.808228,2387,244435.85214032207
2025-10-07T19:53:56.108392+00:00,919,353.540741,-9.68611,1.77807939,-12.1150789,0.218526289,-8.61293411,-2.72743511,-0.140535712,98.4854202,-337.341614,-38.6307945,35.7258644,-78.6956635,125.150787,796.0,392.064453,2387,244436.1083916046
2025-10-07T19:53:56.364643+00:00,919,353.604248,-10.061307,1.78482425,-12.1150789,0.277463108,-8.61309433,-2.72728896,-0.140471354,96.2782211,-338.040466,-38.6667557,35.7258453,-78.6956711,125.186752,796.0,392.320709,2387,244436.3646428871
2025-10-07T19:53:56.620894+00:00,919,353.852509,-10.9893732,1.89731264,-12.4242334,0.471235096,-9.74167347,-3.04767752,-0.404015839,90.8002853,-339.733124,-39.3486862,35.7257957,-78.6956863,125.868683,797.0,392.576965,2387,244436.62089416987
2025-10-07T19:53:56.877145+00:00,919,353.947418,-11.0998516,1.85168278,-12.1281033,0.447654843,-9.07937622,-2.84588504,-0.243077785,90.1755676,-340.029907,-39.0743713,35.7257881,-78.695694,125.59436,798.0,392.833221,2387,244436.87714545263
2025-10-07T19:53:57.133397+00:00,919,354.070526,-11.4941368,1.86248934,-12.1281033,0.51347506,-9.07910442,-2.84624553,-0.243077412,87.8491,-340.759155,-39.1366,35.725769,-78.6957,125.656601,798.0,393.089478,2387,244437.1333967354
2025-10-07T19:53:57.389648+00:00,919,354.21048,-11.8881483,1.87320828,-12.1281033,0.578809142,-9.07910442,-2.84624553,-0.243077412,85.5225677,-341.488525,-39.1988869,35.7257462,-78.6957092,125.718887,798.0,393.345734,2387,244437.3896480179
2025-10-07T19:53:57.645899+00:00,919,354.32077,-11.3225098,1.57910848,-11.8645401,0.503033102,-7.08716297,-2.4258163,0.481243551,88.9980698,-340.912811,-37.4300156,35.7257767,-78.6957,123.950012,799.0,393.601959,2387,244437.64589930043
2025-10-07T19:53:57.902151+00:00,919,354.660492,-12.059185,1.92833829,-12.6303635,0.669467807,-7.96018457,-2.61529183,-0.404378,84.5927887,-342.1427,-39.5791359,35.7257385,-78.6957169,126.099136,800.0,393.858215,2387,244437.9021505832
2025-10-07T19:53:58.158402+00:00,919,354.838348,-12.40518,1.94478524,-12.6303635,0.720078945,-7.96123409,-2.61576366,-0.403385758,82.5517197,-342.81311,-39.6818733,35.7257195,-78.6957245,126.201874,800.0,394.114471,2387,244438.15840186572
2025-10-07T19:53:58.414653+00:00,919,355.029327,-12.7506609,1.96124184,-12.6303635,0.77049458,-7.96123409,-2.61576366,-0.403385758,80.5116425,-343.483398,-39.785244,35.7257,-78.6957321,126.305237,800.0,394.370728,2387,244438.41465314824
2025-10-07T19:53:58.670904+00:00,919,355.233215,-13.0957651,1.97760892,-12.6303635,0.820826173,-7.96123409,-2.61576366,-0.403385758,78.4715652,-344.153687,-39.8886108,35.7256813,-78.6957397,126.408607,800.0,394.626984,2387,244438.67090443076
2025-10-07T19:53:58.927156+00:00,919,355.108521,-12.4806166,1.57777607,-12.0260496,0.618532121,-6.19272804,-2.1742909,0.474586785,82.2376709,-343.41922,-37.4468575,35.7257156,-78.6957321,123.96685,801.0,394.88324,2387,244438.92715571352
2025-10-07T19:53:59.183407+00:00,919,355.247955,-12.7605991,1.38412368,-12.1104727,0.646103501,-6.20175934,-2.20798135,0.832785249,80.6211548,-344.074341,-36.2516289,35.7257042,-78.6957397,122.771622,802.0,395.139465,2387,244439.18340699605
2025-10-07T19:53:59.439658+00:00,919,355.453705,-12.9638758,1.23714709,-12.1295481,0.679382801,-6.06364298,-2.20828128,1.06682825,79.4693604,-344.647766,-35.3536186,35.7256927,-78.6957397,121.873611,803.0,395.395721,2387,244439.43965827857
2025-10-07T19:53:59.695910+00:00,919,355.631744,-13.2289286,1.19274616,-12.1295481,0.710007668,-6.06446934,-2.20849252,1.0658021,77.9147,-345.213806,-35.081089,35.7256775,-78.6957474,121.601089,803.0,395.651978,2387,244439.69590956086
2025-10-07T19:53:59.952161+00:00,919,355.817596,-13.4936008,1.14826965,-12.1295481,0.740454,-6.06446934,-2.20849252,1.0658021,76.360672,-345.779724,-34.8079758,35.725666,-78.695755,121.327972,803.0,395.908234,2387,244439.9521608434
2025-10-07T19:54:00.208412+00:00,919,355.79303,-13.6676302,0.688939095,-12.4194956,0.567753732,-5.89764786,-2.05149722,1.9937762,75.3866272,-346.243317,-31.9547558,35.7256546,-78.6957626,118.474747,804.0,396.16449,2387,244440.2084121259
2025-10-07T19:54:00.464663+00:00,919,356.315582,-13.9305515,-0.561422,-12.4326544,0.863992274,-5.78013182,-2.43515658,4.55714893,74.1101608,-347.67981,-24.2332172,35.7256432,-78.6957779,110.753212,805.0,396.420746,2387,244440.46466340867
2025-10-07T19:54:00.720915+00:00,919,356.413757,-14.2392035,-0.125839472,-12.4607582,0.835130155,-5.9330349,-2.32892728,3.13972187,72.1826859,-347.988068,-26.9210472,35.7256279,-78.6957779,113.44104,806.0,396.677,2387,244440.72091469142
2025-10-07T19:54:00.977166+00:00,919,356.632294,-14.4993267,-0.254957825,-12.4607582,0.870651,-5.9330945,-2.32862687,3.13870788,70.6622925,-348.584717,-26.117588,35.7256126,-78.6957855,112.637581,806.0,396.933228,2387,244440.97716597395
2025-10-07T19:54:01.233417+00:00,919,356.918091,-14.9983816,0.167284623,-11.8755493,0.950084746,-6.42620468,-2.36511183,1.83021367,67.5999146,-349.27887,-28.7236233,35.7255859,-78.6957932,115.243622,807.0,397.189484,2387,244441.2334172567
2025-10-07T19:54:01.489669+00:00,919,357.165863,-15.2770796,0.0917599797,-11.8755493,0.984900236,-6.42564154,-2.36463261,1.83280563,65.9536896,-349.884796,-28.2525806,35.7255707,-78.6958,114.772575,807.0,397.44574,2387,244441.48966853923
2025-10-07T19:54:01.745920+00:00,919,357.402496,-15.8173609,0.103029497,-11.9712582,1.06257403,-6.9700737,-2.45996094,1.62925029,62.6816177,-350.723297,-28.2973614,35.7255402,-78.6958084,114.817352,808.0,397.702,2387,244441.745919822
2025-10-07T19:54:02.002171+00:00,919,357.679657,-16.1174355,0.0361036509,-11.9712582,1.10208762,-6.96834803,-2.45918608,1.6320138,60.8971634,-351.353302,-27.8773155,35.7255249,-78.695816,114.397308,808.0,397.958252,2387,244442.0021711045
2025-10-07T19:54:02.258422+00:00,919,357.967224,-16.417223,-0.0304207373,-11.9712582,1.14219844,-6.96834803,-2.45918608,1.6320138,59.111515,-351.98349,-27.4591103,35.7255096,-78.6958237,113.979103,808.0,398.214508,2387,244442.25842239728
2025-10-07T19:54:02.514674+00:00,919,358.325836,-16.8578739,0.531106114,-11.7797737,1.23702121,-7.28799057,-2.43643332,0.158200547,56.3552628,-352.510773,-30.9462719,35.7254829,-78.6958313,117.466263,809.0,398.470734,2387,244442.51467368004
2025-10-07T19:54:02.770925+00:00,919,358.647614,-17.1680622,0.523649,-11.7797737,1.27705061,-7.28618574,-2.43569469,0.164903179,54.4897537,-353.134918,-30.8983727,35.7254677,-78.6958389,117.418365,809.0,398.727,2387,244442.7709249628
2025-10-07T19:54:03.027176+00:00,919,359.004364,-17.6563454,0.515620053,-11.4532728,1.34695661,-7.63842297,-2.49322844,0.174242914,51.520813,-353.948,-30.8313541,35.725441,-78.6958466,117.351349,810.0,398.983246,2387,244443.02717624555
2025-10-07T19:54:03.283428+00:00,919,359.370819,-17.4332409,0.728248715,-11.5218601,1.3376404,-6.55302429,-2.30530477,-0.354962975,52.9193039,-353.990479,-32.2132,35.7254524,-78.6958466,118.7332,811.0,399.239502,2387,244443.2834275283
2025-10-07T19:54:03.539679+00:00,919,359.717743,-17.711729,0.741928816,-11.5218601,1.37081289,-6.55465555,-2.30570364,-0.352876902,51.2388115,-354.581482,-32.3022308,35.7254372,-78.6958542,118.822227,811.0,399.495758,2387,244443.5396788106
2025-10-07T19:54:03.795930+00:00,919,360.050781,-17.8526211,1.08311188,-11.4639826,1.40293777,-6.30032921,-2.20703578,-1.13727093,50.3477936,-354.844635,-34.4524078,35.7254295,-78.6958542,120.972404,812.0,399.752,2387,244443.79593009313
2025-10-07T19:54:04.052181+00:00,919,360.414154,-18.1189251,1.12808371,-11.4639826,1.43391514,-6.30165577,-2.20723701,-1.13469589,48.7320633,-355.410492,-34.7413559,35.7254143,-78.6958618,121.261353,812.0,400.00824,2387,244444.05218137565
2025-10-07T19:54:04.308433+00:00,919,360.912476,-18.9288254,1.06926513,-11.1778193,1.57907474,-7.41866493,-2.42491031,-0.867285371,43.7539558,-356.601501,-34.3336182,35.7253685,-78.6958771,120.853615,813.0,400.264496,2387,244444.3084326505
2025-10-07T19:54:04.564684+00:00,919,361.271881,-18.9883308,0.990317583,-10.7920732,1.57546353,-6.87922907,-2.37424326,-0.598927379,43.4397469,-357.048309,-33.865696,35.7253685,-78.6958771,120.385696,814.0,400.520752,2387,244444.56468393278
2025-10-07T19:54:04.820935+00:00,919,361.680145,-19.2768307,1.01390243,-10.7920732,1.61132085,-6.87903547,-2.37401104,-0.599660039,41.6770821,-357.656586,-34.019619,35.7253532,-78.6958847,120.539612,814.0,400.777,2387,244444.8209352153
2025-10-07T19:54:05.077186+00:00,919,362.078369,-19.4331398,0.739898384,-10.6682596,1.63002801,-6.57155228,-2.40829659,0.144697651,40.7916908,-358.319031,-32.3151474,35.7253418,-78.6958923,118.835144,815.0,401.033264,2387,244445.0771864976
2025-10-07T19:54:05.333438+00:00,919,362.500214,-19.7089176,0.733440697,-10.6682596,1.66269433,-6.57228661,-2.4081037,0.142667815,39.1070633,-358.936035,-32.2799034,35.7253265,-78.6959,118.799896,815.0,401.28952,2387,244445.33343778012
2025-10-07T19:54:05.589689+00:00,919,363.04245,-20.1659374,0.532326818,-10.7359514,1.74416947,-6.9507122,-2.51644039,0.643842876,36.3224678,-359.887848,-31.0040932,35.7253036,-78.6959076,117.524086,816.0,401.545776,2387,244445.58968906288
2025-10-07T19:54:05.845940+00:00,919,363.449249,-20.3102798,0.462011397,-10.2684584,1.72181749,-6.6217,-2.45136547,0.748640478,35.4647903,-360.420135,-30.5767708,35.725296,-78.6959152,117.096764,817.0,401.802,2387,244445.8459403454
2025-10-07T19:54:06.102192+00:00,919,363.894775,-20.5865459,0.431404352,-10.2684584,1.75562465,-6.6219449,-2.45167971,0.747186244,33.7677193,-361.048279,-30.3861504,35.7252808,-78.6959229,116.906143,817.0,402.058258,2387,244446.10219162793
2025-10-07T19:54:06.358443+00:00,919,364.396393,-21.0924778,1.09858799,-10.1181936,1.82823944,-7.18695211,-2.34886336,-1.04974115,30.4917297,-361.467316,-34.5886459,35.7252502,-78.6959305,121.108643,818.0,402.314514,2387,244446.35844291068
2025-10-07T19:54:06.614694+00:00,919,364.869904,-21.3877506,1.13960803,-10.1181936,1.86696112,-7.18609953,-2.34930062,-1.04651582,28.6508961,-362.06955,-34.854702,35.725235,-78.6959381,121.374695,818.0,402.57077,2387,244446.6146941932
2025-10-07T19:54:06.870945+00:00,919,365.339966,-21.8815098,1.08024728,-10.0331059,1.93278325,-7.63655,-2.41044736,-0.77717334,25.5606689,-362.812256,-34.4561691,35.7252045,-78.6959457,120.976166,819.0,402.827026,2387,244446.87094547573
2025-10-07T19:54:07.127197+00:00,919,365.840698,-22.193182,1.11063433,-10.0331059,1.97520196,-7.63452387,-2.41028857,-0.775035858,23.6058426,-363.43,-34.6532745,35.7251892,-78.6959534,121.173264,819.0,403.083282,2387,244447.12719675826
2025-10-07T19:54:07.383448+00:00,919,366.352295,-22.5042305,1.14114594,-10.0331059,2.01769638,-7.63452387,-2.41028857,-0.775035858,21.6494846,-364.047607,-34.8518791,35.7251701,-78.6959534,121.371872,819.0,403.339508,2387,244447.3834480331
2025-10-07T19:54:07.639699+00:00,919,366.812531,-22.7568855,0.991917729,-9.33700752,2.03954268,-7.50459433,-2.43315887,-0.34051007,20.0893879,-364.689026,-33.9083405,35.7251587,-78.695961,120.428337,820.0,403.595764,2387,244447.63969931562
2025-10-07T19:54:07.895951+00:00,919,367.340271,-23.0614262,1.00517809,-9.33700752,2.07965,-7.50407839,-2.43253779,-0.342114955,18.1671276,-365.312256,-33.9971,35.7251396,-78.6959686,120.517097,820.0,403.85202,2387,244447.89595059815
2025-10-07T19:54:08.152202+00:00,919,367.895752,-23.396925,0.939467549,-8.73356342,2.15257812,-7.56917,-2.48121738,-0.157998309,16.0555096,-366.008209,-33.5783157,35.7251205,-78.6959763,120.098312,821.0,404.108276,2387,244448.15220188067
2025-10-07T19:54:08.408453+00:00,919,368.526276,-23.6470013,0.619700372,-8.84122467,2.24131608,-7.43105459,-2.5977881,0.605735958,14.5331135,-366.88559,-31.5496845,35.7251053,-78.6959915,118.069679,822.0,404.364532,2387,244448.40845316296
2025-10-07T19:54:08.664704+00:00,919,369.10556,-23.9471779,0.595350385,-8.84122467,2.28057718,-7.4313693,-2.59708762,0.603268087,12.628603,-367.550934,-31.396553,35.72509,-78.696,117.91655,822.0,404.620789,2387,244448.6647044455
2025-10-07T19:54:08.920956+00:00,919,369.717957,-24.2135773,0.877951,-8.3560133,2.3491087,-7.38300705,-2.56529546,-0.140463412,10.8824492,-368.061432,-33.2227249,35.7250748,-78.696,119.742722,823.0,404.877,2387,244448.92095572778
2025-10-07T19:54:09.177207+00:00,919,370.324554,-24.509243,0.882351696,-8.3560133,2.38685,-7.38333225,-2.56466317,-0.13974604,8.99015903,-368.718536,-33.2582245,35.7250557,-78.6960068,119.778214,823.0,405.13327,2387,244449.1772070103
2025-10-07T19:54:09.433458+00:00,919,370.873352,-24.5528946,0.636766315,-8.47501278,2.38921237,-6.84016514,-2.6000278,0.45505476,8.76435947,-369.410675,-31.7174034,35.7250557,-78.6960144,118.237396,824.0,405.389526,2387,244449.43345829283
2025-10-07T19:54:09.689710+00:00,919,371.494934,-24.7120533,0.625567794,-8.17786694,2.41042495,-6.59383345,-2.59444618,0.427586973,7.74975777,-370.061218,-31.6723175,35.7250443,-78.696022,118.192314,825.0,405.645782,2387,244449.68970957558
2025-10-07T19:54:09.945961+00:00,919,372.116486,-24.9750423,0.607226372,-8.17786694,2.44101381,-6.59515715,-2.59430242,0.426892936,6.05894375,-370.725983,-31.5632839,35.725029,-78.6960297,118.083282,825.0,405.902039,2387,244449.9459608581
2025-10-07T19:54:10.202212+00:00,919,372.685974,-25.1078587,0.731605232,-8.19519329,2.38813281,-6.31528473,-2.49074459,0.0588663742,5.18289137,-371.239197,-32.3952065,35.7250214,-78.6960373,118.915207,826.0,406.158295,2387,244450.20221214063
2025-10-07T19:54:10.458463+00:00,919,373.301788,-25.3579445,0.727448,-8.19519329,2.41668367,-6.3162365,-2.491642,0.0594578534,3.56364059,-371.877808,-32.3795586,35.7250099,-78.6960449,118.899551,826.0,406.414551,2387,244450.45846342316
2025-10-07T19:54:10.714715+00:00,919,373.932953,-25.8998299,0.605282843,-8.44109058,2.44781756,-6.95506,-2.49016714,0.384368569,0.0561739765,-372.599884,-31.5468121,35.7249756,-78.6960526,118.066803,827.0,406.670776,2387,244450.71471470568
2025-10-07T19:54:10.970966+00:00,919,374.546539,-26.070837,0.708223224,-8.15464783,2.44001508,-6.72762966,-2.43592238,0.0725193918,-1.07921314,-373.154938,-32.2387733,35.724968,-78.6960602,118.758774,828.0,406.927032,2387,244450.97096598844
2025-10-07T19:54:11.227217+00:00,919,375.175934,-26.3340149,0.704195738,-8.15464783,2.47138953,-6.72730303,-2.43645811,0.0728605,-2.80285692,-373.779358,-32.2199,35.7249489,-78.6960678,118.739891,828.0,407.183289,2387,244451.22721728098
2025-10-07T19:54:11.483469+00:00,919,375.742706,-26.5468826,0.599314272,-7.87334,2.44791627,-6.60900831,-2.41123462,0.336482078,-4.18400574,-374.392822,-31.5451794,35.7249374,-78.6960678,118.065178,829.0,407.439545,2387,244451.48346856373
2025-10-07T19:54:11.739720+00:00,919,376.374084,-26.8041325,0.585255861,-7.87334,2.47825241,-6.60912132,-2.41186953,0.33609426,-5.87758446,-375.010956,-31.4592915,35.7249222,-78.6960754,117.979286,829.0,407.695801,2387,244451.7397198465
2025-10-07T19:54:11.995971+00:00,919,377.123749,-27.3272877,0.137206763,-8.01449299,2.57150054,-7.17972136,-2.5153029,1.48268461,-9.25182819,-375.932556,-28.4861031,35.7248917,-78.6960907,115.006096,830.0,407.952057,2387,244451.99597112925
2025-10-07T19:54:12.252222+00:00,919,377.787567,-27.6053658,0.0803420767,-8.01449299,2.60808468,-7.17840624,-2.51545286,1.47886443,-11.0902805,-376.577087,-28.1097565,35.7248764,-78.6961,114.629753,830.0,408.208282,2387,244452.25222241177
2025-10-07T19:54:12.508474+00:00,919,378.46051,-27.8826294,0.0232853051,-8.01449299,2.64410233,-7.17840624,-2.51545286,1.47886443,-12.9297562,-377.22168,-27.7307949,35.7248611,-78.696106,114.250793,830.0,408.464539,2387,244452.50847369406
2025-10-07T19:54:12.764725+00:00,919,379.037292,-27.9375763,0.00171014701,-8.18335724,2.5598166,-6.68440437,-2.43344903,1.37729275,-13.3087826,-377.795288,-27.6201077,35.7248573,-78.696106,114.140106,831.0,408.720795,2387,244452.7647249766
2025-10-07T19:54:13.020976+00:00,919,379.698029,-28.194334,-0.0510202497,-8.18335724,2.59276867,-6.68523026,-2.43524408,1.37523901,-15.0223122,-378.419464,-27.2696266,35.7248421,-78.6961136,113.789619,831.0,408.977051,2387,244453.02097625888
2025-10-07T19:54:13.277228+00:00,919,380.290741,-28.4206581,0.124484532,-8.47054863,2.58811617,-6.63683319,-2.36991334,0.832258,-16.5773659,-378.864166,-28.4285984,35.7248268,-78.6961212,114.948593,832.0,409.233307,2387,244453.2772275414
2025-10-07T19:54:13.533479+00:00,919,380.958099,-28.6733761,0.0921926,-8.47054863,2.61805129,-6.63756,-2.37058735,0.833960533,-18.2786522,-379.471954,-28.2138214,35.7248116,-78.6961288,114.733818,832.0,409.489563,2387,244453.53347882416
2025-10-07T19:54:13.789730+00:00,919,381.632721,-28.9251404,0.0601750501,-8.47054863,2.64724636,-6.63756,-2.37058735,0.833960533,-19.9795361,-380.079407,-28.0001183,35.7247963,-78.6961365,114.520111,832.0,409.745789,2387,244453.78973010668
2025-10-07T19:54:14.045981+00:00,919,382.322083,-29.444046,0.170087859,-8.88137817,2.71042132,-7.18531513,-2.31982255,0.532758355,-23.4909153,-380.520874,-28.6745834,35.7247658,-78.6961365,115.19458,833.0,410.002045,2387,244454.0459813892
2025-10-07T19:54:14.302233+00:00,919,383.021027,-29.7138691,0.149814263,-8.88137817,2.74360728,-7.18332243,-2.31997681,0.53519249,-25.3296795,-381.115814,-28.5352039,35.7247467,-78.6961441,115.055199,833.0,410.258301,2387,244454.30223267173
2025-10-07T19:54:14.558484+00:00,919,383.773224,-30.2879677,-0.23135829,-8.7223,2.84694481,-7.76693058,-2.36037803,1.3480109,-29.1449127,-381.785919,-25.9229183,35.7247124,-78.6961517,112.442909,834.0,410.514557,2387,244454.55848395426
2025-10-07T19:54:14.814735+00:00,919,384.507782,-30.5780716,-0.280625105,-8.7223,2.88597655,-7.76388359,-2.35989308,1.34579754,-31.1318169,-382.390808,-25.5795269,35.7246971,-78.6961594,112.099518,834.0,410.770813,2387,244454.814735237
2025-10-07T19:54:15.070987+00:00,919,385.25235,-30.8674583,-0.329901397,-8.7223,2.92540169,-7.76388359,-2.35989308,1.34579754,-33.1213226,-382.995544,-25.234663,35.724678,-78.696167,111.754662,834.0,411.027069,2387,244455.07098651954
2025-10-07T19:54:15.327238+00:00,919,386.223511,-31.5936794,-0.900943696,-8.8023653,3.13848853,-8.58864,-2.44791102,2.50618291,-37.9698334,-383.762238,-21.2941284,35.7246323,-78.6961746,107.814125,835.0,411.283325,2387,244455.32723780206
2025-10-07T19:54:15.583489+00:00,919,387.033569,-31.9113579,-0.990914345,-8.8023653,3.18724632,-8.58446312,-2.44651222,2.49981165,-40.1658821,-384.389,-20.6590118,35.7246132,-78.6961823,107.179,835.0,411.539551,2387,244455.58348908482
2025-10-07T19:54:15.839740+00:00,919,387.783569,-31.815485,-0.477930725,-9.2007494,3.1647234,-7.82787561,-2.45299554,1.15293252,-39.6965027,-384.987518,-24.1853409,35.724617,-78.6961899,110.705338,836.0,411.795807,2387,244455.83974036758
2025-10-07T19:54:16.095992+00:00,919,388.733551,-31.5027351,-0.522993326,-9.33240318,3.2001853,-6.67600679,-2.63897753,1.10610712,-37.6748238,-386.157776,-24.0118408,35.7246361,-78.6962,110.531837,837.0,412.052063,2387,244456.09599165033
2025-10-07T19:54:16.352243+00:00,919,389.556976,-31.7454872,-0.564232886,-9.33240318,3.22786331,-6.67929363,-2.63844442,1.10800576,-39.3884888,-386.833618,-23.7269,35.7246208,-78.6962051,110.246895,837.0,412.308319,2387,244456.35224293286
2025-10-07T19:54:16.608494+00:00,919,390.333771,-31.9402294,-0.191577032,-9.5599184,3.24031138,-6.60894966,-2.5789547,0.153957456,-40.8560791,-387.300415,-26.2607975,35.7246094,-78.6962128,112.780792,838.0,412.564575,2387,244456.60849421515
2025-10-07T19:54:16.864745+00:00,919,391.167267,-32.1773758,-0.19780083,-9.5599184,3.26617599,-6.61042643,-2.57872653,0.156644642,-42.551342,-387.961121,-26.2186,35.7245941,-78.6962204,112.738594,838.0,412.820831,2387,244456.86474549744
2025-10-07T19:54:17.120997+00:00,919,392.204163,-32.5553513,0.0700534508,-10.31985,3.59713554,-6.96241093,-2.78294206,-0.505068183,-45.2836914,-388.571838,-28.0257893,35.7245674,-78.696228,114.545784,839.0,413.077057,2387,244457.12099677997
2025-10-07T19:54:17.377248+00:00,919,393.12854,-32.8012238,0.0875485316,-10.31985,3.62264299,-6.96217299,-2.78031421,-0.502072036,-47.0683365,-389.284088,-28.1519642,35.7245522,-78.6962357,114.671959,839.0,413.333313,2387,244457.3772480625
2025-10-07T19:54:17.633499+00:00,919,394.060455,-33.0458374,0.105314799,-10.31985,3.65078688,-6.96217299,-2.78031421,-0.502072036,-48.8524,-389.996552,-28.2806225,35.7245369,-78.6962433,114.800613,839.0,413.589569,2387,244457.63349934525
2025-10-07T19:54:17.889751+00:00,919,394.801147,-33.4393463,-0.112127148,-10.2768803,3.56165648,-7.23390102,-2.64982343,0.068310529,-51.5923805,-390.500977,-26.7425423,35.7245102,-78.6962509,113.262535,840.0,413.845825,2387,244457.88975062777
2025-10-07T19:54:18.146002+00:00,919,395.717194,-33.6926651,-0.114416204,-10.2768803,3.59163237,-7.23265839,-2.64975381,0.0676870868,-53.4450569,-391.179626,-26.7251911,35.7244949,-78.6962585,113.245186,840.0,414.102081,2387,244458.14600190285
2025-10-07T19:54:18.402253+00:00,919,396.626831,-34.0545,-0.146986291,-10.2471962,3.60186529,-7.43652821,-2.59281731,0.147572145,-56.0416031,-391.754456,-26.46978,35.724472,-78.6962662,112.989777,841.0,414.358337,2387,244458.4022531856
2025-10-07T19:54:18.658504+00:00,919,397.554047,-34.3129425,-0.151646882,-10.2471962,3.63397074,-7.4352231,-2.59348512,0.146522582,-57.9457169,-392.41922,-26.4328499,35.724453,-78.6962738,112.952843,841.0,414.614563,2387,244458.65850446813
2025-10-07T19:54:18.914756+00:00,919,398.489288,-34.5703506,-0.156364471,-10.2471962,3.66533089,-7.4352231,-2.59348512,0.146522582,-59.851,-393.083801,-26.3953037,35.7244377,-78.6962738,112.915298,841.0,414.870819,2387,244458.91475575065
2025-10-07T19:54:19.171007+00:00,919,399.075958,-34.4009171,0.261726052,-10.3442144,3.40422988,-6.57147551,-2.40784407,-0.818272233,-58.8504105,-393.617828,-29.3812923,35.7244453,-78.6962814,115.901291,842.0,415.127075,2387,244459.1710070432
2025-10-07T19:54:19.427258+00:00,919,399.953094,-34.6257706,0.290488839,-10.3442144,3.4325192,-6.57368135,-2.4116931,-0.815287769,-60.5364265,-394.236542,-29.5870724,35.7244301,-78.6962891,116.107071,842.0,415.383331,2387,244459.42725832594
2025-10-07T19:54:19.683510+00:00,919,400.648712,-35.3512611,0.132353187,-10.234066,3.27463651,-7.47878313,-2.05900598,-0.335682303,-65.6205215,-394.220764,-28.3432159,35.7243843,-78.6962891,114.863213,843.0,415.639587,2387,244459.68350960847
2025-10-07T19:54:19.939761+00:00,919,401.493469,-35.6079063,0.146008343,-10.234066,3.30984354,-7.47740889,-2.06297946,-0.335488,-67.5342,-394.750488,-28.4287968,35.724369,-78.6963,114.948792,843.0,415.895844,2387,244459.93976089123
2025-10-07T19:54:20.196012+00:00,919,402.345642,-35.8638268,0.159679189,-10.234066,3.34122515,-7.47740889,-2.06297946,-0.335488,-69.4503,-395.279144,-28.5147648,35.72435,-78.6963043,115.03476,843.0,416.1521,2387,244460.19601217398
2025-10-07T19:54:20.452263+00:00,919,402.606934,-35.9811707,0.0603453144,-9.88613224,2.83921432,-7.06467438,-1.63091671,-0.0567965731,-70.2886124,-395.44751,-27.8052063,35.7243423,-78.6963043,114.325203,844.0,416.408325,2387,244460.45226345627
2025-10-07T19:54:20.708515+00:00,919,403.340057,-36.223732,0.064888753,-9.88613224,2.87163186,-7.06437969,-1.63520432,-0.0573484488,-72.0975113,-395.867645,-27.8204136,35.7243271,-78.696312,114.340408,844.0,416.664581,2387,244460.7085147388
2025-10-07T19:54:20.964766+00:00,919,403.747406,-35.9146309,-0.401209921,-10.5079985,2.41395807,-5.80490589,-1.49665856,1.02764034,-69.9371185,-396.878723,-24.6593266,35.7243462,-78.6963196,111.179321,845.0,416.920837,2387,244460.9647660211
2025-10-07T19:54:21.221017+00:00,919,404.369537,-36.11446,-0.435895681,-10.5079985,2.43460703,-5.80534172,-1.49746716,1.02711248,-71.4259338,-397.262939,-24.3977242,35.7243309,-78.6963272,110.917725,845.0,417.177094,2387,244461.22101730361
2025-10-07T19:54:21.477269+00:00,919,404.995941,-36.3135262,-0.47069481,-10.5079985,2.454252,-5.80534172,-1.49746716,1.02711248,-72.913559,-397.646667,-24.1345253,35.7243195,-78.6963272,110.654518,845.0,417.43335,2387,244461.47726858614
2025-10-07T19:54:21.733520+00:00,919,405.478058,-37.2404938,-1.39964116,-10.5154257,2.08217096,-7.11035633,-0.85098958,3.30186629,-79.242836,-397.28125,-17.3394165,35.7242622,-78.6963272,103.859413,846.0,417.689606,2387,244461.73351986866
2025-10-07T19:54:21.989771+00:00,919,406.016907,-37.4917221,-1.51264536,-10.5154257,2.11640477,-7.11429214,-0.848163247,3.30972815,-81.0663376,-397.499756,-16.4902382,35.724247,-78.6963272,103.010231,846.0,417.945831,2387,244461.98977115142
2025-10-07T19:54:22.246022+00:00,919,406.17041,-37.8857155,-3.13799262,-10.7536449,1.70765507,-7.19082117,-0.323693633,7.17055941,-83.4232483,-397.48111,-4.8733716,35.7242241,-78.6963272,91.3933716,847.0,418.202087,2387,244462.2460224265
2025-10-07T19:54:22.502274+00:00,919,406.614624,-38.1485901,-3.38773727,-10.7536449,1.76503968,-7.19075966,-0.317746222,7.18163,-85.2663498,-397.5625,-3.03034401,35.7242088,-78.6963272,89.5503387,847.0,418.458344,2387,244462.50227370902
2025-10-07T19:54:22.758525+00:00,919,407.075,-38.4109344,-3.63647532,-10.7536449,1.82812309,-7.19075966,-0.317746222,7.18163,-87.1089859,-397.643921,-1.19004202,35.7241898,-78.6963272,87.7100372,847.0,418.7146,2387,244462.75852499154
2025-10-07T19:54:23.014776+00:00,919,406.541565,-38.1870651,-3.79293728,-10.6264553,0.978205,-5.91639662,0.268185198,6.82260656,-85.4019318,-397.470184,-0.145853043,35.724205,-78.6963272,86.6658478,848.0,418.970856,2387,244463.01477627407
2025-10-07T19:54:23.271028+00:00,919,406.795074,-38.4080925,-4.03023243,-10.6264553,1.02293146,-5.91134548,0.273258269,6.82220173,-86.9141159,-397.39856,1.60308337,35.7241936,-78.6963272,84.9169159,848.0,419.227112,2387,244463.27102755682
2025-10-07T19:54:23.527279+00:00,919,406.380432,-37.8277588,-3.03196168,-10.1708899,0.414168209,-4.1589036,0.396795779,3.44430161,-83.0934525,-397.754578,-5.64425,35.7242279,-78.6963272,92.1642456,849.0,419.483337,2387,244463.52727883935
2025-10-07T19:54:23.783530+00:00,919,406.488953,-37.9831963,-3.15028048,-10.1708899,0.43161571,-4.15877485,0.397758722,3.44181252,-84.1605148,-397.652649,-4.76139355,35.7242165,-78.6963272,91.2813873,849.0,419.739594,2387,244463.7835301221
2025-10-07T19:54:24.039781+00:00,919,406.601898,-38.1383896,-3.26839375,-10.1708899,0.449961245,-4.15877485,0.397758722,3.44181252,-85.2262039,-397.55072,-3.87942457,35.7242088,-78.6963272,90.3994217,849.0,419.99585,2387,244464.03978140486
2025-10-07T19:54:24.296033+00:00,919,406.49939,-38.3064079,-2.92847443,-9.72488594,0.238857806,-4.16497803,0.626204431,2.29414582,-86.4597244,-397.149323,-6.23790455,35.7241974,-78.6963196,92.7579,850.0,420.252106,2387,244464.29603268762
2025-10-07T19:54:24.552284+00:00,919,406.56424,-38.4619522,-3.00587749,-9.72488594,0.255622804,-4.16651773,0.624178886,2.29793644,-87.5285492,-396.990448,-5.64380741,35.7241859,-78.6963196,92.1637955,850.0,420.508362,2387,244464.55228397014
2025-10-07T19:54:24.808535+00:00,919,406.014893,-38.293,-1.98520803,-9.57598782,-0.0235164147,-3.57479191,0.814044833,-0.307478905,-86.5048,-396.482483,-12.9108906,35.7241974,-78.696312,99.4308853,851.0,420.764618,2387,244464.8085352529
2025-10-07T19:54:25.064787+00:00,919,406.010834,-38.4251862,-1.96951663,-9.57598782,-0.0134494025,-3.57585883,0.812506735,-0.301028043,-87.4216,-396.274841,-12.9824228,35.7241898,-78.696312,99.5024185,851.0,421.020874,2387,244465.06478653543
2025-10-07T19:54:25.321038+00:00,919,406.008484,-38.5572891,-1.95302355,-9.57598782,-0.00490528764,-3.57585883,0.812506735,-0.301028043,-88.3379211,-396.06662,-13.0595617,35.7241783,-78.696312,99.5795593,851.0,421.2771,2387,244465.32103781818
2025-10-07T19:54:25.577289+00:00,919,406.008331,-38.6893883,-1.93652,-9.57598782,0.0036389064,-3.57585883,0.812506735,-0.301028043,-89.2542343,-395.858429,-13.1367006,35.7241707,-78.696312,99.6566925,851.0,421.533356,2387,244465.5772891007
2025-10-07T19:54:25.833540+00:00,919,406.010345,-38.8214874,-1.92000628,-9.57598782,0.0121830413,-3.57585883,0.812506735,-0.301028043,-90.1705551,-395.650208,-13.2138395,35.7241631,-78.6963043,99.7338333,851.0,421.789612,2387,244465.83354038323
2025-10-07T19:54:26.089792+00:00,919,406.014557,-38.9535828,-1.90348256,-9.57598782,0.0207269806,-3.57585883,0.812506735,-0.301028043,-91.0868759,-395.442017,-13.2909784,35.7241554,-78.6963043,99.8109741,851.0,422.045868,2387,244466.08979166576
2025-10-07T19:54:26.346043+00:00,919,406.020966,-39.0856705,-1.88694918,-9.57598782,0.0292705838,-3.57585883,0.812506735,-0.301028043,-92.0031891,-395.233795,-13.3681173,35.7241478,-78.6963043,99.8881073,851.0,422.302124,2387,244466.34604294828
2025-10-07T19:54:26.602294+00:00,919,406.029572,-39.2177505,-1.87040639,-9.57598782,0.0378137119,-3.57585883,0.812506735,-0.301028043,-92.9195099,-395.025604,-13.4452562,35.7241402,-78.6963,99.9652481,851.0,422.55838,2387,244466.6022942308
2025-10-07T19:54:26.858546+00:00,919,405.400635,-38.6564102,-1.49509776,-9.172019,-0.201260731,-2.51781392,0.812939763,-0.959315121,-88.9977493,-395.177429,-16.2453804,35.7241745,-78.6963043,102.765373,852.0,422.814606,2387,244466.85854551333
2025-10-07T19:54:27.114797+00:00,919,405.355347,-38.7518463,-1.45804763,-9.172019,-0.191244304,-2.52410388,0.808904231,-0.951441526,-89.654335,-394.9729,-16.4765778,35.7241669,-78.6963,102.996567,852.0,423.070862,2387,244467.11479679585
2025-10-07T19:54:27.371048+00:00,919,405.345428,-37.5507774,-1.33427608,-9.80344105,-0.188289225,-0.698453784,0.388743132,-1.18888903,-81.3814316,-396.697,-17.705513,35.7242432,-78.6963196,104.225502,853.0,423.327118,2387,244467.3710480707
2025-10-07T19:54:27.627299+00:00,919,405.298431,-37.578186,-1.29038882,-9.80344105,-0.18647103,-0.704554379,0.389325887,-1.18616009,-81.5715485,-396.596436,-18.0053711,35.7242393,-78.6963196,104.525368,853.0,423.583374,2387,244467.62729935322
2025-10-07T19:54:27.883551+00:00,919,405.250824,-37.6042252,-1.24596131,-9.80344105,-0.185193539,-0.704554379,0.389325887,-1.18616009,-81.7520905,-396.496674,-18.3093262,35.7242393,-78.696312,104.829323,853.0,423.83963,2387,244467.88355063574
2025-10-07T19:54:28.139802+00:00,919,405.203522,-37.6302757,-1.20152307,-9.80344105,-0.1839156,-0.704554379,0.389325887,-1.18616009,-81.9326324,-396.396912,-18.6132812,35.7242393,-78.696312,105.13327,853.0,424.095886,2387,244468.13980192805
2025-10-07T19:54:28.396053+00:00,919,405.156555,-37.6563263,-1.15707433,-9.80344105,-0.182637215,-0.704554379,0.389325887,-1.18616009,-82.1131744,-396.29715,-18.9172363,35.7242355,-78.696312,105.437225,853.0,424.352112,2387,244468.3960532108
2025-10-07T19:54:28.652304+00:00,919,404.857147,-38.2621803,-1.52565682,-10.9482985,-0.471112967,-1.3832711,0.802923858,-0.462128222,-86.154068,-395.25531,-16.1254845,35.7242,-78.6963043,102.645477,854.0,424.608368,2387,244468.65230449333
2025-10-07T19:54:28.908556+00:00,919,404.740479,-38.3164101,-1.50554812,-10.9482985,-0.461558,-1.38457453,0.795168698,-0.464501381,-86.507782,-395.053589,-16.2465725,35.7241974,-78.6963,102.766571,854.0,424.864624,2387,244468.90855577608
2025-10-07T19:54:29.164807+00:00,919,404.622437,-38.3708916,-1.48569858,-10.9482985,-0.459941536,-1.38457453,0.795168698,-0.464501381,-86.8625793,-394.849823,-16.3656025,35.7241936,-78.6963,102.885597,854.0,425.12088,2387,244469.1648070586
2025-10-07T19:54:29.421058+00:00,919,404.504761,-38.4254036,-1.46583617,-10.9482985,-0.458323628,-1.38457453,0.795168698,-0.464501381,-87.2173767,-394.646057,-16.4846306,35.7241898,-78.6963,103.004623,854.0,425.377136,2387,244469.42105834137
2025-10-07T19:54:29.677310+00:00,919,404.387543,-38.4799461,-1.44596088,-10.9482985,-0.456704319,-1.38457453,0.795168698,-0.464501381,-87.5721741,-394.442291,-16.6036606,35.7241859,-78.6962891,103.123657,854.0,425.633392,2387,244469.6773096239
2025-10-07T19:54:29.933561+00:00,919,404.270721,-38.5345192,-1.42607272,-10.9482985,-0.455083609,-1.38457453,0.795168698,-0.464501381,-87.9269714,-394.238525,-16.7226887,35.7241821,-78.6962891,103.242683,854.0,425.889618,2387,244469.93356090641
2025-10-07T19:54:30.189812+00:00,919,404.154297,-38.5891228,-1.4061718,-10.9482985,-0.453461498,-1.38457453,0.795168698,-0.464501381,-88.2817764,-394.03479,-16.8417187,35.7241821,-78.6962891,103.36171,854.0,426.145874,2387,244470.18981219895
2025-10-07T19:54:30.446063+00:00,919,404.0383,-38.6437607,-1.38625813,-10.9482985,-0.451838,-1.38457453,0.795168698,-0.464501381,-88.6365738,-393.831024,-16.9607468,35.7241783,-78.6962891,103.480743,854.0,426.40213,2387,244470.4460634817
2025-10-07T19:54:30.702315+00:00,919,404.847961,-37.9852219,-0.232611388,-10.3872747,-0.0947837085,-0.70216018,0.378518045,-2.04723454,-84.5154266,-395.117401,-25.323288,35.7242126,-78.6963,111.843285,855.0,426.658386,2387,244470.70231476446
2025-10-07T19:54:30.958566+00:00,919,404.821289,-38.011776,-0.160846531,-10.3872747,-0.0989085808,-0.706013739,0.38561216,-2.03252363,-84.7072296,-395.016876,-25.8194065,35.7242126,-78.6963,112.339401,855.0,426.914642,2387,244470.95856604745
2025-10-07T19:54:31.214817+00:00,919,405.038208,-36.670517,1.31273985,-10.1550207,0.0928773135,0.722098827,0.136316255,-3.9977119,-75.7224808,-396.210388,-36.597908,35.7242928,-78.696312,123.117905,856.0,427.170898,2387,244471.21481732998
2025-10-07T19:54:31.471069+00:00,919,405.062714,-36.6411819,1.45471573,-10.1550207,0.100085206,0.716122,0.139388874,-3.98496819,-75.5458908,-396.174652,-37.6071243,35.7242966,-78.696312,124.127121,856.0,427.427155,2387,244471.47106861274
2025-10-07T19:54:31.727320+00:00,919,405.089691,-36.6108208,1.59833086,-10.1550207,0.110460572,0.716122,0.139388874,-3.98496819,-75.362381,-396.138947,-38.6282768,35.7242966,-78.696312,125.14827,856.0,427.68338,2387,244471.7273198955
2025-10-07T19:54:31.983571+00:00,919,405.236725,-35.815567,1.79951692,-9.94068,0.169097155,1.59649467,-0.0352291465,-4.12401724,-69.8907471,-397.12674,-40.2796974,35.7243462,-78.6963196,126.79969,857.0,427.939636,2387,244471.98357117825
2025-10-07T19:54:32.239822+00:00,919,405.280914,-35.7535706,1.94561172,-9.94068,0.180299178,1.591465,-0.0338439085,-4.11870241,-69.488678,-397.134613,-41.3285561,35.72435,-78.6963196,127.848549,857.0,428.195892,2387,244472.23982245356
2025-10-07T19:54:32.496074+00:00,919,405.385834,-36.578167,2.10036612,-10.0402308,0.147166327,0.514487684,0.184191316,-4.06044292,-75.2648315,-396.096344,-42.1972351,35.7242966,-78.696312,128.717224,858.0,428.452148,2387,244472.49607373585
2025-10-07T19:54:32.752325+00:00,919,405.424622,-36.5550613,2.24642873,-10.0402308,0.158065632,0.51563251,0.183476716,-4.05900383,-75.1320267,-396.049347,-43.2347603,35.7243,-78.696312,129.754761,858.0,428.708405,2387,244472.75232501814
2025-10-07T19:54:33.008576+00:00,919,405.466492,-36.5320358,2.39283,-10.0402308,0.168651,0.51563251,0.183476716,-4.05900383,-74.9998932,-396.002319,-44.2748833,35.7243,-78.696312,130.794876,858.0,428.964661,2387,244473.00857630066
2025-10-07T19:54:33.264828+00:00,919,405.511078,-36.5090065,2.53919935,-10.0402308,0.179232985,0.51563251,0.183476716,-4.05900383,-74.8677673,-395.955322,-45.3150101,35.7243,-78.696312,131.835,858.0,429.220886,2387,244473.26482758296
2025-10-07T19:54:33.521079+00:00,919,405.55835,-36.485981,2.68553519,-10.0402308,0.189811364,0.51563251,0.183476716,-4.05900383,-74.7356339,-395.908295,-46.3551331,35.7243042,-78.696312,132.875122,858.0,429.477142,2387,244473.5210788657
2025-10-07T19:54:33.777330+00:00,919,405.608337,-36.4629517,2.83183575,-10.0402308,0.200385958,0.51563251,0.183476716,-4.05900383,-74.6035,-395.861298,-47.3952599,35.7243042,-78.696312,133.915253,858.0,429.733398,2387,244473.77733014824
2025-10-07T19:54:34.033581+00:00,919,405.661041,-36.4399261,2.97809863,-10.0402308,0.210956514,0.51563251,0.183476716,-4.05900383,-74.4713669,-395.81427,-48.4353828,35.7243042,-78.6963043,134.955383,858.0,429.989655,2387,244474.03358143076
2025-10-07T19:54:34.289833+00:00,919,405.716461,-36.4168968,3.12432194,-10.0402308,0.221522868,0.51563251,0.183476716,-4.05900383,-74.339241,-395.767242,-49.4755096,35.7243042,-78.6963043,135.995499,858.0,430.245911,2387,244474.28983270584
2025-10-07T19:54:34.546084+00:00,919,405.774567,-36.3938713,3.270504,-10.0402308,0.232084766,0.51563251,0.183476716,-4.05900383,-74.2071075,-395.720245,-50.5156326,35.724308,-78.6963043,137.035629,858.0,430.502167,2387,244474.54608398836
2025-10-07T19:54:34.802335+00:00,919,405.835388,-36.370842,3.41664267,-10.0402308,0.24264203,0.51563251,0.183476716,-4.05900383,-74.0749741,-395.673218,-51.5557594,35.724308,-78.6963043,138.075745,858.0,430.758392,2387,244474.80233527088
2025-10-07T19:54:35.058587+00:00,919,405.898926,-36.3478165,3.56273603,-10.0402308,0.253194451,0.51563251,0.183476716,-4.05900383,-73.9428406,-395.62619,-52.5958824,35.724308,-78.6963043,139.115875,858.0,431.014648,2387,244475.0585865534
2025-10-07T19:54:35.314838+00:00,919,405.965179,-36.324791,3.70878196,-10.0402308,0.263741791,0.51563251,0.183476716,-4.05900383,-73.8107147,-395.579193,-53.6360092,35.7243118,-78.6963043,140.156,858.0,431.270905,2387,244475.31483783593
2025-10-07T19:54:35.571089+00:00,919,406.034088,-36.3017616,3.85477877,-10.0402308,0.274283886,0.51563251,0.183476716,-4.05900383,-73.6785812,-395.532166,-54.6761322,35.7243118,-78.6963043,141.196136,858.0,431.527161,2387,244475.5710891187
2025-10-07T19:54:35.827340+00:00,919,406.105743,-36.2787361,4.00072432,-10.0402308,0.284820497,0.51563251,0.183476716,-4.05900383,-73.5464478,-395.485168,-55.716259,35.7243118,-78.6963043,142.236252,858.0,431.783417,2387,244475.8273404012
2025-10-07T19:54:36.083592+00:00,919,406.180084,-36.2557068,4.14661694,-10.0402308,0.295351446,0.51563251,0.183476716,-4.05900383,-73.4143143,-395.438141,-56.756382,35.7243156,-78.6963043,143.276367,858.0,432.039673,2387,244476.08359168397
2025-10-07T19:54:36.339843+00:00,919,404.975067,-36.5704918,0.759199381,-9.68362904,-0.0926931649,0.264695048,0.050397478,-0.0697665811,-74.9243622,-396.636108,-32.7255096,35.7243,-78.6963196,119.245506,859.0,432.295929,2387,244476.3398429665
2025-10-07T19:54:36.596094+00:00,919,404.955719,-36.5594559,0.771156788,-9.68362904,-0.0880184397,0.267522573,0.0482992046,-0.107771397,-74.8462296,-396.624023,-32.8112297,35.7243,-78.6963196,119.331223,859.0,432.552155,2387,244476.5960942488
2025-10-07T19:54:36.852346+00:00,919,404.933167,-36.5500908,0.774964213,-9.68362904,-0.0879692212,0.267522573,0.0482992046,-0.107771397,-74.7776794,-396.611633,-32.8388481,35.7243,-78.6963196,119.358841,859.0,432.808411,2387,244476.85234553108
2025-10-07T19:54:37.108597+00:00,919,404.910614,-36.5407219,0.778772056,-9.68362904,-0.0879199952,0.267522573,0.0482992046,-0.107771397,-74.7091217,-396.599274,-32.8664627,35.7243042,-78.6963196,119.386459,859.0,433.064667,2387,244477.1085968136
2025-10-07T19:54:37.364848+00:00,919,404.888092,-36.5313492,0.782580316,-9.68362904,-0.0878707692,0.267522573,0.0482992046,-0.107771397,-74.6405716,-396.586884,-32.8940811,35.7243042,-78.6963196,119.414078,859.0,433.320923,2387,244477.36484809613
2025-10-07T19:54:37.621099+00:00,919,404.927856,-36.0049706,0.730859,-9.4566288,-0.0647016093,0.767249048,-0.0656565279,-0.066527769,-70.9809494,-397.316345,-32.6806259,35.7243347,-78.6963272,119.200623,860.0,433.577179,2387,244477.62109937865
2025-10-07T19:54:37.877351+00:00,919,404.912628,-35.9774818,0.736975491,-9.4566288,-0.0639092401,0.764581621,-0.0646156818,-0.078577593,-70.7881699,-397.331146,-32.7300758,35.7243385,-78.6963272,119.250076,860.0,433.833435,2387,244477.87735066118
2025-10-07T19:54:38.133602+00:00,919,404.896301,-35.9496765,0.73892808,-9.4566288,-0.0635352954,0.764581621,-0.0646156818,-0.078577593,-70.5922394,-397.347717,-32.7502136,35.7243385,-78.6963272,119.270203,860.0,434.089661,2387,244478.1336019437
2025-10-07T19:54:38.389853+00:00,919,404.880066,-35.9218674,0.740880668,-9.4566288,-0.0631613061,0.764581621,-0.0646156818,-0.078577593,-70.3963165,-397.364258,-32.7703476,35.7243423,-78.6963272,119.290344,860.0,434.345917,2387,244478.38985322622
2025-10-07T19:54:38.646105+00:00,919,404.863922,-35.8940544,0.742833257,-9.4566288,-0.062787272,0.764581621,-0.0646156818,-0.078577593,-70.2003937,-397.380829,-32.7904816,35.7243423,-78.6963272,119.310478,860.0,434.602173,2387,244478.64610450875
2025-10-07T19:54:38.902356+00:00,919,404.809021,-36.0212555,1.79522347,-11.3013344,-0.295534045,0.619320452,0.325272352,-1.33119607,-71.2462921,-396.462219,-40.1500854,35.7243347,-78.696312,126.670074,861.0,434.858429,2387,244478.90235579127
2025-10-07T19:54:39.158607+00:00,919,404.737976,-35.9993477,1.84205699,-11.3013344,-0.285309732,0.618095,0.315614909,-1.32340205,-71.0886154,-396.384644,-40.4780502,35.7243347,-78.696312,126.998047,861.0,435.114685,2387,244479.1586070738
2025-10-07T19:54:39.414858+00:00,919,404.665039,-35.9773521,1.89052474,-11.3013344,-0.28394708,0.618095,0.315614909,-1.32340205,-70.9302292,-396.303772,-40.817173,35.7243385,-78.696312,127.337173,861.0,435.370941,2387,244479.41485835655
2025-10-07T19:54:39.671110+00:00,919,404.897308,-36.1471,0.93978554,-10.5491104,-0.109565191,0.398390442,0.0454501919,-0.0693141073,-71.9996643,-396.981689,-34.10886,35.7243271,-78.6963196,120.62886,862.0,435.627167,2387,244479.67110963908
2025-10-07T19:54:39.927361+00:00,919,404.869,-36.1325684,0.943118095,-10.5491104,-0.110329792,0.400571138,0.0463887788,-0.0745466724,-71.8941956,-396.969788,-34.1339722,35.7243271,-78.6963196,120.653969,862.0,435.883423,2387,244479.92736092184
2025-10-07T19:54:40.183612+00:00,919,405.137329,-35.2939415,-0.648218274,-10.4860697,0.0680412725,1.35379195,-0.41073364,2.03981256,-65.803627,-399.085449,-23.1723976,35.7243843,-78.6963425,109.69239,863.0,436.139679,2387,244480.1836122046
2025-10-07T19:54:40.439863+00:00,919,405.154938,-35.24646,-0.722916067,-10.4860697,0.0700557306,1.35103893,-0.407819718,2.02895021,-65.4601212,-399.18927,-22.6593323,35.7243843,-78.6963425,109.179329,863.0,436.395935,2387,244480.43986348688
2025-10-07T19:54:40.696115+00:00,919,405.17337,-35.1986275,-0.798591,-10.4860697,0.0739157051,1.35103893,-0.407819718,2.02895021,-65.1139145,-399.293762,-22.13941,35.7243881,-78.6963425,108.659409,863.0,436.652191,2387,244480.69611476918
2025-10-07T19:54:40.952366+00:00,919,405.19281,-35.1508,-0.874258339,-10.4860697,0.0777751356,1.35103893,-0.407819718,2.02895021,-64.7677078,-399.398285,-21.6194897,35.7243919,-78.6963501,108.139481,863.0,436.908447,2387,244480.9523660517
2025-10-07T19:54:41.208617+00:00,919,405.213226,-35.1029701,-0.949917614,-10.4860697,0.0816339925,1.35103893,-0.407819718,2.02895021,-64.4215,-399.502777,-21.0995693,35.7243958,-78.6963501,107.619568,863.0,437.164703,2387,244481.208617334
2025-10-07T19:54:41.464869+00:00,919,405.23465,-35.0551453,-1.02556837,-10.4860697,0.0854922533,1.35103893,-0.407819718,2.02895021,-64.0753,-399.607269,-20.5796471,35.7244,-78.6963501,107.09964,863.0,437.420929,2387,244481.46486861652
2025-10-07T19:54:41.721120+00:00,919,405.25705,-35.0073242,-1.10121024,-10.4860697,0.0893498957,1.35103893,-0.407819718,2.02895021,-63.7290955,-399.711792,-20.0597267,35.7244034,-78.6963501,106.57972,863.0,437.677185,2387,244481.72111989927
2025-10-07T19:54:41.977371+00:00,919,405.280457,-34.959507,-1.17684281,-10.4860697,0.093206875,1.35103893,-0.407819718,2.02895021,-63.3828888,-399.816284,-19.5398064,35.7244034,-78.6963501,106.059799,863.0,437.933441,2387,244481.9773711818
2025-10-07T19:54:42.233622+00:00,919,405.30481,-34.9116898,-1.25246572,-10.4860697,0.0970631763,1.35103893,-0.407819718,2.02895021,-63.0366821,-399.920807,-19.0198841,35.7244072,-78.6963501,105.539879,863.0,438.189697,2387,244482.23362246432
2025-10-07T19:54:42.489874+00:00,919,405.3302,-34.8638763,-1.32807839,-10.4860697,0.10091877,1.35103893,-0.407819718,2.02895021,-62.6904755,-400.025299,-18.4999638,35.724411,-78.6963577,105.019958,863.0,438.445953,2387,244482.48987374685
2025-10-07T19:54:42.746125+00:00,919,404.617706,-34.3121,-1.08865607,-11.8115282,-0.41093877,1.95844555,0.0504132099,1.52685821,-58.7811775,-399.81012,-20.3016,35.7244453,-78.6963501,106.821594,864.0,438.702209,2387,244482.74612502937
2025-10-07T19:54:43.002376+00:00,919,404.522247,-34.2466393,-1.14436007,-11.8115282,-0.390872389,1.94929862,0.0353548788,1.5229851,-58.2986374,-399.803284,-19.9214897,35.7244492,-78.6963501,106.441483,864.0,438.958435,2387,244483.00237631166
2025-10-07T19:54:43.258628+00:00,919,404.422577,-34.1788673,-1.20158017,-11.8115282,-0.387090653,1.94929862,0.0353548788,1.5229851,-57.7991295,-399.79422,-19.5312233,35.7244568,-78.6963501,106.051216,864.0,439.214691,2387,244483.25862759442
2025-10-07T19:54:43.514879+00:00,919,404.323853,-34.1110611,-1.25882673,-11.8115282,-0.383306116,1.94929862,0.0353548788,1.5229851,-57.2996178,-399.785187,-19.1409569,35.7244606,-78.6963501,105.66095,864.0,439.470947,2387,244483.51487887718
2025-10-07T19:54:43.771130+00:00,919,404.226135,-34.0432167,-1.31609941,-11.8115282,-0.379518837,1.94929862,0.0353548788,1.5229851,-56.800106,-399.776123,-18.7506886,35.7244644,-78.6963501,105.270683,864.0,439.727203,2387,244483.7711301597
2025-10-07T19:54:44.027381+00:00,919,401.885773,-34.0630417,-2.7114017,-13.2105703,-3.28743029,2.29501057,2.89013529,4.76176929,-56.2973747,-397.824402,-8.86268616,35.7244682,-78.6963272,95.3826828,865.0,439.983459,2387,244484.02738144246
2025-10-07T19:54:44.283633+00:00,919,401.055298,-34.0001907,-2.8610208,-13.2105703,-3.16020799,2.27788568,2.78219628,4.57270765,-55.7108955,-397.090179,-7.81424952,35.724472,-78.6963196,94.3342438,865.0,440.239716,2387,244484.28363272522
2025-10-07T19:54:44.539884+00:00,919,400.247467,-33.9376907,-3.02894878,-13.2105703,-3.14492154,2.27788568,2.78219628,4.57270765,-55.1271858,-396.377228,-6.64248753,35.7244797,-78.696312,93.1624832,865.0,440.495941,2387,244484.53988400774
2025-10-07T19:54:44.796135+00:00,919,399.443542,-33.8749161,-3.19755077,-13.2105703,-3.12954259,2.27788568,2.78219628,4.57270765,-54.5434761,-395.664307,-5.47072506,35.7244835,-78.6963043,91.9907227,865.0,440.752197,2387,244484.79613529026
2025-10-07T19:54:45.052387+00:00,919,398.643555,-33.8118706,-3.36682701,-13.2105703,-3.11407065,2.27788568,2.78219628,4.57270765,-53.9597626,-394.951355,-4.29896307,35.7244911,-78.6963,90.8189621,865.0,441.008453,2387,244485.05238657302
2025-10-07T19:54:45.308638+00:00,919,393.77002,-34.9682274,0.613294959,-12.847331,-5.46482515,-0.209814683,6.02736092,-5.48262024,-61.9819489,-387.603485,-31.2509518,35.7244186,-78.6962204,117.77095,866.0,441.264709,2387,244485.3086378553
2025-10-07T19:54:45.564889+00:00,919,392.364716,-35.0047035,0.843678892,-12.847331,-5.45684,-0.225031197,6.0531497,-5.55808115,-62.0465279,-386.045288,-32.70121,35.7244148,-78.6962,119.221207,866.0,441.520966,2387,244485.5648891376
2025-10-07T19:54:45.821140+00:00,919,390.969574,-35.0404282,1.0718025,-12.847331,-5.43201637,-0.225031197,6.0531497,-5.55808115,-62.1041908,-384.494141,-34.1254768,35.7244148,-78.6961823,120.645477,866.0,441.777222,2387,244485.8211404199
2025-10-07T19:54:46.077392+00:00,919,388.702057,-35.3081551,0.343223751,-11.9176226,-6.28516579,-0.38796857,6.63664,-2.42618537,-63.4128876,-382.401459,-28.9350643,35.7244034,-78.6961594,115.455063,867.0,442.033478,2387,244486.0773917022
2025-10-07T19:54:46.333643+00:00,919,387.090759,-35.3599396,0.455612779,-11.9176226,-6.28211975,-0.38996008,6.64088345,-2.42426252,-63.5145645,-380.698669,-29.5582237,35.7244034,-78.6961441,116.078217,867.0,442.289703,2387,244486.3336429847
2025-10-07T19:54:46.589894+00:00,919,385.232819,-35.0483208,0.2889992,-11.5529966,-6.49993277,0.577188492,6.63030863,-1.6251862,-61.1138115,-379.294067,-28.3804398,35.7244263,-78.6961288,114.900436,868.0,442.545959,2387,244486.58989426724
2025-10-07T19:54:46.846146+00:00,919,383.568024,-35.0637,0.370316744,-11.5529966,-6.49593973,0.577593684,6.62936115,-1.62507331,-60.9654541,-377.595612,-28.7963409,35.7244263,-78.696106,115.316338,868.0,442.802216,2387,244486.84614554976
2025-10-07T19:54:47.102397+00:00,919,381.903839,-35.0792694,0.452426851,-11.5529966,-6.49276209,0.577593684,6.62936115,-1.62507331,-60.8174438,-375.89682,-29.2127686,35.7244263,-78.6960907,115.732758,868.0,443.058472,2387,244487.10239683228
2025-10-07T19:54:47.358648+00:00,919,380.108093,-34.6691628,1.18489802,-11.4968204,-6.54177427,1.58831263,6.71538496,-3.46403408,-57.9649429,-374.119049,-34.0176544,35.724453,-78.6960678,120.537651,869.0,443.314728,2387,244487.35864810713
2025-10-07T19:54:47.614899+00:00,919,378.434082,-34.6423721,1.34124672,-11.4968204,-6.52893925,1.58707082,6.71389723,-3.46188188,-57.5591583,-372.39917,-34.9021683,35.7244568,-78.6960526,121.422165,869.0,443.570984,2387,244487.61489938965
2025-10-07T19:54:47.871151+00:00,919,376.591553,-34.2466545,0.731315374,-11.4160576,-6.63445139,2.47979355,6.48697901,-1.48423195,-54.6110725,-371.332489,-30.8387165,35.7244835,-78.6960373,117.358711,870.0,443.827209,2387,244487.87115067194
2025-10-07T19:54:48.127402+00:00,919,374.892517,-34.1849022,0.808888912,-11.4160576,-6.62929583,2.47768164,6.4866395,-1.48571825,-53.9777069,-369.670288,-31.2200851,35.7244911,-78.696022,117.740082,870.0,444.083466,2387,244488.12740195447
2025-10-07T19:54:48.383653+00:00,919,373.194336,-34.1223564,0.887062669,-11.4160576,-6.62483931,2.47768164,6.4866395,-1.48571825,-53.3427963,-368.008087,-31.6008034,35.7244949,-78.696,118.120796,870.0,444.339722,2387,244488.383653247
2025-10-07T19:54:48.639905+00:00,919,371.532715,-33.845768,0.348620981,-10.9447842,-6.58684301,2.9612453,6.2592206,-0.0389477052,-51.2417107,-366.911621,-28.0483456,35.724514,-78.6959915,114.568336,871.0,444.595978,2387,244488.63990452976
2025-10-07T19:54:48.896156+00:00,919,369.845215,-33.7632713,0.367684871,-10.9447842,-6.58416653,2.95952129,6.26032829,-0.04385259,-50.4848862,-365.307037,-28.0630951,35.7245216,-78.6959686,114.583092,871.0,444.852234,2387,244488.89615581228
2025-10-07T19:54:49.152407+00:00,919,368.33551,-33.9000473,1.25959182,-11.6847029,-6.49136305,2.46084809,6.42297125,-2.02234697,-51.2921524,-363.193451,-33.6260567,35.724514,-78.6959457,120.146049,872.0,445.10849,2387,244489.15240709504
2025-10-07T19:54:49.408658+00:00,919,366.672638,-33.834568,1.36202073,-11.6847029,-6.4854908,2.46124625,6.42325354,-2.01949453,-50.6613503,-361.547516,-34.1419106,35.7245178,-78.6959305,120.661911,872.0,445.364716,2387,244489.40865837756
2025-10-07T19:54:49.664910+00:00,919,365.011566,-33.7684937,1.46563792,-11.6847029,-6.4789238,2.46124625,6.42325354,-2.01949453,-50.0306511,-359.90155,-34.6594086,35.7245255,-78.6959076,121.179405,872.0,445.620972,2387,244489.6649096601
2025-10-07T19:54:49.921161+00:00,919,363.169434,-33.8420029,1.1979332,-11.3502464,-6.56018639,2.22374654,6.45145226,-1.220137,-50.1992416,-358.186584,-32.7790031,35.7245216,-78.6958923,119.298996,873.0,445.877228,2387,244489.9211609426
2025-10-07T19:54:50.177412+00:00,919,361.488892,-33.7860794,1.26991212,-11.3502464,-6.5564146,2.2246294,6.45118427,-1.2207557,-49.6285248,-356.533539,-33.0922,35.7245293,-78.6958771,119.612198,873.0,446.133484,2387,244490.17741222514
2025-10-07T19:54:50.433664+00:00,919,359.831024,-33.4676819,1.03036082,-10.7657824,-6.52525806,2.7124908,6.30010843,-0.602329135,-47.3840828,-355.30249,-31.5159073,35.7245483,-78.6958618,118.035904,874.0,446.38974,2387,244490.43366350766
2025-10-07T19:54:50.689915+00:00,919,358.159302,-33.3899879,1.07626784,-10.7657824,-6.52225351,2.71172667,6.30093622,-0.605179787,-46.689724,-353.687744,-31.6727371,35.724556,-78.6958389,118.192734,874.0,446.646,2387,244490.6899147902
2025-10-07T19:54:50.946166+00:00,919,356.488434,-33.3114891,1.12231886,-10.7657824,-6.51873636,2.71172667,6.30093622,-0.605179787,-45.9948387,-352.07312,-31.8278141,35.7245598,-78.6958237,118.347809,874.0,446.902252,2387,244490.9461660727
2025-10-07T19:54:51.202417+00:00,919,354.801697,-32.6521187,1.53270185,-10.9795389,-6.47119951,3.72290826,6.23993063,-1.38675022,-41.7886543,-350.653595,-34.3514175,35.7245979,-78.6958084,120.871414,875.0,447.158478,2387,244491.20241734778
2025-10-07T19:54:51.458669+00:00,919,353.144379,-32.5268631,1.61209071,-10.9795389,-6.46273279,3.71912646,6.24099159,-1.38454652,-40.8388023,-349.054077,-34.7047844,35.7246094,-78.6957932,121.224777,875.0,447.414734,2387,244491.45866863008
2025-10-07T19:54:51.714920+00:00,919,351.484863,-32.1574287,1.47661674,-10.4150858,-6.4433,4.15054941,6.14872646,-0.969181061,-38.3765945,-347.745331,-33.7940865,35.7246284,-78.6957779,120.314079,876.0,447.671,2387,244491.7149199126
2025-10-07T19:54:51.971171+00:00,919,349.835022,-32.0108643,1.53855658,-10.4150858,-6.43314552,4.14725208,6.14952803,-0.969331503,-37.3164558,-346.16925,-34.0425644,35.7246399,-78.6957626,120.562561,876.0,447.927246,2387,244491.9711711949
2025-10-07T19:54:52.227422+00:00,919,348.187897,-31.8624744,1.60104334,-10.4150858,-6.42239666,4.14725208,6.14952803,-0.969331503,-36.2537193,-344.593414,-34.2909584,35.7246475,-78.6957397,120.810951,876.0,448.183502,2387,244492.22742248743
2025-10-07T19:54:52.483674+00:00,919,346.543549,-31.7126656,1.66411281,-10.4150858,-6.41149473,4.14725208,6.14952803,-0.969331503,-35.190979,-343.017578,-34.5393486,35.724659,-78.6957245,121.059341,876.0,448.439758,2387,244492.48367377018
2025-10-07T19:54:52.739925+00:00,919,344.902,-31.5614204,1.72777152,-10.4150858,-6.40043592,4.14725208,6.14952803,-0.969331503,-34.1282425,-341.441772,-34.7877426,35.7246666,-78.6957092,121.307739,876.0,448.695984,2387,244492.7399250527
2025-10-07T19:54:52.996176+00:00,919,343.35907,-31.0998497,1.30142713,-10.0226898,-6.32345104,4.65245485,5.96221209,-0.107027635,-31.1615143,-340.424194,-32.1837158,35.7246933,-78.695694,118.703712,877.0,448.95224,2387,244492.99617633547
2025-10-07T19:54:53.252428+00:00,919,341.905365,-30.3346062,1.44801414,-10.2077484,-6.20750904,5.57286215,5.85636044,-0.369000912,-26.503788,-339.26889,-33.0678,35.7247353,-78.6956863,119.587799,878.0,449.208496,2387,244493.252427618
2025-10-07T19:54:53.508679+00:00,919,340.317017,-30.1139565,1.48315072,-10.2077484,-6.18773079,5.56919,5.85727835,-0.370352387,-25.0798721,-337.767426,-33.1640396,35.7247505,-78.6956635,119.684036,878.0,449.464752,2387,244493.5086789005
2025-10-07T19:54:53.764930+00:00,919,338.706604,-29.9818058,1.47049475,-10.3434534,-6.19407082,5.42564154,5.8764677,-0.275305867,-24.1806736,-336.230957,-32.9577,35.7247581,-78.6956482,119.477692,879.0,449.721,2387,244493.76493018327
2025-10-07T19:54:54.021181+00:00,919,337.121826,-29.7634964,1.50203454,-10.3434534,-6.17445803,5.42464685,5.87652397,-0.275848508,-22.7916164,-334.724915,-33.0289383,35.7247696,-78.6956329,119.548935,879.0,449.977264,2387,244494.0211814658
2025-10-07T19:54:54.277433+00:00,919,335.516174,-29.6899471,1.57396543,-10.1106758,-6.18713236,5.18294573,5.9195,-0.342029601,-22.2641926,-333.115967,-33.3042,35.7247734,-78.6956177,119.824196,880.0,450.23349,2387,244494.27743274087
2025-10-07T19:54:54.533684+00:00,919,334.057617,-29.5535564,1.8412255,-10.0396147,-6.1299243,5.0423069,5.93468809,-0.803471327,-21.4133453,-331.556244,-34.7338448,35.7247849,-78.6955948,121.253845,881.0,450.489746,2387,244494.5336840234
2025-10-07T19:54:54.789935+00:00,919,332.489136,-29.346138,1.89848793,-10.0396147,-6.11150646,5.04294538,5.93440723,-0.802091,-20.1207581,-330.035583,-34.9387093,35.7247963,-78.6955795,121.45871,881.0,450.746,2387,244494.78993530592
2025-10-07T19:54:55.046187+00:00,919,330.841949,-29.2444096,2.00228095,-10.0877542,-6.14217424,4.855196,5.99665594,-0.889296532,-19.4501286,-328.369293,-35.3795319,35.7248,-78.6955643,121.899521,882.0,451.002258,2387,244495.04618658844
2025-10-07T19:54:55.302438+00:00,919,329.270355,-29.0418129,2.06517577,-10.0877542,-6.12423801,4.85579252,5.99622154,-0.888428032,-18.2054138,-326.832855,-35.6065941,35.7248116,-78.695549,122.126587,882.0,451.258514,2387,244495.30243787073
2025-10-07T19:54:55.558689+00:00,919,327.709,-28.8399258,2.48608,-10.2880602,-6.08763123,4.83604431,6.07895327,-1.67567122,-17.0269108,-325.068604,-37.8642654,35.724823,-78.6955261,124.384262,883.0,451.514771,2387,244495.55868915326
2025-10-07T19:54:55.814940+00:00,919,326.199402,-28.5150528,2.21836519,-10.5284452,-6.04225302,5.0717926,5.94582653,-0.852009058,-15.0653477,-323.830719,-36.2322083,35.7248421,-78.6955109,122.752205,884.0,451.771027,2387,244495.81494043578
2025-10-07T19:54:56.071192+00:00,919,324.653595,-28.2963066,2.28115439,-10.5284452,-6.02237511,5.07140684,5.94605827,-0.852740467,-13.7659807,-322.306976,-36.4510155,35.7248535,-78.6954956,122.971008,884.0,452.027252,2387,244496.07119171807
2025-10-07T19:54:56.327443+00:00,919,323.090485,-28.1963711,2.06907058,-10.7748976,-6.0358057,4.85447407,5.90237665,-0.217898592,-13.1069679,-320.910248,-35.1041908,35.7248573,-78.6954803,121.624191,885.0,452.283508,2387,244496.32744299292
2025-10-07T19:54:56.583694+00:00,919,321.546112,-27.9845963,2.10321093,-10.7748976,-6.01804352,4.85468388,5.90243292,-0.219969884,-11.8627806,-319.397583,-35.1618767,35.7248688,-78.6954651,121.68187,885.0,452.539764,2387,244496.5836942752
2025-10-07T19:54:56.839946+00:00,919,319.946899,-27.8372326,2.18977189,-10.8622704,-6.05082798,4.72682285,5.96529818,-0.329415023,-10.9945993,-317.782166,-35.4913406,35.7248764,-78.6954422,122.011337,886.0,452.796021,2387,244496.8399455575
2025-10-07T19:54:57.096197+00:00,919,318.31308,-27.9090881,2.15787888,-10.8700018,-6.08098745,4.19601107,5.98838615,-0.148623243,-11.3324661,-316.166443,-35.1224,35.7248726,-78.6954269,121.642395,887.0,453.052277,2387,244497.09619684002
2025-10-07T19:54:57.352448+00:00,919,316.756653,-27.7232857,2.19071555,-10.8700018,-6.0674119,4.19726706,5.98823547,-0.149180517,-10.256176,-314.632019,-35.1609955,35.724884,-78.6954117,121.680992,887.0,453.308533,2387,244497.35244813256
2025-10-07T19:54:57.608699+00:00,919,315.424927,-27.5253143,2.09184241,-12.0115595,-5.73308229,4.22708654,5.63478184,0.113204226,-9.11080265,-313.399689,-34.503952,35.7248955,-78.6954,121.023949,888.0,453.564758,2387,244497.60869941508
2025-10-07T19:54:57.864951+00:00,919,313.956665,-27.3344517,2.11062813,-12.0115595,-5.72178507,4.22778273,5.63724375,0.112901181,-8.02664948,-311.954803,-34.4756355,35.7249031,-78.6953812,120.995636,888.0,453.821,2387,244497.8649506976
2025-10-07T19:54:58.121202+00:00,919,312.363556,-27.123415,2.3016119,-11.9064922,-5.81112766,4.25823927,5.78450584,-0.250347614,-6.86400652,-310.278931,-35.3677063,35.7249146,-78.6953659,121.887703,889.0,454.077271,2387,244498.12120198036
2025-10-07T19:54:58.377453+00:00,919,310.812195,-26.8813648,2.40017796,-11.5865841,-5.8472681,4.34203625,5.85337687,-0.378914028,-5.53262,-308.698639,-35.7600021,35.724926,-78.695343,122.28,890.0,454.333527,2387,244498.3774532629
2025-10-07T19:54:58.633705+00:00,919,309.315887,-26.6787682,2.44463348,-11.5865841,-5.83116722,4.34186697,5.85303116,-0.378248096,-4.42003965,-307.198792,-35.8566284,35.7249374,-78.6953278,122.376617,890.0,454.589783,2387,244498.6337045454
2025-10-07T19:54:58.889956+00:00,919,307.677917,-26.4593887,2.75620079,-11.2919083,-5.90164042,4.36172104,6.01610041,-0.954328656,-3.2643342,-305.38382,-37.3599,35.7249451,-78.6953049,123.879898,891.0,454.846039,2387,244498.88995582794
2025-10-07T19:54:59.146207+00:00,919,306.168182,-26.2509518,2.83092642,-11.2919083,-5.88291883,4.36152363,6.01506233,-0.952936411,-2.14683819,-303.842682,-37.6031761,35.7249565,-78.6952896,124.123169,891.0,455.102264,2387,244499.14620712024
2025-10-07T19:54:59.402458+00:00,919,304.638428,-26.512125,2.85147691,-11.6423903,-5.90407324,3.4699893,6.00866652,-0.801962793,-3.52539277,-302.302765,-37.4857101,35.7249451,-78.6952744,124.005707,892.0,455.358521,2387,244499.402458403
2025-10-07T19:54:59.658710+00:00,919,303.069275,-26.0478859,3.04533243,-11.4661064,-5.89678335,4.03855038,6.06964302,-1.09294307,-1.08298993,-300.627808,-38.376461,35.724968,-78.6952591,124.896454,893.0,455.614777,2387,244499.65870968575
2025-10-07T19:54:59.914961+00:00,919,301.560455,-25.8496532,3.13013816,-11.4661064,-5.88001585,4.03852,6.06944704,-1.09218729,-0.0481094569,-299.072632,-38.6559067,35.7249756,-78.6952362,125.175903,893.0,455.871033,2387,244499.9149609685
2025-10-07T19:55:00.171212+00:00,919,300.061646,-25.4312305,3.38476253,-10.93892,-5.8341651,4.45623446,6.11668301,-1.48341596,2.10292244,-297.397217,-39.8432083,35.7249947,-78.6952209,126.363205,894.0,456.127289,2387,244500.17121225127
2025-10-07T19:55:00.427464+00:00,919,298.569427,-25.206852,3.49067974,-10.93892,-5.81243849,4.45521879,6.11663532,-1.48214197,3.24395895,-295.829956,-40.2222137,35.7250061,-78.6952057,126.742203,894.0,456.383545,2387,244500.4274635338
2025-10-07T19:55:00.683715+00:00,919,297.027893,-25.0074196,3.53144908,-10.4425182,-5.82324028,4.40591717,6.12388849,-1.33158529,4.25282192,-294.257355,-40.2504463,35.7250137,-78.6951828,126.770447,895.0,456.639801,2387,244500.68371481655
2025-10-07T19:55:00.939966+00:00,919,295.518799,-24.6195126,3.66826606,-9.8405323,-5.80155945,4.72111,6.15722513,-1.42111719,6.20711851,-292.623627,-40.7953949,35.7250328,-78.6951675,127.315384,896.0,456.896027,2387,244500.93996609907
2025-10-07T19:55:01.196217+00:00,919,294.0354,-24.3741455,3.77404785,-9.8405323,-5.77654552,4.72028732,6.15710545,-1.42093539,7.41623,-291.045929,-41.1593819,35.7250443,-78.6951523,127.679382,896.0,457.152283,2387,244501.19621737438
2025-10-07T19:55:01.452469+00:00,919,292.532745,-24.234993,3.81413412,-9.6986351,-5.77758312,4.5062542,6.14317799,-1.26202047,8.08082485,-289.508575,-41.1691246,35.7250481,-78.6951294,127.689117,897.0,457.408539,2387,244501.45246865667
2025-10-07T19:55:01.708720+00:00,919,291.055267,-23.9960022,3.91398239,-9.6986351,-5.75426,4.50632668,6.14307833,-1.26232839,9.23557472,-287.934418,-41.4927597,35.7250595,-78.6951141,128.012756,897.0,457.664795,2387,244501.70871993896
2025-10-07T19:55:01.964971+00:00,919,289.546356,-23.9137154,3.7494421,-10.0303144,-5.7559042,4.2095356,6.05165815,-0.665713787,9.62640858,-286.543274,-40.4647675,35.7250633,-78.6951,126.984764,898.0,457.921051,2387,244501.96497122126
2025-10-07T19:55:02.221223+00:00,919,288.149658,-23.563076,3.47728825,-9.88887596,-5.68501043,4.47266483,5.9091711,0.0839625597,11.3779593,-285.277374,-38.9564285,35.7250786,-78.6950836,125.476425,899.0,458.177307,2387,244502.22122250355
2025-10-07T19:55:02.477474+00:00,919,286.695374,-23.3208904,3.50734901,-9.88887596,-5.66495848,4.47262764,5.90982103,0.0808009431,12.5241222,-283.762726,-38.9373169,35.72509,-78.6950684,125.457314,899.0,458.433533,2387,244502.47747378607
2025-10-07T19:55:02.733725+00:00,919,285.227325,-23.0475235,4.12013435,-10.0849,-5.64574862,4.49494886,6.11382055,-1.21941543,13.7243061,-281.815521,-41.7886276,35.7251,-78.6950455,128.308624,900.0,458.689789,2387,244502.7337250686
2025-10-07T19:55:02.989976+00:00,919,283.783691,-22.7967796,4.22100496,-10.0849,-5.62117577,4.49479342,6.11355877,-1.21750462,14.8760319,-280.249054,-42.0994911,35.7251091,-78.6950302,128.619476,900.0,458.946045,2387,244502.98997635112
2025-10-07T19:55:03.246228+00:00,919,282.360443,-22.7243519,4.00916481,-9.98812103,-5.60738373,4.16377401,5.97897482,-0.524572074,15.1888781,-278.97464,-40.8639908,35.7251129,-78.695015,127.383987,901.0,459.202301,2387,244503.2462276262
2025-10-07T19:55:03.502479+00:00,919,280.926056,-22.4877377,4.07439423,-9.98812103,-5.58740234,4.16475,5.97917128,-0.524974346,16.2567406,-277.442383,-40.998764,35.7251244,-78.695,127.518753,901.0,459.458557,2387,244503.5024789085
2025-10-07T19:55:03.758730+00:00,919,279.496887,-22.2487926,4.14017344,-9.98812103,-5.56704044,4.16475,5.97917128,-0.524974346,17.3239632,-275.910217,-41.1332893,35.725132,-78.6949844,127.65329,901.0,459.714813,2387,244503.758730191
2025-10-07T19:55:04.014981+00:00,919,278.075775,-21.9039116,4.53417969,-9.51478386,-5.52348757,4.33421564,6.08658171,-1.18496096,18.8396,-274.107727,-42.8504601,35.7251472,-78.6949615,129.370453,902.0,459.971039,2387,244504.01498147353
2025-10-07T19:55:04.271233+00:00,919,276.663452,-21.6491661,4.63746595,-9.51478386,-5.49893188,4.33405638,6.08642244,-1.18247354,19.9501743,-272.54834,-43.151638,35.7251549,-78.6949463,129.671631,902.0,460.227295,2387,244504.27123276607
2025-10-07T19:55:04.527484+00:00,919,275.316284,-21.5327682,4.38481617,-9.24889278,-5.45450163,4.11265421,5.92052937,-0.498103201,20.4485397,-271.362366,-41.754,35.7251587,-78.694931,128.273987,903.0,460.483551,2387,244504.5274840486
2025-10-07T19:55:04.783735+00:00,919,273.806702,-21.0295792,4.4301281,-9.34362411,-5.65528154,4.52583933,6.19053793,-0.429949343,22.718071,-269.643677,-41.7887306,35.7251816,-78.6949158,128.308731,904.0,460.739807,2387,244504.78373533135
2025-10-07T19:55:05.039987+00:00,919,272.361237,-20.7563381,4.495121,-9.34362411,-5.62794542,4.52520752,6.18876553,-0.431098,23.8772449,-268.057739,-41.8995399,35.725193,-78.6948929,128.419525,904.0,460.996063,2387,244505.03998661388
2025-10-07T19:55:05.296238+00:00,919,271.100677,-20.5652504,4.69901705,-9.15240097,-5.43807745,4.38444185,6.0521841,-0.730215251,24.6309185,-266.585114,-42.6763611,35.7251968,-78.6948776,129.19635,905.0,461.252319,2387,244505.29623789663
2025-10-07T19:55:05.552489+00:00,919,269.71048,-20.2946606,4.78093,-9.15240097,-5.41288376,4.38430929,6.05242348,-0.729622245,25.7543488,-265.034393,-42.8630676,35.7252083,-78.6948624,129.383057,905.0,461.508575,2387,244505.55248917916
2025-10-07T19:55:05.808740+00:00,919,268.593048,-19.7302227,4.93271732,-10.0303507,-5.08222389,4.95203638,5.86383963,-0.932125866,28.2439022,-263.548218,-43.4379196,35.7252312,-78.6948471,129.957916,906.0,461.764801,2387,244505.80874046168
2025-10-07T19:55:06.064992+00:00,919,267.389465,-19.6057816,5.02120686,-10.0395041,-4.86789703,4.66115952,5.63264942,-0.957305968,28.6772842,-262.237366,-43.6614304,35.725235,-78.6948318,130.181427,907.0,462.021057,2387,244506.0649917442
2025-10-07T19:55:06.321243+00:00,919,266.145111,-19.3133984,5.11363316,-10.0395041,-4.84029102,4.66095972,5.63456106,-0.956681788,29.8718185,-260.793243,-43.9064445,35.7252464,-78.6948166,130.426437,907.0,462.277313,2387,244506.32124302673
2025-10-07T19:55:06.577494+00:00,919,265.328827,-19.7537842,6.00613642,-10.8191128,-4.43420172,3.27211833,5.37847137,-2.69791389,27.6087608,-259.522369,-47.8047104,35.7252235,-78.6948,134.324707,908.0,462.533569,2387,244506.57749430902
2025-10-07T19:55:06.833746+00:00,919,264.19519,-19.5361156,6.19938421,-10.8191128,-4.40950823,3.27210689,5.38028526,-2.6977725,28.448288,-258.143433,-48.4950523,35.7252312,-78.6947861,135.015045,908.0,462.789825,2387,244506.83374559108
2025-10-07T19:55:07.089997+00:00,919,263.32666,-19.1024971,5.81936884,-11.2653246,-4.03875399,3.75226974,4.86503315,-1.598629,30.3904934,-257.372803,-46.6539612,35.7252502,-78.6947784,133.17395,909.0,463.046082,2387,244507.08999687337
2025-10-07T19:55:07.346248+00:00,919,262.510132,-18.7679806,5.8098855,-10.9081554,-3.69490409,3.98410225,4.52404594,-1.36045,31.8108311,-256.394257,-46.4933929,35.7252617,-78.6947632,133.013397,910.0,463.302307,2387,244507.34624813774
2025-10-07T19:55:07.602499+00:00,919,261.565796,-18.5113926,5.92051601,-10.9081554,-3.67192221,3.98367023,4.52540588,-1.36195028,32.8317795,-255.234161,-46.8431053,35.7252731,-78.6947556,133.363098,910.0,463.558563,2387,244507.60249942026
2025-10-07T19:55:07.858751+00:00,919,260.985901,-18.6256962,5.93908739,-10.7112474,-3.2702136,3.3276279,3.99391174,-1.20823658,32.2421837,-254.720596,-46.8136,35.7252655,-78.6947479,133.333588,911.0,463.814819,2387,244507.85875070278
2025-10-07T19:55:08.115002+00:00,919,260.149445,-18.4080391,6.0383954,-10.7112474,-3.25432014,3.32706952,3.99558401,-1.20842946,33.095047,-253.696289,-47.1237717,35.7252731,-78.6947403,133.643768,911.0,464.071075,2387,244508.11500198508
2025-10-07T19:55:08.371253+00:00,919,259.818481,-18.3001518,5.78231335,-11.1618586,-2.73903704,3.19851708,3.31943369,-0.488826513,33.5819473,-253.51207,-45.9296761,35.7252769,-78.6947327,132.449677,912.0,464.327332,2387,244508.3712532676
2025-10-07T19:55:08.627505+00:00,919,259.381195,-18.3124981,6.16427565,-11.3685246,-2.38133645,2.77584243,3.04744291,-1.26113296,33.4002876,-252.788101,-47.5520897,35.7252769,-78.694725,134.072083,913.0,464.583588,2387,244508.6275045499
2025-10-07T19:55:08.883756+00:00,919,258.772064,-18.1307964,6.25921965,-11.3685246,-2.36897635,2.77661896,3.04807711,-1.26146984,34.1123543,-252.006516,-47.8754234,35.7252846,-78.6947174,134.395416,913.0,464.839813,2387,244508.88375583242
2025-10-07T19:55:09.140007+00:00,919,258.521881,-18.0849609,6.15887213,-11.4048624,-1.9006114,2.5807724,2.47206807,-0.899647713,34.3017464,-251.816177,-47.3875656,35.7252846,-78.6947174,133.907562,914.0,465.096069,2387,244509.14000712472
2025-10-07T19:55:09.396258+00:00,919,258.035736,-17.9182205,6.22824669,-11.4048624,-1.89116716,2.58081698,2.47237086,-0.898678541,34.9633942,-251.182312,-47.6177254,35.7252922,-78.6947098,134.137726,914.0,465.352325,2387,244509.39625840748
2025-10-07T19:55:09.652510+00:00,919,258.129089,-17.8700981,5.87466145,-12.0253572,-1.25464046,2.45832801,1.63743937,-0.0288451388,35.2554665,-251.525436,-46.072155,35.7252922,-78.6947098,132.592148,915.0,465.608582,2387,244509.65250969
2025-10-07T19:55:09.908761+00:00,919,258.032501,-17.4590473,6.06721067,-11.9835806,-0.889241457,3.01370955,1.44961202,-0.486302078,37.0275116,-251.011276,-46.9370537,35.7253113,-78.6947098,133.457047,916.0,465.864838,2387,244509.90876097252
2025-10-07T19:55:10.165012+00:00,919,257.805634,-17.2755699,6.10193586,-11.9835806,-0.878580928,3.01373935,1.44968903,-0.48717007,37.7998,-250.639343,-47.06213,35.7253151,-78.6947,133.582123,916.0,466.121094,2387,244510.16501225528
2025-10-07T19:55:10.421264+00:00,919,258.068542,-18.563591,6.041471,-12.241744,-0.424174905,0.107971057,0.499490887,-0.274093151,32.1391373,-251.755875,-46.7486,35.7252655,-78.6947174,133.2686,917.0,466.37735,2387,244510.4212635378
2025-10-07T19:55:10.677515+00:00,919,257.9599,-18.5536346,6.06159544,-12.241744,-0.424219251,0.104625367,0.499176383,-0.273604125,32.166153,-251.628,-46.8187714,35.7252655,-78.6947174,133.338776,917.0,466.633575,2387,244510.67751482033
2025-10-07T19:55:10.933766+00:00,919,257.851196,-18.5437145,6.0817275,-12.241744,-0.424065173,0.104625367,0.499176383,-0.273604125,32.1929626,-251.500092,-46.8888855,35.7252655,-78.6947098,133.408875,917.0,466.889832,2387,244510.93376610285
2025-10-07T19:55:11.190017+00:00,919,258.099854,-18.452467,6.22685146,-12.0189304,-0.119361438,0.25187552,0.264950097,-0.580767393,32.602581,-251.571869,-47.5836487,35.7252693,-78.6947098,134.103638,918.0,467.146088,2387,244511.19001738538
2025-10-07T19:55:11.446269+00:00,919,258.067078,-18.4347744,6.26140594,-12.0189304,-0.122594401,0.255029052,0.269007564,-0.580036283,32.6706047,-251.501328,-47.7318878,35.7252693,-78.6947098,134.251877,918.0,467.402344,2387,244511.4462686679
2025-10-07T19:55:11.702520+00:00,919,258.286163,-18.6309891,6.30634499,-11.4312344,0.0611907244,-0.115713008,0.0411974043,-0.622642756,31.8184872,-251.792618,-47.9564438,35.7252617,-78.6947174,134.47644,919.0,467.6586,2387,244511.7025199502
2025-10-07T19:55:11.958771+00:00,919,258.300476,-18.6362705,6.34172916,-11.4312344,0.0591356978,-0.114574634,0.043694485,-0.62180835,31.7902946,-251.780518,-48.1154022,35.7252617,-78.6947174,134.635406,919.0,467.914856,2387,244511.95877123272
2025-10-07T19:55:12.215023+00:00,919,258.44165,-18.7301807,5.96039391,-11.0599833,0.146348447,-0.232406393,-0.209433526,0.165837929,31.4591942,-252.280411,-46.4436646,35.7252579,-78.694725,132.963654,920.0,468.171082,2387,244512.21502251524
2025-10-07T19:55:12.471274+00:00,919,258.535278,-18.6722946,5.95598078,-10.5782366,0.181275293,-0.100824319,-0.225195095,0.145571232,31.7290211,-252.342224,-46.4453964,35.7252617,-78.694725,132.965393,921.0,468.427338,2387,244512.47127379754
2025-10-07T19:55:12.727525+00:00,919,258.581421,-18.6797657,5.94604206,-10.5782366,0.180780396,-0.100872472,-0.22441636,0.144328207,31.7032146,-252.399429,-46.408989,35.7252617,-78.694725,132.928986,921.0,468.683594,2387,244512.72752508006
2025-10-07T19:55:12.983776+00:00,919,258.65921,-18.8685493,6.06358862,-10.2366457,0.192258179,-0.440329224,-0.230242416,-0.110385597,30.8509789,-252.488388,-46.930069,35.7252541,-78.694725,133.450073,922.0,468.93985,2387,244512.98377636235
2025-10-07T19:55:13.240028+00:00,919,258.708344,-18.894865,6.06837273,-10.2366457,0.192273304,-0.439641893,-0.230009586,-0.110065699,30.73876,-252.54718,-46.9581528,35.7252541,-78.694725,133.478149,922.0,469.196106,2387,244513.24002764488
2025-10-07T19:55:13.496279+00:00,919,258.777618,-19.0552044,5.74805546,-10.2875948,0.197590172,-0.660445929,-0.382393688,0.564953685,30.0888844,-252.956726,-45.5348091,35.7252464,-78.6947327,132.05481,923.0,469.452362,2387,244513.4962789274
2025-10-07T19:55:13.752530+00:00,919,258.816528,-18.7801685,5.87550831,-10.2404299,0.16886881,-0.0877098665,-0.223734066,0.218857378,31.2972469,-252.741989,-46.1299324,35.7252579,-78.694725,132.649933,924.0,469.708588,2387,244513.75253021016
2025-10-07T19:55:14.008781+00:00,919,258.859863,-18.7871017,5.86131716,-10.2404299,0.169213369,-0.0886432528,-0.224082962,0.218631923,31.2741089,-252.799423,-46.0740356,35.7252579,-78.694725,132.594025,924.0,469.964844,2387,244514.00878149268
2025-10-07T19:55:14.265033+00:00,919,258.693207,-18.5481548,5.86768103,-10.635396,-0.17304343,0.332308,0.178454131,0.226631701,32.3170547,-252.494339,-46.091156,35.7252655,-78.694725,132.611145,925.0,470.2211,2387,244514.2650327752
2025-10-07T19:55:14.521284+00:00,919,258.649933,-18.5284576,5.85601,-10.635396,-0.17028074,0.331821769,0.175782561,0.226322681,32.4014473,-252.449783,-46.033123,35.7252693,-78.694725,132.553116,925.0,470.477356,2387,244514.52128405773
2025-10-07T19:55:14.777535+00:00,919,258.536316,-18.7830124,5.75555134,-11.2117605,-0.374296635,-0.210214794,0.272935361,0.466808766,31.271986,-252.563965,-45.5471344,35.7252579,-78.694725,132.067139,926.0,470.733612,2387,244514.7775353405
2025-10-07T19:55:15.033787+00:00,919,258.468475,-18.4561596,5.92082882,-11.6833706,-0.495389789,0.404852629,0.546032,0.0773075297,32.6886,-252.179077,-46.2940178,35.7252693,-78.6947174,132.814011,927.0,470.989868,2387,244515.033786623
2025-10-07T19:55:15.290038+00:00,919,258.342224,-18.4293633,5.92090511,-11.6833706,-0.493314564,0.404367417,0.544014215,0.0775936171,32.7917328,-252.039978,-46.273777,35.7252731,-78.6947174,132.793777,927.0,471.246124,2387,244515.2900379053
2025-10-07T19:55:15.546289+00:00,919,258.298737,-18.5462341,5.98999119,-12.0705681,-0.555165768,0.119255766,0.592402458,-0.0439628698,32.2542763,-252.011414,-46.5634079,35.7252655,-78.6947174,133.083405,928.0,471.50235,2387,244515.54628918736
2025-10-07T19:55:15.802540+00:00,919,258.157562,-18.5350246,5.99798298,-12.0705681,-0.552861214,0.119504482,0.59008646,-0.04371804,32.284996,-251.860794,-46.5742302,35.7252655,-78.6947174,133.094223,928.0,471.758606,2387,244515.80254046965
2025-10-07T19:55:16.058792+00:00,919,258.414337,-18.7181892,5.76137733,-11.9107723,-0.265733957,-0.1809697,0.173232317,0.422252923,31.5447063,-252.403473,-45.5565605,35.7252617,-78.694725,132.076553,929.0,472.014862,2387,244516.05879175194
2025-10-07T19:55:16.315043+00:00,919,258.541107,-18.4812183,6.02482748,-11.3554964,-0.14647615,0.265684813,0.220016286,-0.191618651,32.5674438,-252.181992,-46.7666626,35.7252693,-78.6947174,133.286652,930.0,472.271118,2387,244516.31504303424
2025-10-07T19:55:16.571294+00:00,919,258.503082,-18.4644,6.03702974,-11.3554964,-0.147271037,0.265191615,0.220746353,-0.190773889,32.6352272,-252.125214,-46.8152,35.7252693,-78.6947174,133.33519,930.0,472.527374,2387,244516.57129431676
2025-10-07T19:55:16.827546+00:00,919,258.616058,-18.6882477,6.33570099,-10.927021,-0.0653651655,-0.19812943,0.192579851,-0.787438869,31.59902,-252.12294,-48.1434364,35.7252617,-78.6947174,134.663437,931.0,472.78363,2387,244516.82754559905
2025-10-07T19:55:17.083797+00:00,919,258.598938,-18.6971664,6.38172197,-10.927021,-0.0654771924,-0.197549745,0.193088025,-0.785470784,31.5488148,-252.07338,-48.3435936,35.7252617,-78.6947174,134.863586,931.0,473.039856,2387,244517.08379688158
2025-10-07T19:55:17.340048+00:00,919,258.496,-18.5946655,5.7814374,-11.6841402,-0.291952968,0.0395134203,0.194271713,0.606609106,32.1009102,-252.39653,-45.6695824,35.7252655,-78.694725,132.189575,932.0,473.296112,2387,244517.34004815618
2025-10-07T19:55:17.596299+00:00,919,258.410431,-18.6535168,5.56993961,-12.1031761,-0.444603235,-0.0804487914,0.264418036,1.01895237,31.8658886,-252.5103,-44.7108765,35.7252617,-78.694725,131.230865,933.0,473.552368,2387,244517.5962994387
2025-10-07T19:55:17.852551+00:00,919,258.297089,-18.6571178,5.51612091,-12.1031761,-0.441784233,-0.0802731812,0.26306954,1.0155952,31.8453407,-252.442642,-44.4520493,35.7252617,-78.694725,130.972046,933.0,473.808624,2387,244517.852550721
2025-10-07T19:55:18.108802+00:00,919,258.281891,-18.3067169,5.76014,-12.5347118,-0.512314856,0.537588298,0.523418,0.402454227,33.3581657,-252.034,-45.5591774,35.7252769,-78.6947174,132.079178,934.0,474.06488,2387,244518.1088020033
2025-10-07T19:55:18.365053+00:00,919,258.151825,-18.2728786,5.74150085,-12.5347118,-0.509396732,0.536940753,0.520878255,0.402073622,33.4950294,-251.901154,-45.4561195,35.7252769,-78.6947174,131.97612,934.0,474.321136,2387,244518.36505329583
2025-10-07T19:55:18.621305+00:00,919,258.164215,-18.5264168,5.81862402,-12.9785767,-0.549220562,0.005921965,0.520988762,0.233492583,32.356369,-252.00383,-45.7810822,35.7252693,-78.6947174,132.301086,935.0,474.577362,2387,244518.62130457858
2025-10-07T19:55:18.877556+00:00,919,258.141937,-18.6108398,5.88810349,-13.3050165,-0.597827,-0.164138019,0.574098647,0.0958788693,31.966,-251.976578,-46.0786476,35.7252655,-78.6947174,132.598648,936.0,474.833618,2387,244518.8775558611
2025-10-07T19:55:19.133807+00:00,919,257.989044,-18.6158848,5.88866,-13.3050165,-0.596296728,-0.163125709,0.572567165,0.0964276269,31.9245586,-251.829819,-46.0534363,35.7252655,-78.6947174,132.573425,936.0,475.089874,2387,244519.13380714363
2025-10-07T19:55:19.390058+00:00,919,258.023346,-18.5889282,6.0323143,-13.7169895,-0.588603675,-0.115975894,0.622911215,-0.185194045,32.0226669,-251.733795,-46.6979218,35.7252655,-78.6947174,133.217911,937.0,475.34613,2387,244519.39005842592
2025-10-07T19:55:19.646310+00:00,919,257.873291,-18.5906792,6.0490346,-13.7169895,-0.586780727,-0.115522079,0.62108463,-0.184625775,31.9932594,-251.575073,-46.7446289,35.7252655,-78.6947098,133.264618,937.0,475.602386,2387,244519.64630970822
2025-10-07T19:55:19.902561+00:00,919,257.98584,-18.3265781,5.53812265,-14.1788254,-0.540774,0.397290349,0.455330729,0.853975177,33.2715073,-251.927689,-44.5212631,35.7252769,-78.6947174,131.04126,938.0,475.858643,2387,244519.90256099027
2025-10-07T19:55:20.158812+00:00,919,258.028534,-17.96455,5.55085,-14.5469131,-0.563209176,0.978023469,0.581524074,0.7407884,34.881958,-251.737473,-44.6119423,35.7252922,-78.6947174,131.131943,939.0,476.114899,2387,244520.15881227257
2025-10-07T19:55:20.415064+00:00,919,257.884491,-17.905508,5.51288652,-14.5469131,-0.560376,0.976340711,0.580207527,0.73922652,35.1311874,-251.588577,-44.4230614,35.7252922,-78.6947174,130.943054,939.0,476.371124,2387,244520.4150635551
2025-10-07T19:55:20.671315+00:00,919,257.969055,-17.8229218,5.81013393,-14.8244123,-0.554393411,0.986657917,0.693485916,0.0800361112,35.4546509,-251.389984,-45.7611504,35.725296,-78.6947098,132.281143,940.0,476.62738,2387,244520.67131483761
2025-10-07T19:55:20.927566+00:00,919,257.827911,-17.7616215,5.80999613,-14.8244123,-0.551389039,0.986110866,0.69139,0.0806310624,35.706852,-251.213303,-45.7399178,35.725296,-78.6947098,132.259918,940.0,476.883636,2387,244520.9275661199
2025-10-07T19:55:21.183817+00:00,919,257.917725,-18.1358185,5.92407227,-15.3191624,-0.538492441,0.223163053,0.605190754,-0.123069458,34.0394669,-251.446442,-46.2337685,35.7252846,-78.6947098,132.753754,941.0,477.139893,2387,244521.18381739475
2025-10-07T19:55:21.440069+00:00,919,257.991608,-17.7376137,5.69865465,-15.53582,-0.531679332,0.900807858,0.61246717,0.341619164,35.8564949,-251.443756,-45.2772675,35.7253,-78.6947098,131.797256,942.0,477.396149,2387,244521.44006867727
2025-10-07T19:55:21.696320+00:00,919,257.855621,-17.6819496,5.68344879,-15.53582,-0.529320955,0.900630176,0.611197889,0.340858817,36.0870209,-251.286911,-45.1900139,35.7253,-78.6947098,131.71,942.0,477.652405,2387,244521.69631995956
2025-10-07T19:55:21.952571+00:00,919,258.130768,-18.3811703,5.95464945,-15.0883665,-0.218564361,-0.388253897,0.219184235,-0.249400839,32.9727859,-251.778351,-46.3890877,35.7252731,-78.6947174,132.909088,943.0,477.90863,2387,244521.95257124185
2025-10-07T19:55:22.208823+00:00,919,258.07431,-18.400898,5.97155046,-15.0883665,-0.219845161,-0.386652529,0.220761746,-0.24854061,32.8749275,-251.721619,-46.4523239,35.7252731,-78.6947174,132.972321,943.0,478.164886,2387,244522.20882252438
2025-10-07T19:55:22.465074+00:00,919,258.147125,-18.7223778,5.85027885,-15.3107462,-0.31211102,-0.912904799,0.193303093,0.0676965043,31.4776783,-252.075378,-45.903286,35.7252579,-78.6947174,132.423279,944.0,478.421143,2387,244522.4650738069
2025-10-07T19:55:22.721325+00:00,919,258.185181,-18.3467236,5.70962572,-15.420332,-0.414190978,-0.140350848,0.339416265,0.369583368,33.1770287,-252.002823,-45.3150635,35.7252731,-78.6947174,131.835052,945.0,478.677399,2387,244522.72132508966
2025-10-07T19:55:22.977576+00:00,919,258.079254,-18.3524857,5.69270325,-15.420332,-0.41235441,-0.140559614,0.337843,0.36827597,33.1408653,-251.915985,-45.2210083,35.7252731,-78.6947174,131.741,945.0,478.933655,2387,244522.97757637218
2025-10-07T19:55:23.233828+00:00,919,258.133972,-18.3848686,5.80220127,-15.4382915,-0.459975123,-0.207969576,0.421757132,0.123230144,32.9843674,-251.903656,-45.7136841,35.7252731,-78.6947174,132.233673,946.0,479.189911,2387,244523.2338276547
2025-10-07T19:55:23.490079+00:00,919,258.017212,-18.3935947,5.79990625,-15.4382915,-0.457509309,-0.207917377,0.419334918,0.12283098,32.9311066,-251.796677,-45.6821709,35.7252731,-78.6947174,132.202164,946.0,479.446136,2387,244523.49007893723
2025-10-07T19:55:23.746330+00:00,919,258.056519,-18.1100521,5.68497658,-15.66084,-0.49016276,0.332421273,0.482644,0.361870736,34.2157,-251.752533,-45.2008743,35.7252846,-78.6947174,131.720871,947.0,479.702393,2387,244523.74633021976
2025-10-07T19:55:24.002582+00:00,919,258.095306,-17.9686947,5.92264509,-15.7825851,-0.5252,0.522775114,0.639941633,-0.155808285,34.804657,-251.516953,-46.2715836,35.7252884,-78.6947098,132.79158,948.0,479.958649,2387,244524.00258150228
2025-10-07T19:55:24.258833+00:00,919,257.96106,-17.9340229,5.9363656,-15.7825851,-0.523228705,0.521778941,0.63809675,-0.15515694,34.9377213,-251.3535,-46.3108063,35.7252922,-78.6947098,132.830795,948.0,480.214905,2387,244524.2588327848
2025-10-07T19:55:24.515084+00:00,919,258.051208,-18.3319721,5.7130022,-15.8548241,-0.506208,-0.24817808,0.420784742,0.362032473,33.2247162,-251.860626,-45.3076324,35.7252769,-78.6947174,131.827621,949.0,480.471161,2387,244524.51508406733
2025-10-07T19:55:24.771335+00:00,919,257.922333,-18.3429661,5.69751215,-15.8548241,-0.504261732,-0.247032568,0.419218451,0.361127466,33.1621056,-251.753387,-45.2155342,35.7252731,-78.6947174,131.735535,949.0,480.727417,2387,244524.77133534985
2025-10-07T19:55:25.027587+00:00,919,258.024,-18.6999168,5.84386349,-15.974225,-0.494664699,-0.883788288,0.386527747,0.0513617285,31.5635986,-251.947357,-45.854702,35.7252617,-78.6947174,132.374695,950.0,480.983673,2387,244525.02758663215
2025-10-07T19:55:25.283838+00:00,919,258.064911,-18.5183182,5.88611078,-15.8372974,-0.528700471,-0.468584269,0.485601962,-0.0222835615,32.3677826,-251.849182,-46.0631638,35.7252693,-78.6947174,132.58316,951.0,481.239899,2387,244525.28383791467
2025-10-07T19:55:25.540089+00:00,919,257.929626,-18.5411987,5.89316034,-15.8372974,-0.527012348,-0.468117416,0.484060973,-0.0220102388,32.247982,-251.724976,-46.0684929,35.7252655,-78.6947174,132.588486,951.0,481.496155,2387,244525.54008919696
2025-10-07T19:55:25.796340+00:00,919,257.992279,-18.5845585,5.92678165,-15.9175653,-0.528495252,-0.506902277,0.488882512,-0.0647992343,32.0572319,-251.784775,-46.2252808,35.7252655,-78.6947174,132.74527,952.0,481.752411,2387,244525.7963404795
2025-10-07T19:55:26.052592+00:00,919,257.857697,-18.6096249,5.93638182,-15.9175653,-0.526332319,-0.506632626,0.486940712,-0.0648844615,31.9275436,-251.660355,-46.2417412,35.7252655,-78.6947174,132.761734,952.0,482.008667,2387,244526.05259176178
2025-10-07T19:55:26.308843+00:00,919,257.964813,-18.3712921,5.60912609,-16.0191364,-0.496014625,0.00677086413,0.397597,0.625297904,33.0576096,-251.879745,-44.829071,35.7252731,-78.6947174,131.34906,953.0,482.264923,2387,244526.3088430443
2025-10-07T19:55:26.565094+00:00,919,257.999268,-18.3800526,5.74429607,-15.9523077,-0.531925261,-0.0325953402,0.487449795,0.29524067,32.9989433,-251.814377,-45.4335785,35.7252731,-78.6947174,131.953583,954.0,482.521179,2387,244526.5650943266
2025-10-07T19:55:26.821346+00:00,919,257.863129,-18.3785877,5.73265886,-15.9523077,-0.530427337,-0.0330839679,0.486003757,0.294634461,32.9901161,-251.689651,-45.3581657,35.7252731,-78.6947174,131.878159,954.0,482.777405,2387,244526.82134560889
2025-10-07T19:55:27.077597+00:00,919,257.944336,-18.5118313,5.84920883,-15.875494,-0.531631708,-0.29107,0.499245524,0.0439369082,32.3880882,-251.756729,-45.8786888,35.7252693,-78.6947174,132.398682,955.0,483.033661,2387,244527.07759689118
2025-10-07T19:55:27.333848+00:00,919,257.809,-18.5246048,5.85224342,-15.875494,-0.529586077,-0.29054141,0.49723351,0.0441452749,32.3138657,-251.629684,-45.8670731,35.7252655,-78.6947174,132.38707,955.0,483.289917,2387,244527.33384816578
2025-10-07T19:55:27.590099+00:00,919,258.070831,-18.7982025,5.78258324,-15.4207296,-0.25017345,-0.728986502,0.136504486,0.163370162,31.1433811,-252.096756,-45.5837746,35.7252579,-78.6947174,132.103775,956.0,483.546173,2387,244527.59009944808
2025-10-07T19:55:27.846351+00:00,919,258.247345,-18.9135494,6.40661907,-14.8035784,-0.111166358,-0.904113173,0.228021458,-1.16445804,30.5399647,-251.831772,-48.3711853,35.7252502,-78.6947174,134.891174,957.0,483.802429,2387,244527.84635073037
2025-10-07T19:55:28.102602+00:00,919,258.218567,-18.9619179,6.47557402,-14.8035784,-0.109869994,-0.902992129,0.228419796,-1.16111934,30.309103,-251.773117,-48.6671562,35.7252502,-78.6947174,135.187149,957.0,484.058685,2387,244528.10260201266
2025-10-07T19:55:28.358853+00:00,919,258.2117,-18.3573399,6.48731947,-14.8693371,-0.295102119,0.330921382,0.5424577,-1.01022434,32.9906197,-251.409882,-48.7645149,35.7252731,-78.6947098,135.284515,958.0,484.314911,2387,244528.35885330496
2025-10-07T19:55:28.615105+00:00,919,258.136902,-18.3338146,6.54842043,-14.8693371,-0.291835308,0.329629779,0.540130794,-1.0094173,33.0739403,-251.271927,-49.022419,35.7252731,-78.6947098,135.542419,958.0,484.571167,2387,244528.6151045875
2025-10-07T19:55:28.871356+00:00,919,258.375702,-19.0468559,6.2812891,-14.7193384,-0.0641991571,-1.01556969,0.00922711659,-0.338509679,29.9849205,-252.133423,-47.8294678,35.7252464,-78.6947174,134.349457,959.0,484.827423,2387,244528.87135587
2025-10-07T19:55:29.127607+00:00,919,258.586334,-18.405386,6.01352072,-14.7188816,0.142249346,0.35880062,-0.137998238,0.210293725,32.9125366,-252.190262,-46.7304306,35.7252731,-78.6947174,133.250427,960.0,485.083679,2387,244529.12760715254
2025-10-07T19:55:29.383858+00:00,919,258.622223,-18.3865433,6.00004673,-14.7188816,0.141148329,0.3573668,-0.136394948,0.207641736,33.0033913,-252.224792,-46.6785355,35.7252731,-78.6947174,133.198532,960.0,485.339935,2387,244529.38385843506
2025-10-07T19:55:29.640110+00:00,919,259.069214,-18.3998966,5.90336418,-14.6878376,0.666659355,0.38018617,-0.691198707,0.313841194,33.0185356,-252.74559,-46.3282127,35.7252731,-78.694725,132.848206,961.0,485.596191,2387,244529.64010971735
2025-10-07T19:55:29.896361+00:00,919,259.239563,-18.3841,5.87831926,-14.6878376,0.665926814,0.379276961,-0.690216124,0.313443124,33.1152573,-252.92215,-46.2483978,35.7252731,-78.694725,132.768402,961.0,485.852448,2387,244529.89636099988
2025-10-07T19:55:30.152612+00:00,919,260.016052,-17.965601,6.05840302,-14.8818007,1.44596267,1.2857914,-1.25341141,-0.284658253,35.0521317,-253.278061,-47.2220497,35.7252922,-78.6947327,133.742035,962.0,486.108673,2387,244530.1526122824
2025-10-07T19:55:30.408864+00:00,919,260.77,-17.5569515,5.98862123,-14.9728088,2.05394387,2.15081334,-1.74872017,-0.25920102,36.9971962,-253.803101,-47.0763359,35.7253113,-78.6947403,133.596329,963.0,486.364929,2387,244530.4088635647
2025-10-07T19:55:30.665115+00:00,919,261.297607,-17.4510689,5.98047781,-14.9728088,2.06200409,2.15167713,-1.75325859,-0.259527564,37.5485039,-254.252106,-47.1426,35.7253151,-78.6947403,133.662598,963.0,486.621185,2387,244530.66511484698
2025-10-07T19:55:30.921366+00:00,919,262.403564,-17.2362175,6.10416746,-15.4067392,2.76778793,2.52699804,-2.33067107,-0.71166575,38.6506157,-255.080368,-47.9142799,35.7253227,-78.6947556,134.434265,964.0,486.877441,2387,244530.9213661295
2025-10-07T19:55:31.177617+00:00,919,263.115173,-17.1154747,6.11410236,-15.4067392,2.77692676,2.52775478,-2.33492231,-0.713636935,39.2981834,-255.679276,-48.0974731,35.7253304,-78.6947556,134.617462,964.0,487.133698,2387,244531.1776174118
2025-10-07T19:55:31.433869+00:00,919,264.488556,-16.8741055,5.71489716,-15.0074091,3.56247616,2.98119831,-3.21436143,0.121224217,40.6764679,-257.162415,-46.5524673,35.7253418,-78.6947784,133.072464,965.0,487.389954,2387,244531.43386869432
2025-10-07T19:55:31.690120+00:00,919,265.718445,-16.4402218,5.7486105,-14.9320192,4.03703403,3.71666455,-3.5170784,-0.129643098,42.8342094,-258.00589,-46.9519653,35.7253609,-78.6947861,133.471954,966.0,487.646179,2387,244531.69011997708
2025-10-07T19:55:31.946371+00:00,919,266.754303,-16.2697792,5.71356106,-14.9320192,4.04833937,3.71688914,-3.51872778,-0.130634919,43.7865715,-258.907227,-46.9855652,35.7253723,-78.6947937,133.505554,966.0,487.902435,2387,244531.9463712596
2025-10-07T19:55:32.202623+00:00,919,268.148468,-16.2094612,5.9729948,-14.1553421,4.44722843,3.53692245,-3.81575394,-0.907374263,44.2388954,-260.002136,-48.4296379,35.7253761,-78.694809,134.949631,967.0,488.158691,2387,244532.20262254213
2025-10-07T19:55:32.458874+00:00,919,269.531525,-15.3361635,6.06127787,-13.2061558,4.74452305,5.15184259,-3.72583365,-1.18744755,48.4683952,-260.543854,-49.1423912,35.7254143,-78.694809,135.662384,968.0,488.414948,2387,244532.4588738242
2025-10-07T19:55:32.715125+00:00,919,270.839,-15.1998425,5.85027742,-12.8543215,4.87062359,4.97891855,-3.98144698,-0.634359896,49.3789291,-261.862885,-48.4079666,35.7254219,-78.6948242,134.927963,969.0,488.671204,2387,244532.71512510648
2025-10-07T19:55:32.971376+00:00,919,272.18985,-14.541708,5.73456907,-12.6817474,5.0147543,6.00346136,-3.91790843,-0.40460977,52.7022858,-262.662781,-48.1462936,35.7254524,-78.6948395,134.66629,970.0,488.92746,2387,244532.97137638877
2025-10-07T19:55:33.227628+00:00,919,273.477783,-14.2661753,5.70501661,-12.6817474,5.03867483,6.00235844,-3.91726351,-0.405106634,54.2399979,-263.666504,-48.2503395,35.7254639,-78.6948471,134.770325,970.0,489.183685,2387,244533.22762767106
2025-10-07T19:55:33.483879+00:00,919,274.845337,-14.0538912,5.84903049,-12.1855335,5.12137461,5.85994387,-3.93154883,-0.854297221,55.4700966,-264.658447,-49.1827393,35.7254753,-78.6948547,135.702728,971.0,489.439941,2387,244533.4838789536
2025-10-07T19:55:33.740130+00:00,919,276.202484,-13.4298935,5.59340286,-11.5737848,5.20946503,6.7088604,-3.89100885,-0.241587833,58.7274628,-265.539764,-48.2445526,35.7255058,-78.69487,134.764542,972.0,489.696198,2387,244533.7401302361
2025-10-07T19:55:33.996382+00:00,919,277.5495,-13.4114647,5.48996687,-11.6318789,5.22306108,6.07546473,-4.07276344,-0.0715131,59.1244545,-266.899323,-47.9873314,35.7255096,-78.6948853,134.507324,973.0,489.952454,2387,244533.9963815184
2025-10-07T19:55:34.252633+00:00,919,278.927856,-12.9261799,5.64044905,-11.1853085,5.28254843,6.54929876,-3.88983035,-0.585681,61.6752701,-267.57962,-48.9701,35.7255325,-78.6948929,135.490097,974.0,490.20871,2387,244534.25263280093
2025-10-07T19:55:34.508884+00:00,919,280.285034,-12.6364784,5.61935043,-11.1853085,5.31025,6.54902792,-3.8898983,-0.585216284,63.3533363,-268.576447,-49.1198921,35.7255478,-78.6949,135.639893,974.0,490.464966,2387,244534.50888408345
2025-10-07T19:55:34.765135+00:00,919,281.638672,-12.4752226,5.65397024,-10.6167898,5.32508373,6.26266861,-3.93293715,-0.721946836,64.4180527,-269.661407,-49.5317383,35.7255554,-78.6949158,136.051727,975.0,490.721222,2387,244534.76513536574
2025-10-07T19:55:35.021387+00:00,919,283.046326,-11.7791805,5.60888958,-10.2385502,5.41699076,7.21430874,-3.73576951,-0.658528507,68.073143,-270.226227,-49.5888596,35.7255898,-78.6949234,136.108856,976.0,490.977448,2387,244535.02138664803
2025-10-07T19:55:35.277638+00:00,919,284.435089,-12.0244303,5.38872814,-10.4711475,5.41292524,5.99811888,-4.15131903,-0.13858515,67.2863846,-272.02887,-48.7459602,35.7255821,-78.6949387,135.265961,977.0,491.233704,2387,244535.27763792264
2025-10-07T19:55:35.533889+00:00,919,285.85556,-11.7094498,5.4437871,-10.4348869,5.46327639,6.14004946,-4.09531164,-0.394032955,69.1258316,-272.960144,-49.2726059,35.7255974,-78.6949463,135.792603,978.0,491.48996,2387,244535.53388920517
2025-10-07T19:55:35.790140+00:00,919,287.258301,-11.4556303,5.41331863,-10.4348869,5.48519516,6.14062309,-4.09500217,-0.394117922,70.6996231,-274.009399,-49.373642,35.7256126,-78.6949615,135.893646,978.0,491.746216,2387,244535.79014048746
2025-10-07T19:55:36.046392+00:00,919,288.680237,-11.347373,5.36146402,-10.5471849,5.50301647,5.82710218,-4.19521666,-0.33699429,71.5882187,-275.271759,-49.3646851,35.7256203,-78.6949768,135.884674,979.0,492.002472,2387,244536.04639176975
2025-10-07T19:55:36.302643+00:00,919,290.16098,-10.5770988,5.41349554,-10.3218508,5.58929157,6.9991765,-3.8599422,-0.562693477,75.6925735,-275.633148,-49.9039917,35.7256584,-78.6949768,136.423981,980.0,492.258728,2387,244536.30264305204
2025-10-07T19:55:36.558894+00:00,919,291.561279,-10.4381695,5.34847975,-10.1879206,5.57194757,6.66111565,-3.94121289,-0.446738809,76.7532272,-276.829498,-49.823246,35.725666,-78.6949921,136.343246,981.0,492.514954,2387,244536.55889433433
2025-10-07T19:55:36.815146+00:00,919,292.984741,-10.0322409,5.33372116,-9.90847874,5.59706497,6.9599514,-3.83661652,-0.480151832,79.1208725,-277.632019,-50.0041885,35.7256889,-78.695,136.524185,982.0,492.77121,2387,244536.81514561662
2025-10-07T19:55:37.071397+00:00,919,294.422638,-9.74988556,5.30802202,-9.90847874,5.62506342,6.95959377,-3.83689284,-0.480167,80.9040604,-278.615295,-50.1272163,35.7257042,-78.695015,136.647217,982.0,493.027466,2387,244537.07139689891
2025-10-07T19:55:37.327648+00:00,919,295.81781,-9.6907568,5.39472389,-9.89898777,5.59256124,6.44038916,-3.89820981,-0.757719517,81.5555878,-279.777557,-50.807354,35.7257118,-78.6950226,137.327347,983.0,493.283722,2387,244537.3276481733
2025-10-07T19:55:37.583899+00:00,919,297.379578,-9.12131,4.93788862,-9.64214802,5.69613552,7.20996904,-3.91589284,0.369048864,84.9313202,-280.792694,-48.7520027,35.7257423,-78.6950378,135.272,984.0,493.539978,2387,244537.58389945535
2025-10-07T19:55:37.840151+00:00,919,298.774048,-8.92140102,4.7717042,-9.41038227,5.65679455,7.01450872,-3.9539845,0.633879066,86.3675613,-281.93988,-48.1298866,35.7257538,-78.6950455,134.649887,985.0,493.796234,2387,244537.84015073764
2025-10-07T19:55:38.096402+00:00,919,300.179932,-8.53026581,4.84551573,-9.16752815,5.64137745,7.24816227,-3.75841522,0.238905415,88.70401,-282.601257,-48.7456703,35.7257767,-78.6950531,135.265656,986.0,494.05246,2387,244538.09640201993
2025-10-07T19:55:38.352653+00:00,919,301.629486,-8.24771309,4.78748131,-9.16752815,5.67137051,7.24791527,-3.75894809,0.238907054,90.5611,-283.564575,-48.6844749,35.7257919,-78.6950684,135.204468,986.0,494.308716,2387,244538.352653302
2025-10-07T19:55:38.608905+00:00,919,303.021332,-8.16329765,4.97364,-9.07339,5.61311054,6.74802399,-3.74242949,-0.389220685,91.3507156,-284.585297,-49.8818474,35.7258,-78.695076,136.40184,987.0,494.564972,2387,244538.60890458428
2025-10-07T19:55:38.865156+00:00,919,304.525452,-7.75603104,4.49872446,-8.93955898,5.6665225,7.14947081,-3.81805182,0.781380892,93.9872818,-285.713501,-47.6439,35.7258224,-78.6950912,134.163895,988.0,494.821228,2387,244538.86515586657
2025-10-07T19:55:39.121407+00:00,919,305.949646,-7.6455555,4.47051287,-9.57897568,5.63126945,6.76345158,-3.8734374,0.646192968,94.9929657,-286.887421,-47.7193184,35.7258339,-78.6951065,134.239319,989.0,495.077484,2387,244539.12140714863
2025-10-07T19:55:39.377658+00:00,919,307.34494,-7.25098753,4.66327429,-9.68678,5.6167078,7.04019833,-3.6129179,-0.0509577878,97.3727493,-287.371124,-48.9622726,35.725853,-78.6951065,135.482269,990.0,495.33374,2387,244539.37765843116
2025-10-07T19:55:39.633910+00:00,919,308.787689,-6.98833179,4.62201405,-9.68678,5.64284,7.0401659,-3.6135,-0.0501675978,99.1767,-288.297241,-48.974781,35.7258682,-78.6951218,135.494781,990.0,495.59,2387,244539.63390971345
2025-10-07T19:55:39.890161+00:00,919,310.236938,-6.72812796,4.58110857,-9.68678,5.66820621,7.0401659,-3.6135,-0.0501675978,100.980743,-289.223206,-48.9876366,35.7258873,-78.6951294,135.507629,990.0,495.846222,2387,244539.89016099574
2025-10-07T19:55:40.146412+00:00,919,311.656189,-6.28866482,4.67643213,-9.79056931,5.68267727,7.39615774,-3.40260053,-0.376067758,103.661232,-289.6745,-49.7254143,35.7259102,-78.695137,136.245407,991.0,496.102478,2387,244540.14641227826
2025-10-07T19:55:40.402664+00:00,919,313.043732,-6.4631424,4.45430422,-9.89856625,5.64593363,6.49534512,-3.77782297,0.0941879,103.292412,-291.463074,-48.7478256,35.7259064,-78.6951523,135.267822,992.0,496.358734,2387,244540.40266356056
2025-10-07T19:55:40.658915+00:00,919,314.495667,-6.35611773,4.3507328,-9.88060665,5.67131615,6.26269,-3.89853215,0.227901831,104.353165,-292.701508,-48.4126244,35.7259178,-78.6951675,134.932617,993.0,496.615,2387,244540.65891484285
2025-10-07T19:55:40.915166+00:00,919,315.951294,-6.14212227,4.29887104,-9.88060665,5.68932915,6.2635746,-3.8980844,0.227434635,105.958664,-293.700226,-48.354538,35.7259293,-78.6951828,134.874542,993.0,496.871246,2387,244540.91516612514
2025-10-07T19:55:41.171417+00:00,919,317.40976,-5.98778582,4.56544542,-9.83743095,5.70534,6.10944414,-3.83492446,-0.531587124,107.170921,-294.549957,-50.036705,35.7259407,-78.6951904,136.556702,994.0,497.127502,2387,244541.17141740766
2025-10-07T19:55:41.427669+00:00,919,318.910553,-5.52907228,4.60972643,-9.64896,5.76394463,6.62990618,-3.64045691,-0.683247685,110.052406,-295.026367,-50.5159035,35.7259674,-78.6951904,137.035904,995.0,497.383728,2387,244541.42766868995
2025-10-07T19:55:41.683920+00:00,919,320.400696,-5.46343231,4.24848938,-9.68312645,5.79246855,6.34463739,-3.91343927,0.186053976,111.018005,-296.571167,-48.7561569,35.725975,-78.6952133,135.276154,996.0,497.639984,2387,244541.68391997225
2025-10-07T19:55:41.940171+00:00,919,321.864044,-5.17432833,4.40098476,-9.98264599,5.80963564,6.49021053,-3.76805854,-0.33256793,112.994659,-297.231,-49.8238831,35.7259941,-78.6952209,136.343872,997.0,497.89624,2387,244541.94017125454
2025-10-07T19:55:42.196423+00:00,919,323.355,-4.95901871,4.37512922,-9.98264599,5.82744694,6.49011612,-3.76798439,-0.332453758,114.657722,-298.196533,-49.909008,35.7260094,-78.6952286,136.429,997.0,498.152496,2387,244542.1964225366
2025-10-07T19:55:42.452674+00:00,919,324.87,-4.7967062,4.50807285,-10.1143551,5.86624908,6.36698389,-3.77397394,-0.74947679,116.009796,-299.153564,-50.8860855,35.7260208,-78.6952362,137.406082,998.0,498.408752,2387,244542.4526738189
2025-10-07T19:55:42.708925+00:00,919,326.376,-4.55697203,4.64586115,-10.052536,5.89281511,6.4232831,-3.69484925,-1.12908947,117.772141,-299.929962,-51.8946075,35.7260361,-78.6952515,138.414612,999.0,498.665,2387,244542.70892510118
2025-10-07T19:55:42.965176+00:00,919,327.895599,-4.52749729,4.40184784,-9.92114544,5.9086256,6.0679245,-3.96269417,-0.461006731,118.554543,-301.46991,-50.7567368,35.7260437,-78.6952667,137.276733,1000.0,498.921234,2387,244542.96517638347
2025-10-07T19:55:43.221428+00:00,919,329.426941,-4.27751303,4.40885305,-9.67778301,5.94091702,6.21032953,-3.90869451,-0.5361467,120.43866,-302.345062,-51.0304832,35.7260628,-78.6952744,137.550476,1001.0,499.17749,2387,244543.22142767577
2025-10-07T19:55:43.477679+00:00,919,330.951111,-4.08510733,4.39206362,-9.67778301,5.95536661,6.21040344,-3.90849972,-0.536447287,122.030144,-303.346558,-51.1680527,35.7260742,-78.6952896,137.688049,1001.0,499.433746,2387,244543.47767895806
2025-10-07T19:55:43.733930+00:00,919,332.483337,-3.827564,4.45071554,-9.81668282,5.98752975,6.35776281,-3.82794571,-0.742565453,123.957542,-304.143,-51.7370529,35.7260933,-78.6953,138.25705,1002.0,499.69,2387,244543.7339302406
2025-10-07T19:55:43.990182+00:00,919,334.00061,-3.79640579,4.57812691,-9.99687386,5.99818373,5.96843958,-3.93295956,-1.10976887,124.649025,-305.354065,-52.7061691,35.7261,-78.6953049,139.226166,1003.0,499.946259,2387,244543.9901815231
2025-10-07T19:55:44.246433+00:00,919,335.653381,-3.69825935,4.29578352,-10.3354406,6.08196402,5.85631037,-4.19378138,-0.33439827,125.889076,-306.888,-51.3312836,35.7261124,-78.6953278,137.851288,1004.0,500.202515,2387,244544.2464328054
2025-10-07T19:55:44.502684+00:00,919,337.20575,-3.36457419,4.35267973,-10.295495,6.09914875,6.22269821,-3.99870706,-0.55650121,128.26265,-307.511841,-51.893013,35.7261314,-78.6953354,138.41301,1005.0,500.458771,2387,244544.50268408793
2025-10-07T19:55:44.758935+00:00,919,338.770325,-3.1818192,4.33658409,-10.295495,6.11244822,6.22243547,-3.99861789,-0.556717753,129.857071,-308.536469,-52.035759,35.7261467,-78.695343,138.555756,1005.0,500.715,2387,244544.75893537022
2025-10-07T19:55:45.015187+00:00,919,340.20694,-3.20080686,4.3563323,-10.7099094,6.04810667,5.74756527,-4.11402273,-0.647192836,130.297546,-309.871643,-52.3727226,35.7261505,-78.6953583,138.892715,1006.0,500.971252,2387,244545.0151866525
2025-10-07T19:55:45.271438+00:00,919,341.7948,-2.88132119,4.39387894,-10.6358404,6.09209061,6.10470676,-3.9651978,-0.778401673,132.643173,-310.545319,-52.8308182,35.7261696,-78.6953659,139.350815,1007.0,501.227509,2387,244545.2714379348
2025-10-07T19:55:45.527689+00:00,919,343.40274,-2.55833,4.12207413,-10.5174494,6.13631296,6.48270702,-3.94026065,-0.076030761,135.132141,-311.474792,-51.4606743,35.7261925,-78.6953735,137.980667,1008.0,501.483765,2387,244545.52768921686
2025-10-07T19:55:45.783940+00:00,919,345.014404,-2.19273877,4.17415857,-10.7270937,6.17392492,6.8727212,-3.74081612,-0.309861898,137.760971,-312.013947,-52.0014267,35.7262192,-78.6953812,138.521423,1009.0,501.740021,2387,244545.78394049892
2025-10-07T19:55:46.040192+00:00,919,346.598663,-1.98983383,4.14862108,-10.7270937,6.19103575,6.87203455,-3.74108696,-0.310074806,139.521622,-312.972717,-52.0809708,35.7262344,-78.6953888,138.600967,1009.0,501.996277,2387,244546.04019178098
2025-10-07T19:55:46.296443+00:00,919,348.138275,-1.831496,4.13729811,-10.6882896,6.17469788,6.76262331,-3.75164485,-0.34509021,141.021454,-313.981384,-52.2389565,35.7262459,-78.6954041,138.758957,1010.0,502.252502,2387,244546.29644304488
2025-10-07T19:55:46.552694+00:00,919,349.720703,-1.48926342,4.08136177,-10.6411667,6.19662476,7.09405565,-3.60844803,-0.25531882,143.580444,-314.598267,-52.1265106,35.7262688,-78.6954117,138.6465,1011.0,502.508759,2387,244546.55269432717
2025-10-07T19:55:46.808946+00:00,919,351.311554,-1.28717566,3.83927155,-10.6152191,6.21930885,7.11502075,-3.69562507,0.3275249,145.440033,-315.717377,-50.8876228,35.7262878,-78.6954193,137.407623,1012.0,502.765,2387,244546.80894560946
2025-10-07T19:55:47.065197+00:00,919,352.916321,-1.06823778,3.74788356,-10.7335606,6.24627972,7.15466547,-3.70200038,0.438893,147.356659,-316.670532,-50.5542068,35.7263031,-78.6954346,137.074203,1013.0,503.021271,2387,244547.06519689175
2025-10-07T19:55:47.321448+00:00,919,354.579559,-0.617829323,3.48492932,-10.7684126,6.31230164,7.7566328,-3.53072286,1.02319741,150.65686,-317.194427,-49.1618843,35.7263336,-78.6954422,135.681885,1014.0,503.277527,2387,244547.32144817404
2025-10-07T19:55:47.577699+00:00,919,356.067322,-0.450469613,3.53338432,-11.5673056,6.00211525,7.4288578,-3.27356791,0.699198902,152.210526,-318.040771,-49.6586189,35.7263489,-78.6954498,136.178619,1015.0,503.533783,2387,244547.5776994561
2025-10-07T19:55:47.833951+00:00,919,357.569763,-0.501707256,3.78268194,-12.2060585,5.79342318,6.64652491,-3.2879715,-0.15922527,152.480392,-319.316193,-51.4106407,35.7263489,-78.6954651,137.930634,1016.0,503.79,2387,244547.8339507384
2025-10-07T19:55:48.090202+00:00,919,359.248657,-0.687472224,3.87212038,-12.6808376,6.00946045,5.85830498,-3.86146688,-0.522864699,152.115234,-321.238403,-52.2154694,35.7263451,-78.6954803,138.735458,1017.0,504.046265,2387,244548.09020202068
2025-10-07T19:55:48.346453+00:00,919,360.956055,-0.461635232,3.88430786,-12.4772301,6.17430496,6.08650589,-3.90656471,-0.611822486,154.116241,-322.146179,-52.5290947,35.7263641,-78.6954956,139.049103,1018.0,504.302521,2387,244548.346453313
2025-10-07T19:55:48.602705+00:00,919,362.631622,-0.00441668602,4.06468439,-11.9290133,6.2781353,6.77365923,-3.56741667,-1.13508928,157.367249,-322.233246,-53.8794212,35.7263947,-78.6954956,140.399414,1019.0,504.558777,2387,244548.6027045955
2025-10-07T19:55:48.858956+00:00,919,364.27359,0.169020832,4.06637621,-11.655241,6.32810926,6.77050352,-3.61269498,-1.11862564,159.067352,-323.207886,-54.1249046,35.7264099,-78.6955,140.644897,1020.0,504.815033,2387,244548.85895587804
2025-10-07T19:55:49.115207+00:00,919,365.918732,0.446446121,4.08200216,-11.2247334,6.36020184,7.00098896,-3.506742,-1.13622224,161.364624,-323.871704,-54.4528351,35.726429,-78.6955109,140.972839,1021.0,505.071289,2387,244549.11520716033
2025-10-07T19:55:49.371458+00:00,919,367.590698,0.393491417,3.83094597,-10.714304,6.37749958,6.47517633,-3.91700578,-0.380166501,161.890793,-325.719971,-53.1113892,35.7264366,-78.6955338,139.631378,1022.0,505.327545,2387,244549.37145844262
2025-10-07T19:55:49.627710+00:00,919,369.240112,0.596565664,3.77418756,-10.3686466,6.39060831,6.58044958,-3.88030863,-0.268989712,163.806824,-326.648315,-52.9761963,35.7264519,-78.6955414,139.496185,1023.0,505.583771,2387,244549.62770972468
2025-10-07T19:55:49.883961+00:00,919,370.889679,0.943293691,3.82004476,-9.73731,6.40612459,7.0141573,-3.61489129,-0.47983849,166.521942,-327.060944,-53.4859428,35.7264786,-78.695549,140.005936,1024.0,505.840027,2387,244549.88396100674
2025-10-07T19:55:50.140212+00:00,919,372.5289,0.984181166,3.89456344,-9.33922768,6.39501238,6.63231134,-3.74654889,-0.766847,167.466675,-328.321716,-54.1992,35.7264862,-78.6955643,140.719193,1025.0,506.096283,2387,244550.14021228065
2025-10-07T19:55:50.396464+00:00,919,374.166107,1.26384294,4.00061035,-8.94309616,6.39986467,6.89455414,-3.53524852,-1.115803,169.784531,-328.841858,-55.104744,35.7265053,-78.6955643,141.624741,1026.0,506.352539,2387,244550.3964635627
2025-10-07T19:55:50.652715+00:00,919,375.807922,1.4401505,4.00912809,-8.94309616,6.41386461,6.89451408,-3.53557372,-1.11519206,171.551193,-329.747955,-55.3902397,35.7265205,-78.6955795,141.910233,1026.0,506.608795,2387,244550.65271484476
2025-10-07T19:55:50.908966+00:00,919,377.415863,1.52104628,4.04540586,-8.64171696,6.3958559,6.64244699,-3.62460327,-1.20212638,172.742813,-330.88147,-55.8581505,35.726532,-78.6955872,142.378143,1027.0,506.865051,2387,244550.90896612682
2025-10-07T19:55:51.165217+00:00,919,379.039429,1.79398346,4.21282196,-8.11548424,6.4028039,6.87853146,-3.40190887,-1.67827642,175.014984,-331.318146,-57.1746941,35.7265549,-78.6955948,143.694687,1028.0,507.121277,2387,244551.16521740888
2025-10-07T19:55:51.421469+00:00,919,380.670654,1.84194291,4.13592196,-8.0521574,6.40714073,6.59032536,-3.61175132,-1.35429192,176.080322,-332.66629,-56.912262,35.7265625,-78.69561,143.432251,1029.0,507.377533,2387,244551.42146869117
2025-10-07T19:55:51.677720+00:00,919,382.347382,2.07804942,3.94830108,-8.00847054,6.44180775,6.82596207,-3.61363077,-0.723044038,178.319397,-333.565643,-55.9077034,35.7265816,-78.6956177,142.427704,1030.0,507.633789,2387,244551.67771997346
2025-10-07T19:55:51.933971+00:00,919,383.999695,2.24354672,3.94174933,-8.00847054,6.45420313,6.82585669,-3.61349535,-0.723907411,180.068497,-334.491577,-56.0935707,35.7266,-78.6956329,142.613571,1030.0,507.890045,2387,244551.93397125576
2025-10-07T19:55:52.190223+00:00,919,385.657349,2.34016728,4.12393904,-8.27578735,6.46184158,6.62746859,-3.62380481,-1.29571033,181.343643,-335.462524,-57.5411911,35.7266121,-78.6956406,144.061188,1031.0,508.146301,2387,244552.19022253805
2025-10-07T19:55:52.446474+00:00,919,387.314636,2.49612498,4.13837,-8.27578735,6.47304583,6.62763739,-3.62376666,-1.2953546,183.042114,-336.391083,-57.8728561,35.7266273,-78.6956482,144.392853,1031.0,508.402557,2387,244552.44647382034
2025-10-07T19:55:52.702725+00:00,919,388.955536,2.36661887,4.25556,-7.90919304,6.4733696,5.9567337,-3.94375,-1.60083318,182.997314,-338.123474,-58.9145508,35.7266235,-78.6956711,145.43454,1032.0,508.658783,2387,244552.70272510263
2025-10-07T19:55:52.958976+00:00,919,390.642822,2.62952399,4.14077759,-7.50486755,6.52581596,6.31252766,-3.86143064,-1.20630872,185.411011,-338.846344,-58.3758049,35.7266464,-78.6956787,144.895798,1033.0,508.915039,2387,244552.95897638492
2025-10-07T19:55:53.215228+00:00,919,392.316101,2.76769972,4.15117264,-7.50486755,6.53433132,6.31262779,-3.86091447,-1.20650721,187.028839,-339.835571,-58.6850471,35.7266617,-78.6956863,145.205048,1033.0,509.171295,2387,244553.2152276672
2025-10-07T19:55:53.471479+00:00,919,394.061798,3.03400183,3.97909784,-7.85798311,6.60303593,6.65811777,-3.81542,-0.700160921,189.533188,-340.626465,-57.7536926,35.7266846,-78.6957,144.273682,1034.0,509.427551,2387,244553.47147894927
2025-10-07T19:55:53.727730+00:00,919,395.726318,3.1533432,3.85364747,-7.58947372,6.59972048,6.61069,-3.88236094,-0.375133187,191.104553,-341.781403,-57.1303,35.7267,-78.6957092,143.650299,1035.0,509.683807,2387,244553.72773023156
2025-10-07T19:55:53.983982+00:00,919,397.361481,3.19825077,4.01236153,-7.49146605,6.57802153,6.34864235,-3.91649985,-0.878189147,192.09938,-342.89563,-58.4513626,35.7267075,-78.6957245,144.971359,1036.0,509.940063,2387,244553.98398151362
2025-10-07T19:55:54.240233+00:00,919,399.027252,3.47423649,4.00091457,-7.4549036,6.58107853,6.66608667,-3.72600222,-0.843111932,194.58165,-343.405884,-58.5931854,35.7267303,-78.6957321,145.113174,1037.0,510.19632,2387,244554.2402327959
2025-10-07T19:55:54.496484+00:00,919,400.714966,3.61981106,3.99821329,-7.4549036,6.59112787,6.66588974,-3.72617126,-0.842914,196.289703,-344.360779,-58.809124,35.7267456,-78.6957397,145.329117,1037.0,510.452545,2387,244554.49648407797
2025-10-07T19:55:54.752735+00:00,919,402.38208,3.66676,4.11928511,-7.51069307,6.57821608,6.41143274,-3.7901485,-1.20499337,197.339813,-345.516296,-59.8903313,35.7267532,-78.695755,146.410324,1038.0,510.708801,2387,244554.75273536026
2025-10-07T19:55:55.008987+00:00,919,404.078247,3.98511243,4.1411047,-7.43559933,6.5966568,6.82981968,-3.54123545,-1.23091197,200.105515,-345.839783,-60.2649956,35.7267799,-78.695755,146.784988,1039.0,510.965057,2387,244555.00898664232
2025-10-07T19:55:55.265238+00:00,919,405.756592,4.25900126,4.12152576,-7.62309122,6.60058498,7.11342478,-3.3741293,-1.13278723,202.61937,-346.325714,-60.3515701,35.7268028,-78.6957626,146.871567,1040.0,511.221313,2387,244555.26523792438
2025-10-07T19:55:55.521489+00:00,919,407.449615,4.4190917,4.12925959,-7.62309122,6.61303616,7.11287355,-3.37456536,-1.13277137,204.441742,-347.190674,-60.6418,35.7268181,-78.6957703,147.161804,1040.0,511.47757,2387,244555.52148920644
2025-10-07T19:55:55.777740+00:00,919,409.145782,4.57791185,4.13690519,-7.62309122,6.62524366,7.11287355,-3.37456536,-1.13277137,206.264435,-348.055389,-60.9320755,35.7268333,-78.6957779,147.452072,1040.0,511.733826,2387,244555.77774048873
2025-10-07T19:55:56.033992+00:00,919,410.696442,4.98792315,4.4835391,-8.48379707,6.32580853,7.42246,-2.62969303,-2.0415473,209.403076,-347.534271,-63.5756149,35.7268639,-78.6957779,150.095612,1041.0,511.990051,2387,244556.0339917708
2025-10-07T19:55:56.290243+00:00,919,412.201782,5.38565683,4.63849878,-9.17474,6.07586527,7.72752094,-2.05037308,-2.31653285,212.536133,-347.175842,-64.8663,35.7268906,-78.6957703,151.386292,1042.0,512.246338,2387,244556.29024305308
2025-10-07T19:55:56.546494+00:00,919,413.938477,5.75963449,4.60182905,-9.64883518,6.27348614,8.21632481,-1.98355806,-2.08799911,215.745285,-347.268463,-64.8356476,35.7269211,-78.6957703,151.355652,1043.0,512.502563,2387,244556.54649433537
2025-10-07T19:55:56.802746+00:00,919,415.57077,6.29215717,4.04282,-10.2041426,6.10051203,8.86831188,-1.60771334,-0.407390893,220.133041,-347.155457,-61.0213852,35.7269592,-78.6957703,147.541382,1044.0,512.758789,2387,244556.80274561766
2025-10-07T19:55:57.058997+00:00,919,417.137634,6.52617836,4.02945709,-10.2041426,6.12815857,8.86781693,-1.60852444,-0.408479393,222.4048,-347.567902,-61.1266022,35.7269821,-78.6957779,147.646606,1044.0,513.015076,2387,244557.05899689996
2025-10-07T19:55:57.315248+00:00,919,418.964752,5.81760788,3.8186667,-10.4174013,6.27496624,7.05533075,-3.08632588,0.0556638502,219.098877,-352.040588,-59.9548836,35.7269516,-78.6958237,146.474884,1045.0,513.271301,2387,244557.315248182
2025-10-07T19:55:57.571499+00:00,919,420.715485,5.57234955,3.95954394,-10.3543453,6.36786366,6.24375677,-3.63922811,-0.421971947,218.420456,-354.318451,-61.2574425,35.726944,-78.6958466,147.777435,1046.0,513.527588,2387,244557.57149946407
2025-10-07T19:55:57.827751+00:00,919,422.417511,5.32142687,3.77043295,-10.4272289,6.43155432,5.52716064,-4.24139357,0.0138493581,217.815033,-356.895813,-60.154438,35.7269402,-78.6958771,146.674438,1047.0,513.783813,2387,244557.82775074613
2025-10-07T19:55:58.084002+00:00,919,424.102722,5.432899,3.45934391,-10.4465723,6.48158,5.64305878,-4.34049511,0.768185318,219.52449,-358.184723,-58.1018753,35.7269554,-78.6958923,144.621872,1048.0,514.0401,2387,244558.0840020282
2025-10-07T19:55:58.340253+00:00,919,425.764191,5.52172661,3.40314388,-10.4465723,6.48672771,5.64337206,-4.33968163,0.767403424,220.970901,-359.296478,-57.9055557,35.7269669,-78.6959076,144.425552,1048.0,514.296326,2387,244558.34025331025
2025-10-07T19:55:58.596505+00:00,919,427.530273,5.1247797,3.11372352,-10.7151966,6.56565523,4.6544342,-5.13908958,1.38990569,219.481842,-362.585327,-56.0512657,35.7269554,-78.6959381,142.571259,1049.0,514.552551,2387,244558.59650459254
2025-10-07T19:55:58.852756+00:00,919,429.270142,5.01833773,3.1703639,-10.6726408,6.60408783,4.31181049,-5.33643389,1.00399661,219.669357,-364.420074,-56.7119751,35.7269554,-78.695961,143.231964,1050.0,514.808838,2387,244558.85275587483
2025-10-07T19:55:59.109007+00:00,919,430.988464,5.23217344,3.00617504,-10.5689993,6.63810205,4.74365187,-5.14766,1.29320681,221.991653,-365.197693,-55.6903725,35.7269783,-78.6959686,142.210373,1051.0,515.065063,2387,244559.1090071569
2025-10-07T19:55:59.365258+00:00,919,432.698303,5.48726273,2.99734688,-10.1382141,6.66316938,5.21175575,-4.85503244,1.11554551,224.519424,-365.654877,-55.8155098,35.727,-78.6959763,142.33551,1052.0,515.32135,2387,244559.36525843918
2025-10-07T19:55:59.621510+00:00,919,434.406219,5.55260515,2.93104672,-10.1382141,6.6673913,5.21118689,-4.85510683,1.11559844,225.85463,-366.899078,-55.5296211,35.7270126,-78.6959915,142.049622,1052.0,515.577576,2387,244559.62150972124
2025-10-07T19:55:59.877761+00:00,919,436.064453,5.65418768,3.01633716,-10.0790386,6.67769718,5.28055191,-4.7555275,0.669588149,227.339615,-367.819244,-56.3730774,35.7270241,-78.696,142.893066,1053.0,515.833862,2387,244559.87776100353
2025-10-07T19:56:00.134012+00:00,919,437.745575,5.76976824,3.16929388,-9.81891441,6.69663954,5.36941,-4.62761641,0.0614187308,228.9021,-368.634949,-57.7348251,35.7270393,-78.6960068,144.254822,1054.0,516.090088,2387,244560.1340122856
2025-10-07T19:56:00.390264+00:00,919,439.466766,5.73050833,3.33581829,-10.0313215,6.72465086,5.09349489,-4.73970556,-0.545869946,229.47406,-370.086792,-59.2323303,35.7270432,-78.696022,145.752319,1055.0,516.346313,2387,244560.39026356788
2025-10-07T19:56:00.646515+00:00,919,441.193726,5.98295784,3.26104403,-10.3724957,6.7554,5.56817198,-4.50102854,-0.344368547,232.057846,-370.589,-58.8633308,35.727066,-78.6960297,145.383331,1056.0,516.6026,2387,244560.64651484994
2025-10-07T19:56:00.902766+00:00,919,442.92514,6.06059742,3.24364,-10.3724957,6.75835657,5.56773567,-4.50093794,-0.343954235,233.484436,-371.742462,-58.9512215,35.7270813,-78.6960449,145.471222,1056.0,516.858826,2387,244560.902766132
2025-10-07T19:56:01.159017+00:00,919,444.690399,6.08933353,3.28875732,-10.7194977,6.7881279,5.45925617,-4.57255,-0.539423347,234.583786,-373.063324,-59.5295105,35.7270889,-78.6960602,146.0495,1057.0,517.115112,2387,244561.1590174243
2025-10-07T19:56:01.415269+00:00,919,446.464233,6.25149155,3.22982836,-10.7256918,6.80686903,5.68154144,-4.46966362,-0.393306166,236.614059,-373.936737,-59.2910957,35.727108,-78.6960678,145.811081,1058.0,517.371338,2387,244561.4152687066
2025-10-07T19:56:01.671520+00:00,919,448.312622,5.73132706,3.29105926,-10.9604864,6.83392906,4.30586243,-5.3397,-0.657705,234.118515,-377.575745,-60.0775,35.7270851,-78.696106,146.597504,1059.0,517.627563,2387,244561.6715199889
2025-10-07T19:56:01.927771+00:00,919,450.024628,6.02226639,3.32771111,-10.7946634,6.81081438,4.89205122,-4.92136145,-0.77202034,236.934235,-377.779541,-60.5553474,35.7271118,-78.696106,147.075348,1060.0,517.88385,2387,244561.92777127118
2025-10-07T19:56:02.184023+00:00,919,451.770081,6.07214689,3.32377052,-10.7946634,6.8122735,4.89227057,-4.92140388,-0.771805525,238.187958,-379.040619,-60.7530098,35.7271233,-78.6961212,147.27301,1060.0,518.140076,2387,244562.18402255347
2025-10-07T19:56:02.440274+00:00,919,453.475342,6.31665182,3.44672275,-10.8325167,6.78542328,5.29943895,-4.56522179,-1.12948191,240.665909,-379.323639,-61.9143524,35.7271461,-78.6961288,148.434341,1061.0,518.396362,2387,244562.44027383553
2025-10-07T19:56:02.696525+00:00,919,455.341797,5.81787634,3.47115588,-10.7676144,6.83282852,4.02725649,-5.42032576,-1.21517503,238.290543,-382.957855,-62.4263496,35.7271233,-78.696167,148.94635,1062.0,518.652588,2387,244562.6965251176
2025-10-07T19:56:02.952776+00:00,919,457.092712,5.83576584,3.48041964,-10.7676144,6.83311892,4.02866,-5.41962051,-1.21466875,239.323608,-384.346222,-62.7373047,35.7271347,-78.6961823,149.257294,1062.0,518.908875,2387,244562.95277639964
2025-10-07T19:56:03.209028+00:00,919,458.84375,5.85341501,3.48964834,-10.7676144,6.83333445,4.02866,-5.41962051,-1.21466875,240.355957,-385.735,-63.0485649,35.7271423,-78.6962,149.568558,1062.0,519.1651,2387,244563.2090276817
2025-10-07T19:56:03.465279+00:00,919,460.594818,5.87093067,3.49880672,-10.7676144,6.83354712,4.02866,-5.41962051,-1.21466875,241.388306,-387.123779,-63.3598251,35.72715,-78.6962128,149.879822,1062.0,519.421326,2387,244563.465278964
2025-10-07T19:56:03.721530+00:00,919,462.279022,6.22827673,3.70569634,-10.7908335,6.82035732,4.7065115,-4.88517189,-1.71854186,244.610718,-386.803375,-65.1971664,35.7271805,-78.6962051,151.717163,1063.0,519.677612,2387,244563.7215302463
2025-10-07T19:56:03.977782+00:00,919,464.052155,6.69959593,3.57078934,-10.6753874,6.86309147,5.63336849,-4.39996767,-1.29074419,248.831192,-386.384308,-64.3010254,35.7272186,-78.6962051,150.821014,1064.0,519.933838,2387,244563.97778152858
2025-10-07T19:56:04.234033+00:00,919,465.68512,6.78418827,3.42962146,-11.1445913,6.59084225,5.51093864,-4.22026253,-0.854472578,250.352875,-387.516663,-63.379097,35.7272339,-78.6962128,149.899094,1065.0,520.190125,2387,244564.23403280272
2025-10-07T19:56:04.490284+00:00,919,467.472687,6.98590803,3.18593073,-11.2852554,6.71539211,5.87700176,-4.22129488,-0.229347602,252.809799,-388.356079,-61.6236267,35.727253,-78.696228,148.143631,1066.0,520.44635,2387,244564.490284085
2025-10-07T19:56:04.746535+00:00,919,469.194244,7.06839085,3.16676545,-11.2852554,6.72014904,5.87688255,-4.22214031,-0.230380684,254.315475,-389.438171,-61.683094,35.7272682,-78.6962357,148.203094,1066.0,520.702637,2387,244564.74653536707
2025-10-07T19:56:05.002787+00:00,919,470.960663,7.38087893,3.19248462,-11.3365908,6.68806267,6.31237841,-3.86239,-0.332696199,257.407288,-389.476135,-62.0788536,35.7272949,-78.6962357,148.598846,1067.0,520.958862,2387,244565.00278664936
2025-10-07T19:56:05.259038+00:00,919,472.635834,7.22742844,3.05264616,-11.0144415,6.55290508,5.7318325,-4.14204836,0.00405421574,257.33136,-391.69165,-61.1790085,35.7272949,-78.6962662,147.699,1068.0,521.215088,2387,244565.25903793142
2025-10-07T19:56:05.515289+00:00,919,474.218414,7.22300577,3.00401878,-11.4667635,6.35007858,5.44477797,-4.09799623,0.085867323,258.184845,-393.070587,-60.9854736,35.7273026,-78.6962738,147.505463,1069.0,521.471375,2387,244565.5152892137
2025-10-07T19:56:05.771540+00:00,919,475.70343,7.55439949,3.08929896,-11.5759659,6.1043067,5.83726025,-3.48157501,-0.187898219,261.248901,-392.708557,-61.8285522,35.7273293,-78.6962738,148.348541,1070.0,521.7276,2387,244565.77154049577
2025-10-07T19:56:06.027792+00:00,919,477.268677,7.6450038,3.07217479,-11.5759659,6.11017704,5.83759785,-3.48263144,-0.187962502,262.744629,-393.601257,-61.8766861,35.7273445,-78.6962814,148.396683,1070.0,521.983887,2387,244566.02779177806
2025-10-07T19:56:06.284043+00:00,919,478.590973,7.54535723,2.80842328,-11.9306211,5.69113493,5.2123971,-3.50998592,0.576058745,262.901306,-395.407135,-59.8786545,35.7273445,-78.6963043,146.398651,1071.0,522.240112,2387,244566.28404306012
2025-10-07T19:56:06.540294+00:00,919,479.80484,7.71436,3.00947142,-11.9219084,5.26367855,5.13817,-2.9358964,-0.0770724788,264.653198,-395.433533,-61.6741333,35.7273598,-78.6963043,148.194122,1072.0,522.496338,2387,244566.54029434218
2025-10-07T19:56:06.796546+00:00,919,480.840637,7.82758141,3.08611798,-11.6526031,4.82919025,4.94472265,-2.49772239,-0.297547966,265.977448,-395.684937,-62.4273033,35.7273712,-78.6963043,148.947296,1073.0,522.752625,2387,244566.79654562424
2025-10-07T19:56:07.052797+00:00,919,481.807098,7.99192619,3.04158354,-11.1781855,4.42280436,4.90125275,-2.0500524,-0.123161033,267.679138,-395.755829,-62.1554871,35.7273903,-78.6963043,148.675476,1074.0,523.00885,2387,244567.05279690653
2025-10-07T19:56:07.309048+00:00,919,482.940948,8.08079147,3.02955413,-11.1781855,4.42658615,4.90077686,-2.04940844,-0.122975588,268.934967,-396.281158,-62.1870041,35.7273979,-78.696312,148.707,1074.0,523.265137,2387,244567.3090481802
2025-10-07T19:56:07.565299+00:00,919,483.616455,8.33329773,3.09673929,-10.9599648,3.83628702,4.92807,-1.26617646,-0.29812485,271.039948,-395.574249,-62.7952499,35.727417,-78.6963043,149.315247,1075.0,523.521362,2387,244567.56529946227
2025-10-07T19:56:07.821551+00:00,919,484.282043,8.61795,3.08411551,-10.5681057,3.35793805,5.08596563,-0.565770149,-0.196582183,273.400696,-394.773712,-62.7288,35.7274399,-78.6963,149.248795,1076.0,523.777649,2387,244567.82155074432
2025-10-07T19:56:08.077802+00:00,919,484.880676,8.59017,3.18904638,-10.2886038,2.88773489,4.41321,-0.403468937,-0.529640734,273.493958,-395.289459,-63.691227,35.7274399,-78.6963043,150.211227,1077.0,524.033875,2387,244568.07780202638
2025-10-07T19:56:08.334053+00:00,919,485.344879,8.73301411,3.0732224,-10.1534576,2.44073415,4.27827454,-0.0182628185,-0.0268188491,274.806854,-395.098175,-62.7556534,35.7274513,-78.6963,149.27565,1078.0,524.2901,2387,244568.33405330844
2025-10-07T19:56:08.590305+00:00,919,485.970886,8.839118,3.06654572,-10.1534576,2.44568419,4.27743959,-0.0169881079,-0.0264599156,275.903,-395.102661,-62.7624702,35.7274628,-78.6963,149.282471,1078.0,524.546387,2387,244568.5903045905
2025-10-07T19:56:08.846556+00:00,919,486.077209,8.99129677,2.96261048,-10.3872423,1.69529521,3.97271132,0.634105682,0.428116471,277.071289,-394.555389,-61.8758888,35.7274742,-78.6963,148.395889,1079.0,524.802612,2387,244568.84655587256
2025-10-07T19:56:09.102807+00:00,919,486.164886,9.18602276,2.73260069,-10.0544615,1.14279711,3.91271329,1.15991902,1.29381502,278.580353,-393.902527,-59.9174767,35.7274857,-78.6962891,146.437469,1080.0,525.058899,2387,244569.10280715438
2025-10-07T19:56:09.359058+00:00,919,486.447083,8.8465929,3.20334673,-10.1867476,0.805633068,2.3548,0.754140854,-0.620954335,276.158051,-395.316132,-63.9740105,35.7274666,-78.6963043,150.494,1081.0,525.315125,2387,244569.35905843668
2025-10-07T19:56:09.615310+00:00,919,486.346344,8.87855721,3.21619058,-10.0172501,0.391209066,2.02505946,1.02282953,-0.543070436,276.316833,-395.06665,-64.0633621,35.7274666,-78.6963,150.583359,1082.0,525.571411,2387,244569.61530971897
2025-10-07T19:56:09.871561+00:00,919,486.446869,8.94613838,3.23250675,-10.0172501,0.393333942,2.02484536,1.02343023,-0.542677283,276.835815,-394.804443,-64.2023315,35.7274704,-78.6963,150.722321,1082.0,525.827637,2387,244569.87156100126
2025-10-07T19:56:10.127812+00:00,919,486.548,9.01368713,3.24882388,-10.0172501,0.396118253,2.02484536,1.02343023,-0.542677283,277.354675,-394.542206,-64.3413925,35.7274742,-78.6963,150.861389,1082.0,526.083862,2387,244570.12781228355
2025-10-07T19:56:10.384064+00:00,919,486.146545,8.9719944,3.28344655,-9.48587132,-0.0371545,1.50162339,1.19083357,-0.555918813,276.818878,-394.383514,-64.586586,35.7274704,-78.6962891,151.106567,1083.0,526.340149,2387,244570.38406356538
2025-10-07T19:56:10.640315+00:00,919,485.935425,8.82992649,3.30886149,-9.17525864,-0.214680761,0.907536209,0.991940856,-0.573541224,275.6987,-394.873291,-64.7963791,35.727459,-78.6963,151.316376,1084.0,526.596375,2387,244570.64031484743
2025-10-07T19:56:10.896566+00:00,919,485.746246,9.02775,3.29231572,-9.05083942,-0.314925373,1.24740338,1.33641815,-0.430087328,276.973236,-393.77951,-64.5983353,35.7274704,-78.6962891,151.118317,1085.0,526.852661,2387,244570.89656612926
2025-10-07T19:56:11.152817+00:00,919,485.666138,9.08161736,3.30781078,-9.05083942,-0.312223643,1.24791431,1.33569455,-0.430201352,277.293091,-393.437378,-64.7085419,35.7274742,-78.6962814,151.228546,1085.0,527.108887,2387,244571.15281741132
2025-10-07T19:56:11.409069+00:00,919,485.513611,8.90395355,3.45368457,-9.05001926,-0.355479121,0.646490633,1.03489971,-0.861628175,275.899261,-394.02356,-65.9433212,35.7274628,-78.6962891,152.463318,1086.0,527.365112,2387,244571.40906869338
2025-10-07T19:56:11.665320+00:00,919,485.393707,8.92419052,3.33431077,-8.91999626,-0.358834654,0.645738125,0.959462941,-0.393723845,276.032837,-393.951904,-64.9217148,35.7274628,-78.6962891,151.441711,1087.0,527.621399,2387,244571.66531997544
2025-10-07T19:56:11.921571+00:00,919,485.301971,8.95667171,3.34847903,-8.91999626,-0.35800615,0.646200478,0.959698558,-0.393986464,276.19873,-393.705872,-65.0228,35.7274666,-78.6962814,151.542786,1087.0,527.877625,2387,244571.92157125773
2025-10-07T19:56:12.177823+00:00,919,485.213135,8.84064198,3.40357518,-8.79533863,-0.317891508,0.321722448,0.705432475,-0.53772229,275.315033,-394.137177,-65.4929199,35.727459,-78.6962891,152.012909,1088.0,528.133911,2387,244572.1778225398
2025-10-07T19:56:12.434074+00:00,919,485.131531,8.86059761,3.42171884,-8.79533863,-0.318104565,0.3218683,0.706301689,-0.537664533,275.397888,-393.955872,-65.6307,35.727459,-78.6962891,152.150696,1088.0,528.390137,2387,244572.43407382208
2025-10-07T19:56:12.690325+00:00,919,485.138855,8.80740261,3.3499248,-8.80948925,-0.226881355,0.227711692,0.484891325,-0.284192175,275.06955,-394.292358,-65.0384827,35.7274551,-78.6962891,151.558472,1089.0,528.646423,2387,244572.69032510414
2025-10-07T19:56:12.946576+00:00,919,485.152435,7.95188475,3.23832822,-9.06946,-0.366521865,-1.75500762,-0.746602535,0.0460083634,269.161255,-398.494324,-64.2448044,35.7274,-78.6963348,150.764801,1090.0,528.902649,2387,244572.9465763862
2025-10-07T19:56:13.202828+00:00,919,485.058807,7.89544773,3.23740339,-9.06946,-0.363788813,-1.75205505,-0.745564163,0.0451840721,268.713715,-398.684113,-64.2336426,35.7273979,-78.6963425,150.753632,1090.0,529.158875,2387,244573.20282766825
2025-10-07T19:56:13.459079+00:00,919,485.116669,7.90990686,3.14648628,-9.18562794,-0.199220642,-1.50250101,-0.81623143,0.28533718,268.891785,-398.755829,-63.4760551,35.7273979,-78.6963425,149.996063,1091.0,529.415161,2387,244573.45907895008
2025-10-07T19:56:13.715330+00:00,919,485.065704,7.85864449,3.13768935,-9.18562794,-0.198165476,-1.50165188,-0.814941347,0.28468582,268.507874,-398.963959,-63.403717,35.7273941,-78.6963425,149.923706,1091.0,529.671387,2387,244573.7153302319
2025-10-07T19:56:13.971582+00:00,919,485.187561,8.24638939,3.31234097,-9.43746853,-0.067987591,-0.548852742,-0.2579391,-0.207489371,271.206726,-397.054,-64.8229599,35.7274208,-78.6963196,151.342957,1092.0,529.927673,2387,244573.97158151373
2025-10-07T19:56:14.227833+00:00,919,485.271912,8.01730537,3.30619335,-9.67288303,0.0158490017,-0.930074036,-0.617363751,-0.195079476,269.65274,-398.214325,-64.8197174,35.7274055,-78.6963348,151.339722,1093.0,530.183899,2387,244574.22783279556
2025-10-07T19:56:14.484084+00:00,919,485.332977,7.97186184,3.47553778,-10.0882,0.0648690537,-0.953090787,-0.61763,-0.63585639,269.282135,-398.303101,-66.2562256,35.7274,-78.6963348,152.776215,1094.0,530.440186,2387,244574.48408407762
2025-10-07T19:56:14.740335+00:00,919,485.347595,8.17266941,3.19074512,-9.93708229,0.0837232843,-0.42438361,-0.417714715,0.164997727,270.840698,-397.658936,-63.8355942,35.727417,-78.6963272,150.355591,1095.0,530.696411,2387,244574.74033535967
2025-10-07T19:56:14.996587+00:00,919,485.368958,8.15499,3.18505812,-9.93708229,0.0835600346,-0.424881846,-0.417567462,0.164715022,270.731628,-397.766052,-63.7935257,35.727417,-78.6963272,150.313522,1095.0,530.952637,2387,244574.99658664173
2025-10-07T19:56:15.252838+00:00,919,485.38504,8.23773193,3.03537035,-9.69286442,0.0983843505,-0.196141377,-0.340111583,0.547320187,271.392426,-397.536682,-62.5251045,35.7274208,-78.6963272,149.045105,1096.0,531.208923,2387,244575.2528379238
2025-10-07T19:56:15.509089+00:00,919,485.416107,8.20276,2.98569,-9.32642746,0.111582771,-0.233702376,-0.394120961,0.631560206,271.188721,-397.777496,-62.1174774,35.7274208,-78.6963272,148.637466,1097.0,531.465149,2387,244575.50908920585
2025-10-07T19:56:15.765340+00:00,919,485.518372,7.81375217,2.97400784,-9.29740715,0.13805145,-0.995175779,-0.927696228,0.588745952,268.521057,-399.710876,-62.094883,35.7273979,-78.6963501,148.614883,1098.0,531.721436,2387,244575.76534048768
2025-10-07T19:56:16.021592+00:00,919,485.528564,7.95655203,3.02303052,-9.05124283,0.119004302,-0.62928915,-0.633124352,0.403894216,269.507172,-398.998077,-62.4853592,35.7274055,-78.6963425,149.005356,1099.0,531.977661,2387,244576.02159176974
2025-10-07T19:56:16.277843+00:00,919,485.559113,7.9302845,3.00973439,-9.05124283,0.119546458,-0.629207909,-0.633144379,0.404038399,269.345947,-399.160309,-62.3817673,35.7274,-78.6963425,148.901764,1099.0,532.233887,2387,244576.2778430518
2025-10-07T19:56:16.534094+00:00,919,485.5914,7.98337412,3.29926753,-8.85511494,0.10752473,-0.515809238,-0.398999482,-0.497059971,269.595612,-398.64386,-64.8096771,35.7274055,-78.6963425,151.329681,1100.0,532.490173,2387,244576.53409433409
2025-10-07T19:56:16.790346+00:00,919,485.62735,8.16262054,3.45095015,-8.59161758,0.103307568,-0.105296671,-0.0483995639,-0.899736643,270.795685,-397.667969,-66.0592346,35.727417,-78.6963272,152.579224,1101.0,532.746399,2387,244576.79034561638
2025-10-07T19:56:17.046597+00:00,919,485.666656,8.18075943,3.47335148,-8.57720661,0.101437248,-0.0567103326,-0.015486639,-0.882600904,270.933136,-397.590668,-66.2497101,35.727417,-78.6963272,152.769714,1102.0,533.002686,2387,244577.04659689867
2025-10-07T19:56:17.302848+00:00,919,485.849915,8.37267876,3.38551164,-9.11330605,0.379300117,0.55775857,0.011979308,-0.566231072,272.423462,-396.918945,-65.5054626,35.7274323,-78.6963196,152.025452,1103.0,533.258911,2387,244577.3028481805
2025-10-07T19:56:17.559099+00:00,919,485.946899,8.38644218,3.4014976,-9.11330605,0.378722,0.556928217,0.0124349752,-0.566252053,272.565918,-396.915894,-65.650589,35.7274323,-78.6963196,152.170593,1103.0,533.515198,2387,244577.55909946255
2025-10-07T19:56:17.815351+00:00,919,486.115021,8.40854359,3.48235416,-9.66949177,0.541831076,0.658602118,-0.0797017738,-0.78542906,272.773132,-396.863251,-66.3491745,35.7274361,-78.6963196,152.869171,1104.0,533.771423,2387,244577.81535074438
2025-10-07T19:56:18.071602+00:00,919,486.381226,8.60683155,3.03308058,-10.3048553,0.690136969,1.23164093,-0.0900548249,0.610023856,274.532898,-396.589233,-62.5730476,35.7274513,-78.6963196,149.093048,1105.0,534.027649,2387,244578.07160202644
2025-10-07T19:56:18.327853+00:00,919,486.557587,8.63623333,3.01257706,-10.3048553,0.689444542,1.23029208,-0.0890075862,0.608634531,274.847626,-396.612,-62.4181671,35.7274513,-78.6963196,148.938156,1105.0,534.283936,2387,244578.32785329965
2025-10-07T19:56:18.584105+00:00,919,486.190247,8.490592,3.3100698,-9.95397091,0.306108832,0.58113265,0.0690039545,-0.266195327,273.476868,-396.71109,-64.8975677,35.7274399,-78.6963196,151.417572,1106.0,534.540161,2387,244578.58410458147
2025-10-07T19:56:18.840356+00:00,919,486.268921,8.50610542,3.31724381,-9.95397091,0.307704777,0.581999719,0.0678706467,-0.266308099,273.625885,-396.693573,-64.9658203,35.7274437,-78.6963196,151.485809,1106.0,534.796448,2387,244578.8403558633
2025-10-07T19:56:19.096607+00:00,919,486.014709,8.60115719,3.3424139,-9.68953133,0.0970426127,0.6225245,0.358118355,-0.281384826,274.133392,-396.004547,-65.1275406,35.7274475,-78.696312,151.647537,1107.0,535.052673,2387,244579.09660714513
2025-10-07T19:56:19.352858+00:00,919,485.915405,8.83248425,3.18581319,-9.32479382,0.0177122504,1.0324012,0.667131424,0.197595105,275.766815,-394.96994,-63.7591095,35.7274628,-78.6963,150.279099,1108.0,535.30896,2387,244579.35285842718
2025-10-07T19:56:19.609110+00:00,919,485.876953,8.95779,3.12902737,-9.12537,-0.0154918656,1.19990575,0.804641783,0.349867135,276.643768,-394.389923,-63.2553482,35.7274704,-78.6962891,149.775345,1109.0,535.565186,2387,244579.60910970948
2025-10-07T19:56:19.865361+00:00,919,485.808685,8.66859722,3.4325726,-8.99257,-0.0545269959,0.434597135,0.460415304,-0.551229477,274.440979,-395.419464,-65.8459473,35.7274475,-78.6963043,152.365936,1110.0,535.821411,2387,244579.86536099153
2025-10-07T19:56:20.121612+00:00,919,485.794891,8.68704,3.44993138,-8.99257,-0.0538787022,0.435096622,0.460324228,-0.550654769,274.552643,-395.301483,-65.986763,35.7274513,-78.6963043,152.50676,1110.0,536.077698,2387,244580.1216122736
2025-10-07T19:56:20.377864+00:00,919,485.72229,8.83757687,3.50765562,-9.0364418,-0.0796169788,0.688780546,0.689157903,-0.653148472,275.528656,-394.457062,-66.436142,35.727459,-78.6963,152.956146,1111.0,536.333923,2387,244580.37786355565
2025-10-07T19:56:20.634115+00:00,919,485.794678,9.27062511,3.74840045,-9.13215542,-0.0306021944,1.51233673,1.3314501,-1.26001549,278.442291,-392.15921,-68.3924332,35.7274857,-78.6962662,154.91243,1112.0,536.59021,2387,244580.6341148377
2025-10-07T19:56:20.890366+00:00,919,485.850616,9.05011177,4.04675055,-9.29499722,-0.0140579296,0.878197908,0.999423444,-2.01326537,276.781708,-392.950348,-70.9417953,35.7274704,-78.6962738,157.461792,1113.0,536.846436,2387,244580.89036611977
2025-10-07T19:56:21.146617+00:00,919,485.700378,8.8791,3.95382881,-9.04929,-0.0820726156,0.436192274,0.687832415,-1.57872605,275.562866,-393.759033,-70.16996,35.727459,-78.6962814,156.689941,1114.0,537.102661,2387,244581.14661740183
2025-10-07T19:56:21.402869+00:00,919,485.679596,8.90092182,4.00285292,-9.04929,-0.0802747458,0.436659157,0.687963,-1.57856989,275.674927,-393.582642,-70.5743256,35.727459,-78.6962814,157.09433,1114.0,537.358948,2387,244581.40286868365
2025-10-07T19:56:21.659120+00:00,919,485.659241,8.92272568,4.05189657,-9.04929,-0.0786129758,0.436659157,0.687963,-1.57856989,275.786804,-393.406342,-70.9788361,35.7274628,-78.6962814,157.49884,1114.0,537.615173,2387,244581.65911996548
2025-10-07T19:56:21.915371+00:00,919,485.986206,8.44429,3.94419646,-9.36284542,0.304345101,-0.365098238,-0.404955775,-1.24027634,272.702423,-396.09024,-70.2034454,35.7274323,-78.696312,156.72345,1115.0,537.87146,2387,244581.9153712473
2025-10-07T19:56:22.171623+00:00,919,486.250183,8.06199741,3.89964747,-9.98691654,0.534150779,-1.00700343,-1.14766669,-1.07037783,270.198395,-398.173187,-69.9300156,35.7274094,-78.6963348,156.450012,1116.0,538.127686,2387,244582.1716225289
2025-10-07T19:56:22.427874+00:00,919,486.411133,8.14235306,3.82155037,-10.6447039,0.643016875,-0.677670062,-1.1088903,-0.793811619,270.89444,-398.009705,-69.2841,35.727417,-78.6963348,155.804108,1117.0,538.384,2387,244582.42787381096
2025-10-07T19:56:22.684125+00:00,919,486.575745,8.10621452,3.84234548,-10.6447039,0.642730296,-0.677936196,-1.10743523,-0.794161,270.721161,-398.293121,-69.4881744,35.727417,-78.6963348,156.008163,1117.0,538.640198,2387,244582.68412509302
2025-10-07T19:56:22.940376+00:00,919,486.904114,8.98914146,3.76911879,-11.0211363,0.765336871,1.24062014,0.0181653481,-0.523724675,277.113586,-394.403503,-68.7717514,35.7274742,-78.6962891,155.291748,1118.0,538.896423,2387,244582.94037637507
2025-10-07T19:56:23.196628+00:00,919,487.195648,9.03076,4.18827152,-11.3364058,0.836011,1.23288214,0.120023757,-1.55768442,277.331757,-393.973206,-72.331543,35.7274742,-78.6962891,158.851532,1119.0,539.15271,2387,244583.1966276569
2025-10-07T19:56:23.452879+00:00,919,487.40979,9.06224251,4.23252439,-11.3364058,0.836919546,1.23135805,0.119784564,-1.55683613,277.646515,-393.943,-72.7300797,35.727478,-78.6962891,159.250076,1119.0,539.408936,2387,244583.45287893896
2025-10-07T19:56:23.709130+00:00,919,486.777374,9.07245922,4.12244749,-11.26196,0.389112443,0.941471696,0.386088371,-1.11777961,277.421265,-393.506592,-71.7092819,35.727478,-78.6962814,158.229279,1120.0,539.665222,2387,244583.70913022102
2025-10-07T19:56:23.965382+00:00,919,486.877502,9.10173321,4.15536976,-11.26196,0.392004937,0.942211568,0.384450436,-1.11795139,277.662384,-393.408142,-71.9956055,35.727478,-78.6962814,158.515594,1120.0,539.921448,2387,244583.96538150284
2025-10-07T19:56:24.221633+00:00,919,486.319885,9.09664822,4.10393238,-10.9598465,0.12055786,0.7264148,0.52550447,-0.891282558,277.338867,-393.040039,-71.4823,35.7274742,-78.6962738,158.002289,1121.0,540.177734,2387,244584.2216327849
2025-10-07T19:56:24.477884+00:00,919,486.088,9.03492641,3.98816514,-10.5475588,0.0409768634,0.534670055,0.423269063,-0.544229805,276.84494,-393.281036,-70.487442,35.7274704,-78.6962814,157.007446,1122.0,540.43396,2387,244584.47788406673
2025-10-07T19:56:24.734135+00:00,919,486.014343,8.96610451,3.74190545,-10.3066435,0.0336117037,0.401385456,0.220761463,0.112406425,276.462158,-393.8237,-68.4215469,35.7274666,-78.6962891,154.941544,1123.0,540.690186,2387,244584.7341353488
2025-10-07T19:56:24.990387+00:00,919,485.875458,9.06332302,3.65400887,-9.98880291,0.00609846646,0.564936876,0.332284629,0.338295043,277.104858,-393.334076,-67.6474,35.7274742,-78.6962814,154.167389,1124.0,540.946472,2387,244584.9903866306
2025-10-07T19:56:25.246638+00:00,919,485.877045,9.08331203,3.64411902,-9.98880291,0.00623333966,0.564795792,0.332469732,0.33773008,277.249603,-393.248871,-67.561142,35.7274742,-78.6962814,154.081146,1124.0,541.202698,2387,244585.24663792268
2025-10-07T19:56:25.502889+00:00,919,485.784851,9.06609058,3.66204214,-9.75191593,-0.0171434432,0.469827622,0.308109373,0.256148517,277.068024,-393.238739,-67.7017365,35.7274742,-78.6962814,154.221741,1125.0,541.459,2387,244585.50288920474
2025-10-07T19:56:25.759140+00:00,919,485.766,9.12756443,3.76468205,-9.56153393,-0.00258510187,0.549996793,0.402830243,-0.0641547889,277.427399,-392.814911,-68.5499115,35.727478,-78.6962738,155.069916,1126.0,541.71521,2387,244585.75914048703
2025-10-07T19:56:26.015392+00:00,919,485.804565,8.94534779,3.7820611,-9.59498882,0.0289169922,0.133644477,0.079684414,-0.123829283,276.176941,-393.710846,-68.7325668,35.7274666,-78.6962814,155.252563,1127.0,541.971436,2387,244586.0153917691
2025-10-07T19:56:26.271643+00:00,919,485.759,8.73240089,3.90512943,-9.45968151,0.0204538628,-0.363379538,-0.191047445,-0.492014498,274.603912,-394.567108,-69.7948,35.7274513,-78.6963,156.314789,1128.0,542.227722,2387,244586.27164305115
2025-10-07T19:56:26.527894+00:00,919,485.764221,8.71981525,3.91977692,-9.45968151,0.0204809569,-0.362959117,-0.190598905,-0.491585344,274.511169,-394.615784,-69.9205399,35.7274513,-78.6963,156.440536,1128.0,542.483948,2387,244586.52789433298
2025-10-07T19:56:26.784146+00:00,919,485.703491,8.83457947,3.34612703,-10.1946192,-0.215638474,-0.0965881199,-0.0188564118,1.31473291,275.580536,-394.624084,-65.0776672,35.727459,-78.6963,151.597656,1129.0,542.740234,2387,244586.7841456148
2025-10-07T19:56:27.040397+00:00,919,485.904205,8.72406197,3.3491745,-10.537137,0.174384132,-0.12360546,-0.487892091,1.13825214,274.92392,-395.316772,-65.14888,35.7274551,-78.6963043,151.668884,1130.0,542.99646,2387,244587.04039689663
2025-10-07T19:56:27.296648+00:00,919,485.867798,8.47770405,3.64315867,-10.2327595,0.0814200863,-0.744630575,-0.642643213,0.173262388,273.03302,-396.160828,-67.6543198,35.7274361,-78.696312,154.174316,1131.0,543.252747,2387,244587.2966481696
2025-10-07T19:56:27.552899+00:00,919,485.783752,8.28821564,3.63649893,-9.8599968,0.0107254721,-1.12761748,-0.81512779,0.178406522,271.665405,-397.003296,-67.6179504,35.7274246,-78.6963196,154.137939,1132.0,543.509,2387,244587.55289945143
2025-10-07T19:56:27.809151+00:00,919,485.786682,8.24625397,3.63016343,-9.8599968,0.0119553162,-1.12706661,-0.815036416,0.178694755,271.376801,-397.212,-67.5720367,35.7274208,-78.6963272,154.092026,1132.0,543.765198,2387,244587.80915073326
2025-10-07T19:56:28.065402+00:00,919,485.679016,8.35461807,3.544451,-9.53552055,-0.0622075386,-0.822835386,-0.560966611,0.431583881,272.119446,-396.699188,-66.8198624,35.7274284,-78.6963196,153.339859,1133.0,544.021484,2387,244588.06540201508
2025-10-07T19:56:28.321653+00:00,919,485.688,8.6195507,3.28187394,-9.57986546,-0.072438404,-0.140316889,-0.201642066,1.18491781,274.107819,-395.712219,-64.5721817,35.7274475,-78.6963043,151.092178,1134.0,544.27771,2387,244588.32165329714
2025-10-07T19:56:28.577905+00:00,919,485.667633,8.77257538,3.22914529,-9.61367893,-0.0889940858,0.199559584,0.0462274216,1.24612367,275.18808,-395.013519,-64.1007919,35.7274551,-78.6963,150.620789,1135.0,544.534,2387,244588.5779045792
2025-10-07T19:56:28.834156+00:00,919,485.633118,9.10787582,3.21692085,-9.53304386,-0.0844268426,0.912813485,0.55433017,1.19256449,277.501953,-393.37561,-63.9361801,35.727478,-78.6962814,150.456177,1136.0,544.790222,2387,244588.83415586126
2025-10-07T19:56:29.090407+00:00,919,485.611664,9.14079285,3.18157268,-9.53304386,-0.0829940066,0.912140369,0.553772867,1.19241345,277.735291,-393.233978,-63.630722,35.727478,-78.6962814,150.150726,1136.0,545.046509,2387,244589.09040714332
2025-10-07T19:56:29.346658+00:00,919,485.518707,9.12070274,2.67559552,-10.1925592,-0.29093042,0.738948584,0.484197766,2.62535191,277.783813,-393.750946,-59.3698692,35.727478,-78.6962814,145.889862,1137.0,545.302734,2387,244589.34665842538
2025-10-07T19:56:29.602910+00:00,919,485.421265,9.43071,2.4303968,-10.6435022,-0.416881651,1.28750467,0.974939406,3.14953089,279.980408,-392.387787,-57.2418556,35.7275,-78.6962738,143.761856,1138.0,545.55896,2387,244589.6029097072
2025-10-07T19:56:29.859161+00:00,919,485.315735,9.48146725,2.3372,-10.6435022,-0.408802271,1.2875942,0.973369956,3.14738083,280.309845,-392.138611,-56.4366302,35.7275,-78.6962662,142.956619,1138.0,545.815247,2387,244589.85916098926
2025-10-07T19:56:30.115412+00:00,919,485.441956,9.43413639,2.5423162,-11.0151072,-0.203360081,1.17007351,0.750722587,2.26526499,279.966736,-392.284393,-58.185,35.7275,-78.6962662,144.705,1139.0,546.071472,2387,244590.11541227132
2025-10-07T19:56:30.371664+00:00,919,485.39032,9.4775753,2.47491908,-11.0151072,-0.200223789,1.16955042,0.751025379,2.26547432,280.266388,-392.092194,-57.6043663,35.7275,-78.6962662,144.124359,1139.0,546.327759,2387,244590.37166355315
2025-10-07T19:56:30.627915+00:00,919,485.339508,9.52103806,2.40752149,-11.0151072,-0.196514949,1.16955042,0.751025379,2.26547432,280.566101,-391.899719,-57.0238342,35.7275047,-78.6962662,143.543823,1139.0,546.584,2387,244590.62791483474
2025-10-07T19:56:30.884166+00:00,919,485.516968,9.13558292,2.7247889,-10.8536777,-0.0310293101,0.39092961,0.13046363,1.21002,277.863434,-393.630432,-59.7807,35.7274818,-78.6962814,146.30069,1140.0,546.84021,2387,244590.88416611656
2025-10-07T19:56:31.140417+00:00,919,485.612335,9.54599762,2.76713634,-10.5613089,0.0620629117,1.183128,0.615052044,1.01727223,280.734283,-391.661133,-60.0764542,35.7275047,-78.6962585,146.596451,1141.0,547.096497,2387,244591.14041739816
2025-10-07T19:56:31.396669+00:00,919,485.62793,9.58661747,2.73657846,-10.5613089,0.0622529536,1.18238711,0.6158548,1.01905692,281.037354,-391.503204,-59.8141785,35.7275085,-78.6962585,146.334167,1141.0,547.352722,2387,244591.39666868022
2025-10-07T19:56:31.652920+00:00,919,485.644073,9.62721443,2.70615363,-10.5613089,0.0637366474,1.18238711,0.6158548,1.01905692,281.340363,-391.345398,-59.5530434,35.7275124,-78.6962585,146.073044,1141.0,547.609,2387,244591.65291996204
2025-10-07T19:56:31.909171+00:00,919,485.660583,9.66780663,2.67572951,-10.5613089,0.0652201846,1.18238711,0.6158548,1.01905692,281.643341,-391.187592,-59.2919083,35.7275162,-78.6962585,145.811905,1141.0,547.865234,2387,244591.9091712441
2025-10-07T19:56:32.165423+00:00,919,485.67749,9.70839405,2.64530611,-10.5613089,0.0667035729,1.18238711,0.6158548,1.01905692,281.94632,-391.029755,-59.0307732,35.7275162,-78.6962585,145.550766,1141.0,548.121521,2387,244592.16542252593
2025-10-07T19:56:32.421674+00:00,919,485.993774,8.83243465,2.91321301,-10.6497955,0.22005491,-0.321593881,-0.536296844,0.265365541,275.943085,-395.304932,-61.476902,35.7274628,-78.6963043,147.996887,1142.0,548.377747,2387,244592.42167380798
2025-10-07T19:56:32.677925+00:00,919,486.127716,9.70680141,3.04892945,-10.1930132,0.267135054,1.17780554,0.52022326,-0.0180256329,282.005768,-391.01004,-62.4826775,35.7275162,-78.6962585,149.00267,1143.0,548.634,2387,244592.6779250898
2025-10-07T19:56:32.934176+00:00,919,486.195648,9.74483395,3.04904222,-10.1930132,0.267006516,1.17664361,0.520288706,-0.0161883235,282.306915,-390.876709,-62.485508,35.72752,-78.6962509,149.005508,1143.0,548.890259,2387,244592.93417637164
2025-10-07T19:56:33.190428+00:00,919,486.272583,10.1786833,3.42908454,-9.96442,0.277049839,1.78287184,1.10651708,-0.855499,285.13559,-388.398926,-65.6126862,35.7275467,-78.696228,152.132675,1144.0,549.146484,2387,244593.19042764485
2025-10-07T19:56:33.446679+00:00,919,486.461029,10.855629,3.44428611,-10.0190659,0.323514313,2.84067416,1.8644886,-0.793230176,289.851624,-385.125977,-65.638031,35.7275887,-78.6961899,152.15802,1145.0,549.402771,2387,244593.4466789269
2025-10-07T19:56:33.702930+00:00,919,486.544708,10.957345,3.46935534,-10.0190659,0.329895377,2.83862543,1.86273718,-0.792335927,290.577942,-384.649506,-65.840538,35.7275963,-78.6961823,152.360535,1145.0,549.659,2387,244593.70293020873
2025-10-07T19:56:33.959181+00:00,919,486.630066,11.0591936,3.49447179,-10.0190659,0.336238325,2.83862543,1.86273718,-0.792335927,291.305359,-384.17218,-66.0435715,35.7276,-78.6961823,152.563568,1145.0,549.915283,2387,244593.95918149056
2025-10-07T19:56:34.215433+00:00,919,486.717041,11.1610126,3.51956844,-10.0190659,0.342577934,2.83862543,1.86273718,-0.792335927,292.032745,-383.694855,-66.2466125,35.7276077,-78.6961746,152.766602,1145.0,550.171509,2387,244594.21543277238
2025-10-07T19:56:34.471684+00:00,919,486.430725,11.2334242,3.69044828,-9.71807861,0.0813576654,2.57866049,2.05952191,-1.10272264,292.256073,-382.919617,-67.6299591,35.7276115,-78.696167,154.149963,1146.0,550.427734,2387,244594.4716840542
2025-10-07T19:56:34.727935+00:00,919,486.454742,11.3321905,3.72578311,-9.71807861,0.0923319906,2.58041739,2.05485106,-1.10191989,292.916962,-382.395111,-67.9108,35.7276154,-78.6961594,154.430786,1146.0,550.684,2387,244594.72793533604
2025-10-07T19:56:34.984187+00:00,919,486.330811,10.9290075,3.83308029,-9.48367786,-0.0744780824,1.5979389,1.53001213,-1.28027284,290.057526,-384.240417,-68.8738403,35.7275887,-78.6961823,155.393829,1147.0,550.940247,2387,244594.9841866181
2025-10-07T19:56:35.240438+00:00,919,486.213531,11.2386885,3.76377368,-9.51499653,-0.163138196,1.98607552,1.89812779,-0.979473889,292.119965,-382.643829,-68.2147064,35.7276077,-78.6961594,154.734695,1148.0,551.196533,2387,244595.24043789992
2025-10-07T19:56:35.496689+00:00,919,486.172882,11.3205833,3.79625893,-9.51499653,-0.157174245,1.98703539,1.89701033,-0.979744852,292.629272,-382.157898,-68.465683,35.7276115,-78.6961594,154.985687,1148.0,551.452759,2387,244595.49668918175
2025-10-07T19:56:35.752940+00:00,919,486.133179,11.4025021,3.82875514,-9.51499653,-0.152702928,1.98703539,1.89701033,-0.979744852,293.138458,-381.671783,-68.7167435,35.7276192,-78.6961517,155.23674,1148.0,551.709,2387,244595.75294046357
2025-10-07T19:56:36.009192+00:00,919,486.094635,11.4844398,3.86124873,-9.51499653,-0.148230538,1.98703539,1.89701033,-0.979744852,293.647614,-381.185669,-68.967804,35.727623,-78.6961441,155.487793,1148.0,551.965271,2387,244596.0091917454
2025-10-07T19:56:36.265443+00:00,919,485.93396,10.9479656,3.81371379,-9.30766773,-0.234696344,0.869819343,1.09915853,-0.81067121,289.960144,-383.85144,-68.651413,35.7275887,-78.6961746,155.171417,1149.0,552.221497,2387,244596.265443027
2025-10-07T19:56:36.521694+00:00,919,485.850769,11.2025528,3.83613396,-9.35358,-0.248609066,1.2377429,1.4007746,-0.785330176,291.617401,-382.465485,-68.7782135,35.7276039,-78.6961594,155.298218,1150.0,552.477783,2387,244596.52169430882
2025-10-07T19:56:36.777946+00:00,919,485.78772,11.2576389,3.86252093,-9.35358,-0.245917186,1.23894,1.40107048,-0.785780191,291.93576,-382.106018,-68.9798584,35.7276077,-78.6961594,155.499847,1150.0,552.734,2387,244596.77794559064
2025-10-07T19:56:37.034197+00:00,919,485.698914,11.5458584,3.30960512,-9.14460945,-0.255619168,1.74161935,1.5553906,0.67828089,294.124115,-381.135162,-64.2685776,35.7276268,-78.6961441,150.788574,1151.0,552.990295,2387,244597.03419687247
2025-10-07T19:56:37.290448+00:00,919,485.627228,11.7976904,3.30905819,-9.46439743,-0.274937272,2.04628444,1.8360554,0.645564198,295.768768,-379.779602,-64.2037582,35.7276421,-78.6961288,150.723755,1152.0,553.246521,2387,244597.2904481543
2025-10-07T19:56:37.546699+00:00,919,485.557465,11.8810635,3.2926569,-9.46439743,-0.270467341,2.04547095,1.83532381,0.643797815,296.292328,-379.309662,-64.0398483,35.7276459,-78.6961288,150.559845,1152.0,553.502747,2387,244597.54669943635
2025-10-07T19:56:37.802951+00:00,919,485.326447,11.8488693,3.19099045,-9.23549366,-0.350862056,1.79749036,1.70646608,0.869044304,295.989197,-379.397766,-63.1624336,35.7276421,-78.6961288,149.682434,1153.0,553.759033,2387,244597.8029507184
2025-10-07T19:56:38.059202+00:00,919,485.237244,11.9241962,3.16779327,-9.23549366,-0.346655071,1.79773259,1.70601201,0.868054,296.449799,-378.960663,-62.9407463,35.7276459,-78.6961212,149.460739,1153.0,554.015259,2387,244598.05920200047
2025-10-07T19:56:38.315453+00:00,919,485.171661,11.9457989,2.76917195,-9.46003342,-0.312059581,1.77713418,1.49289894,1.8913511,296.751709,-379.183533,-59.5803757,35.7276497,-78.6961212,146.100372,1154.0,554.271545,2387,244598.3154532823
2025-10-07T19:56:38.571705+00:00,919,485.09552,11.912406,2.78156352,-9.46367,-0.298485726,1.57658732,1.34743357,1.69486451,296.476318,-379.285553,-59.6819305,35.7276497,-78.6961288,146.20192,1155.0,554.527771,2387,244598.5717045639
2025-10-07T19:56:38.827956+00:00,919,485.01947,11.9764709,2.73265505,-9.46367,-0.294922829,1.57686949,1.34806097,1.69373155,296.880646,-378.939819,-59.2487106,35.7276535,-78.6961212,145.768707,1155.0,554.784058,2387,244598.8279558457
2025-10-07T19:56:39.084207+00:00,919,484.944366,12.0405073,2.6836319,-9.46367,-0.291178465,1.57686949,1.34806097,1.69373155,297.284729,-378.59436,-58.8146896,35.7276535,-78.6961212,145.334686,1155.0,555.040283,2387,244599.08420712754
2025-10-07T19:56:39.340458+00:00,919,484.870239,12.1045589,2.63459015,-9.46367,-0.287432343,1.57686949,1.34806097,1.69373155,297.688782,-378.248932,-58.3806686,35.7276573,-78.6961136,144.900665,1155.0,555.296509,2387,244599.34045840005
2025-10-07T19:56:39.596710+00:00,919,484.815765,11.6737242,2.39052987,-9.36761665,-0.2634,0.72269839,0.57303524,2.17479277,294.890076,-380.662445,-56.4118423,35.7276344,-78.6961441,142.931839,1156.0,555.552795,2387,244599.59670968188
2025-10-07T19:56:39.852961+00:00,919,484.732941,11.5683432,2.31544232,-9.083848,-0.256863356,0.484208763,0.379344374,2.19275165,294.166595,-381.207611,-55.7925491,35.7276268,-78.6961441,142.312546,1157.0,555.809,2387,244599.85296096347
2025-10-07T19:56:40.109212+00:00,919,484.667358,11.5888424,2.25006,-9.083848,-0.254472077,0.485777169,0.38108629,2.19185233,294.29245,-381.108734,-55.2316208,35.7276268,-78.6961441,141.751617,1157.0,556.065308,2387,244600.1092122453
2025-10-07T19:56:40.365464+00:00,919,484.602509,11.6091309,2.18456697,-9.083848,-0.251764178,0.485777169,0.38108629,2.19185233,294.416931,-381.011078,-54.6699562,35.7276306,-78.6961441,141.189957,1157.0,556.321533,2387,244600.36546353713
2025-10-07T19:56:40.621715+00:00,919,484.53833,11.6294231,2.11905599,-9.083848,-0.249055162,0.485777169,0.38108629,2.19185233,294.541412,-380.913452,-54.1082916,35.7276306,-78.6961441,140.628296,1157.0,556.577759,2387,244600.62171481896
2025-10-07T19:56:40.877966+00:00,919,484.474854,11.6497192,2.05352736,-9.083848,-0.246345088,0.485777169,0.38108629,2.19185233,294.665894,-380.815796,-53.546627,35.7276306,-78.6961441,140.06662,1157.0,556.834045,2387,244600.87796610102
2025-10-07T19:56:41.134217+00:00,919,484.387421,11.7223768,2.18053818,-8.65870857,-0.253091931,0.548966,0.498103321,1.74311185,295.045807,-380.262024,-54.5890884,35.7276344,-78.6961365,141.109085,1158.0,557.090271,2387,244601.13421738285
2025-10-07T19:56:41.390469+00:00,919,484.33902,11.5655222,2.17303228,-8.42817783,-0.239844799,0.257590383,0.270145565,1.63062692,293.969635,-381.03833,-54.5521049,35.7276268,-78.6961441,141.072098,1159.0,557.346558,2387,244601.39046866467
2025-10-07T19:56:41.646720+00:00,919,484.277679,11.5779982,2.12425756,-8.42817783,-0.238595217,0.258143544,0.270684302,1.63167512,294.036469,-380.968536,-54.1331635,35.7276268,-78.6961441,140.653168,1159.0,557.602783,2387,244601.64671994626
2025-10-07T19:56:41.902971+00:00,919,484.216705,11.5903816,2.07556581,-8.42817783,-0.237142265,0.258143544,0.270684302,1.63167512,294.1026,-380.89917,-53.7150459,35.7276268,-78.6961441,140.235046,1159.0,557.85907,2387,244601.90297122786
2025-10-07T19:56:42.159223+00:00,919,484.156128,11.6027679,2.02686167,-8.42817783,-0.235688776,0.258143544,0.270684302,1.63167512,294.168762,-380.829834,-53.2969284,35.7276268,-78.6961441,139.816925,1159.0,558.115295,2387,244602.15922250945
2025-10-07T19:56:42.415474+00:00,919,484.095917,11.6151562,1.97814536,-8.42817783,-0.234234735,0.258143544,0.270684302,1.63167512,294.234894,-380.760468,-52.8788071,35.7276268,-78.6961441,139.398804,1159.0,558.371521,2387,244602.4154737915
2025-10-07T19:56:42.671725+00:00,919,484.050629,11.2730913,1.69028437,-8.13607693,-0.225235105,-0.254822761,-0.190136611,2.1252954,292.025238,-382.718658,-50.524437,35.7276077,-78.696167,137.044434,1160.0,558.627808,2387,244602.67172507333
2025-10-07T19:56:42.927976+00:00,919,483.94928,11.2353582,1.80369377,-7.82187843,-0.24697946,-0.325856954,-0.171203107,1.74865603,291.667,-382.737183,-51.4735909,35.7276039,-78.696167,137.993591,1161.0,558.884033,2387,244602.92797635516
2025-10-07T19:56:43.184228+00:00,919,483.886261,11.2257538,1.75088751,-7.82187843,-0.245199636,-0.324718833,-0.170502737,1.74875033,291.584747,-382.780182,-51.0254288,35.7276039,-78.696167,137.545425,1161.0,559.14032,2387,244603.184227637
2025-10-07T19:56:43.440479+00:00,919,483.817,11.181653,1.66760528,-7.56164646,-0.238127545,-0.372028649,-0.220439434,1.81369448,291.277863,-383.018555,-50.3275642,35.7276,-78.696167,136.847565,1162.0,559.396545,2387,244603.4404789188
2025-10-07T19:56:43.696730+00:00,919,483.768433,11.4785,1.60069203,-7.19667673,-0.228915185,0.12247961,0.142711043,1.85533726,293.267,-381.518097,-49.7021904,35.7276192,-78.6961517,136.222183,1163.0,559.652832,2387,244603.69673020087
2025-10-07T19:56:43.952981+00:00,919,483.719238,11.4207163,1.80872917,-6.9492321,-0.236437306,-0.0160729811,0.123926438,1.21218336,292.770935,-381.60437,-51.4548416,35.7276154,-78.6961517,137.974838,1164.0,559.909058,2387,244603.9529814827
2025-10-07T19:56:44.209233+00:00,919,483.658752,11.4234562,1.77246249,-6.9492321,-0.235671908,-0.0162020829,0.123693243,1.21312261,292.766724,-381.572784,-51.1435318,35.7276154,-78.6961517,137.663528,1164.0,560.165283,2387,244604.20923276452
2025-10-07T19:56:44.465484+00:00,919,483.59848,11.4262094,1.73624,-6.9492321,-0.23491323,-0.0162020829,0.123693243,1.21312261,292.762573,-381.541077,-50.8326683,35.7276154,-78.6961517,137.352661,1164.0,560.42157,2387,244604.46548404635
2025-10-07T19:56:44.721735+00:00,919,483.523,11.2746429,1.62557173,-6.75454235,-0.250877768,-0.296919435,-0.092647478,1.40417421,291.741547,-382.346375,-49.9260445,35.7276039,-78.6961594,136.446045,1165.0,560.677795,2387,244604.72173532817
2025-10-07T19:56:44.977987+00:00,919,483.459,11.2668543,1.58327484,-6.75454235,-0.249447539,-0.296078473,-0.0924858,1.40429437,291.66626,-382.369751,-49.5660591,35.7276039,-78.6961594,136.08606,1165.0,560.934082,2387,244604.97798661
2025-10-07T19:56:45.234238+00:00,919,483.409637,11.1758928,1.61635041,-6.79155159,-0.236239776,-0.451570153,-0.200452298,1.19371736,291.013,-382.76712,-49.8563194,35.7276,-78.696167,136.376312,1166.0,561.190308,2387,244605.23423788275
2025-10-07T19:56:45.490489+00:00,919,483.375702,11.5026741,1.55314589,-6.9372077,-0.221515968,0.197964579,0.266770631,1.28806984,293.208252,-381.122864,-49.2581291,35.7276192,-78.6961441,135.778122,1167.0,561.446533,2387,244605.49048916457
2025-10-07T19:56:45.746740+00:00,919,483.319031,11.5131865,1.51473093,-6.9372077,-0.220682934,0.197015777,0.266130626,1.28814518,293.258209,-381.055054,-48.9279785,35.7276192,-78.6961441,135.447968,1167.0,561.70282,2387,244605.7467404464
2025-10-07T19:56:46.002992+00:00,919,483.547577,10.8270245,0.843900084,-7.416605,-0.0848512053,-1.00674975,-0.987667084,3.00479579,289.00296,-385.237,-43.4511566,35.727581,-78.6961899,129.971146,1168.0,561.959045,2387,244606.00299172822
2025-10-07T19:56:46.259243+00:00,919,483.484344,10.7368336,0.80579561,-7.80928707,-0.128539652,-1.13548827,-1.00629675,2.84654593,288.366699,-385.668884,-43.14254,35.7275734,-78.6962,129.662537,1169.0,562.215332,2387,244606.25924301005
2025-10-07T19:56:46.515494+00:00,919,483.452026,10.6930494,0.71852994,-7.80928707,-0.122818328,-1.13403809,-1.00529242,2.84464717,288.076752,-385.92572,-42.4147339,35.7275734,-78.6962,128.934723,1169.0,562.471558,2387,244606.51549429187
2025-10-07T19:56:46.771746+00:00,919,483.286346,10.7828121,0.656849,-7.96253586,-0.211748496,-0.920729816,-0.726089895,2.78118062,288.602814,-385.384796,-41.8649368,35.7275772,-78.6961899,128.384933,1170.0,562.727844,2387,244606.77174557347
2025-10-07T19:56:47.027997+00:00,919,483.233,10.7491369,0.5718683,-7.96253586,-0.206048205,-0.920112312,-0.726695955,2.78065777,288.367157,-385.570953,-41.1528435,35.7275734,-78.6962,127.672836,1170.0,562.98407,2387,244607.0279968553
2025-10-07T19:56:47.284248+00:00,919,483.180817,10.7154417,0.486814857,-7.96253586,-0.201240763,-0.920112312,-0.726695955,2.78065777,288.131378,-385.757172,-40.4402962,35.7275734,-78.6962,126.960297,1170.0,563.240295,2387,244607.28424813712
2025-10-07T19:56:47.540499+00:00,919,483.052094,10.6412897,0.265999675,-8.11007881,-0.23121044,-1.01412833,-0.781024218,3.15181947,287.61026,-386.174316,-38.5886497,35.7275696,-78.6962051,125.108643,1171.0,563.496582,2387,244607.5404994187
2025-10-07T19:56:47.796751+00:00,919,483.0047,10.3409357,0.513382554,-8.33525753,-0.234995976,-1.54399025,-1.07728851,2.21385,285.480804,-387.474152,-40.7191162,35.7275505,-78.6962128,127.239113,1172.0,563.752808,2387,244607.79675070054
2025-10-07T19:56:48.053002+00:00,919,482.942871,10.9372616,0.440556765,-8.44372,-0.254559487,-0.307865322,-0.14677982,2.25671291,289.499359,-384.479919,-39.9894829,35.7275848,-78.6961823,126.509476,1173.0,564.009094,2387,244608.05300198236
2025-10-07T19:56:48.309253+00:00,919,482.878052,10.9285603,0.372079611,-8.44372,-0.251650453,-0.308595747,-0.147602051,2.25721049,289.4198,-384.518127,-39.4107819,35.7275848,-78.6961823,125.930771,1173.0,564.26532,2387,244608.3092532742
2025-10-07T19:56:48.565505+00:00,919,482.813904,10.9199295,0.303620189,-8.44372,-0.248917639,-0.308595747,-0.147602051,2.25721049,289.340729,-384.555939,-38.8323669,35.7275848,-78.6961823,125.352364,1173.0,564.521606,2387,244608.56550455626
2025-10-07T19:56:48.821756+00:00,919,482.750458,10.9112968,0.235142633,-8.44372,-0.246183723,-0.308595747,-0.147602051,2.25721049,289.261627,-384.593781,-38.2539558,35.7275848,-78.6961823,124.773956,1173.0,564.777832,2387,244608.8217558381
2025-10-07T19:56:49.078007+00:00,919,482.687744,10.9026623,0.166647181,-8.44372,-0.243448749,-0.308595747,-0.147602051,2.25721049,289.182556,-384.631592,-37.6755409,35.727581,-78.6961823,124.195541,1173.0,565.034058,2387,244609.07800712014
2025-10-07T19:56:49.334258+00:00,919,482.625702,10.8940248,0.0981340259,-8.44372,-0.240712702,-0.308595747,-0.147602051,2.25721049,289.103485,-384.669434,-37.0971298,35.727581,-78.6961823,123.617126,1173.0,565.290344,2387,244609.33425840174
2025-10-07T19:56:49.590510+00:00,919,482.564362,10.8853855,0.0296033509,-8.44372,-0.237975612,-0.308595747,-0.147602051,2.25721049,289.024414,-384.707245,-36.5187149,35.727581,-78.6961823,123.038712,1173.0,565.54657,2387,244609.59050968356
2025-10-07T19:56:49.846761+00:00,919,482.364899,10.9372015,0.503076613,-8.32952213,-0.288348734,-0.27235648,0.0438643247,1.07493651,289.135742,-383.977783,-40.466011,35.727581,-78.6961746,126.986008,1174.0,565.802856,2387,244609.84676096516
2025-10-07T19:56:50.103012+00:00,919,482.29184,10.9318247,0.46960783,-8.32952213,-0.287533075,-0.273165643,0.0423076488,1.08181119,289.064758,-383.969482,-40.1802521,35.727581,-78.6961746,126.700249,1174.0,566.059082,2387,244610.10301224698
2025-10-07T19:56:50.359264+00:00,919,482.180908,10.9415607,0.667454898,-8.09884739,-0.284532279,-0.263702,0.0938106552,0.597426593,289.009155,-383.695984,-41.8276825,35.727581,-78.6961746,128.347672,1175.0,566.315308,2387,244610.35926351926
2025-10-07T19:56:50.615515+00:00,919,482.108093,10.9371767,0.649225831,-8.09884739,-0.284816802,-0.264218092,0.0936213881,0.601136506,288.941193,-383.672882,-41.6694374,35.727581,-78.6961746,128.189423,1175.0,566.571594,2387,244610.6155148011
2025-10-07T19:56:50.871766+00:00,919,482.035126,10.932868,0.631496489,-8.09884739,-0.284626037,-0.264218092,0.0936213881,0.601136506,288.873474,-383.648895,-41.5153961,35.727581,-78.6961746,128.035385,1175.0,566.82782,2387,244610.87176608268
2025-10-07T19:56:51.128017+00:00,919,481.962219,10.9285593,0.613761723,-8.09884739,-0.284435213,-0.264218092,0.0936213881,0.601136506,288.805756,-383.624908,-41.361351,35.7275772,-78.6961746,127.881348,1175.0,567.084106,2387,244611.12801736427
2025-10-07T19:56:51.384269+00:00,919,481.889343,10.9242487,0.596021593,-8.09884739,-0.284244269,-0.264218092,0.0936213881,0.601136506,288.738068,-383.600922,-41.2073097,35.7275772,-78.6961746,127.72731,1175.0,567.340332,2387,244611.38426864633
2025-10-07T19:56:51.640520+00:00,919,481.816528,10.9199371,0.578276038,-8.09884739,-0.284053236,-0.264218092,0.0936213881,0.601136506,288.670349,-383.576904,-41.0532684,35.7275772,-78.6961746,127.573265,1175.0,567.596619,2387,244611.64051992816
2025-10-07T19:56:51.896771+00:00,919,481.771851,11.1311369,0.5313164,-7.7455225,-0.246735051,0.0493299328,0.277814865,0.662643313,290.075104,-382.506165,-40.615345,35.7275887,-78.6961594,127.135345,1176.0,567.852844,2387,244611.89677120998
2025-10-07T19:56:52.153022+00:00,919,481.707733,11.1374826,0.511531115,-7.7455225,-0.248520494,0.0462104194,0.277881712,0.663824141,290.084442,-382.436554,-40.442997,35.7275887,-78.6961594,126.96299,1176.0,568.10907,2387,244612.15302249204
2025-10-07T19:56:52.409274+00:00,919,481.702545,11.3321657,0.239713088,-7.58938313,-0.204974204,0.333085448,0.399870455,1.13345695,291.455688,-381.624481,-38.1275063,35.7276039,-78.6961517,124.647507,1177.0,568.365356,2387,244612.40927377387
2025-10-07T19:56:52.665525+00:00,919,481.677277,11.5095129,0.22376743,-7.16604805,-0.181931227,0.559423745,0.549999714,1.10507441,292.629181,-380.71048,-37.9568977,35.7276115,-78.6961441,124.476891,1178.0,568.621582,2387,244612.6655250557
2025-10-07T19:56:52.921776+00:00,919,481.630615,11.533905,0.191046551,-7.16604805,-0.181436867,0.558254659,0.549746096,1.10446119,292.771545,-380.57,-37.6742477,35.7276154,-78.6961365,124.194244,1178.0,568.877869,2387,244612.92177633752
2025-10-07T19:56:53.178028+00:00,919,481.445587,11.8600664,0.139814287,-8.48539066,-0.44995898,0.815847695,1.09172213,1.17447364,294.84137,-378.783813,-37.1653595,35.7276344,-78.6961212,123.685349,1179.0,569.134094,2387,244613.17802761935
2025-10-07T19:56:53.434279+00:00,919,481.331573,11.9008446,0.105947651,-8.48539066,-0.445704818,0.816685557,1.08905804,1.17403233,295.05014,-378.505615,-36.8647232,35.7276344,-78.6961136,123.38472,1179.0,569.390381,2387,244613.43427890094
2025-10-07T19:56:53.690530+00:00,919,481.339447,11.8470936,0.00717610447,-8.30734348,-0.332845,0.750700951,0.882378519,1.30847776,294.721069,-378.850403,-36.0490494,35.7276306,-78.6961212,122.569046,1180.0,569.646606,2387,244613.69053018253
2025-10-07T19:56:53.946781+00:00,919,481.381134,11.6194477,-0.247447044,-7.82173538,-0.241442546,0.410423845,0.461543977,1.79940081,293.28772,-380.205872,-33.9648781,35.7276192,-78.6961365,120.484879,1181.0,569.902832,2387,244613.94678146412
2025-10-07T19:56:54.203033+00:00,919,481.430145,11.300209,-0.119127654,-7.81558609,-0.185297072,-0.124217659,0.0179098193,1.31606233,291.160095,-381.796173,-35.1065941,35.7276,-78.6961517,121.626587,1182.0,570.159119,2387,244614.20303274572
2025-10-07T19:56:54.459284+00:00,919,481.403412,11.4592762,-0.288072914,-7.57099819,-0.156435296,0.178581059,0.187016472,1.67068648,292.24173,-381.065857,-33.6578598,35.7276115,-78.6961441,120.177856,1183.0,570.415344,2387,244614.45928402754
2025-10-07T19:56:54.715535+00:00,919,481.363403,11.4682922,-0.338600695,-7.57099819,-0.155223534,0.178570554,0.187399402,1.67049468,292.287598,-381.0177,-33.2299194,35.7276115,-78.6961441,119.749916,1183.0,570.671631,2387,244614.71553530937
2025-10-07T19:56:54.971787+00:00,919,481.334198,11.2668285,-0.169578299,-7.91183233,-0.151036575,-0.232159987,-0.0784524679,1.01283574,290.889587,-381.920074,-34.6835365,35.7275963,-78.6961517,121.203537,1184.0,570.927856,2387,244614.9717865912
2025-10-07T19:56:55.228038+00:00,919,481.281952,11.2554159,-0.176521048,-7.96347475,-0.163112789,-0.250624895,-0.0707301125,0.942716122,290.783112,-381.940704,-34.6238518,35.7275963,-78.6961517,121.143845,1185.0,571.184082,2387,244615.22803787302
2025-10-07T19:56:55.484289+00:00,919,481.294098,10.8969927,-0.00335307186,-8.24732113,-0.142960817,-0.958108962,-0.569231868,0.302285671,288.349091,-383.656647,-36.1443863,35.7275734,-78.6961746,122.664383,1186.0,571.440369,2387,244615.48428915485
2025-10-07T19:56:55.740540+00:00,919,481.257568,10.8635063,-0.0131449439,-8.24732113,-0.142224744,-0.957277954,-0.568750799,0.303292692,288.104279,-383.802063,-36.0660515,35.7275734,-78.6961746,122.586044,1186.0,571.696594,2387,244615.74054043644
2025-10-07T19:56:55.996792+00:00,919,481.221222,10.8299437,-0.0228667483,-8.24732113,-0.141526282,-0.957277954,-0.568750799,0.303292692,287.858978,-383.947815,-35.9883347,35.7275696,-78.6961746,122.508331,1186.0,571.952881,2387,244615.99679171827
2025-10-07T19:56:56.253043+00:00,919,481.096375,10.8249016,-0.363879681,-8.28455639,-0.18348299,-0.896065712,-0.552222669,1.2818855,287.821564,-384.077148,-33.1247101,35.7275696,-78.6961746,119.644707,1187.0,572.209106,2387,244616.2530430001
2025-10-07T19:56:56.509294+00:00,919,481.054688,11.0351725,-0.632341862,-8.07112503,-0.177271977,-0.400413275,-0.237651661,1.96243203,289.257477,-383.135834,-30.8330898,35.727581,-78.696167,117.353088,1188.0,572.465393,2387,244616.50929428145
2025-10-07T19:56:56.765546+00:00,919,480.993073,11.0003443,-0.52244693,-7.96987724,-0.194944814,-0.466517806,-0.228522688,1.4651891,288.967651,-383.201752,-31.7562103,35.727581,-78.696167,118.276207,1189.0,572.721619,2387,244616.76554556304
2025-10-07T19:56:57.021797+00:00,919,480.90744,11.0808773,-0.714353323,-7.99133921,-0.225569874,-0.286741406,-0.0835539922,1.90709221,289.488861,-382.832153,-30.1280346,35.7275848,-78.696167,116.648033,1190.0,572.977844,2387,244617.0217968444
2025-10-07T19:56:57.278048+00:00,919,480.849945,11.0736694,-0.772409797,-7.99133921,-0.223399132,-0.286817223,-0.0838495716,1.90671182,289.415253,-382.853729,-29.6396637,35.7275848,-78.696167,116.15966,1190.0,573.234131,2387,244617.27804812623
2025-10-07T19:56:57.534299+00:00,919,480.770874,10.9810009,-1.25239146,-8.08772087,-0.229242429,-0.450956911,-0.2637254,3.16428638,288.812042,-383.498657,-25.6328392,35.7275772,-78.6961746,112.152832,1191.0,573.490356,2387,244617.53429940782
2025-10-07T19:56:57.790551+00:00,919,480.739075,10.5986395,-1.3445878,-7.87483692,-0.224666,-1.21190012,-0.821670592,3.12132573,286.233063,-385.433685,-24.9315071,35.7275543,-78.6961899,111.4515,1192.0,573.746643,2387,244617.79055068965
2025-10-07T19:56:58.046802+00:00,919,480.682434,10.5562181,-1.44053924,-7.87483692,-0.218121171,-1.21068645,-0.820988834,3.11992455,285.923431,-385.643646,-24.1328,35.7275543,-78.6962,110.652794,1192.0,574.002869,2387,244618.04680197148
2025-10-07T19:56:58.303053+00:00,919,480.62735,10.5136957,-1.53660643,-7.87483692,-0.211815581,-1.21068645,-0.820988834,3.11992455,285.61319,-385.854,-23.333313,35.7275505,-78.6962,109.85331,1192.0,574.259155,2387,244618.30305325307
2025-10-07T19:56:58.559305+00:00,919,480.573883,10.4711609,-1.63269448,-7.87483692,-0.20550786,-1.21068645,-0.820988834,3.11992455,285.302948,-386.064392,-22.5338287,35.7275467,-78.6962,109.053825,1192.0,574.515381,2387,244618.5593045349
2025-10-07T19:56:58.815556+00:00,919,480.457886,10.4214506,-1.69700873,-7.75084686,-0.230761692,-1.24235761,-0.801992,3.03124857,284.9039,-386.245514,-21.9990425,35.7275429,-78.6962051,108.519043,1193.0,574.771606,2387,244618.8155558165
2025-10-07T19:56:59.071807+00:00,919,480.380066,10.3919897,-1.4718411,-7.64348698,-0.249237403,-1.23148501,-0.731092036,2.15902638,284.63913,-386.231842,-23.8861847,35.7275429,-78.6962051,110.406181,1194.0,575.027893,2387,244619.0718070983
2025-10-07T19:56:59.328058+00:00,919,480.316742,10.3499098,-1.53869617,-7.64348698,-0.24555473,-1.23125803,-0.73119837,2.16093326,284.323853,-386.41922,-23.331192,35.7275391,-78.6962051,109.851189,1194.0,575.284119,2387,244619.32805839015
2025-10-07T19:56:59.584310+00:00,919,480.254272,10.3077908,-1.6054188,-7.64348698,-0.242000908,-1.23125803,-0.73119837,2.16093326,284.008331,-386.606598,-22.7774506,35.7275352,-78.6962051,109.297447,1194.0,575.540405,2387,244619.5843096722
2025-10-07T19:56:59.840561+00:00,919,480.192719,10.2656584,-1.67215776,-7.64348698,-0.238445699,-1.23125803,-0.73119837,2.16093326,283.69281,-386.793945,-22.2237091,35.7275314,-78.6962051,108.743706,1194.0,575.796631,2387,244619.84056095404
2025-10-07T19:57:00.096812+00:00,919,480.13208,10.2235126,-1.73891282,-7.64348698,-0.234889135,-1.23125803,-0.73119837,2.16093326,283.377319,-386.981323,-21.6699677,35.7275314,-78.6962128,108.189964,1194.0,576.052856,2387,244620.0968122361
2025-10-07T19:57:00.353064+00:00,919,480.072357,10.1813536,-1.80568373,-7.64348698,-0.231331229,-1.23125803,-0.73119837,2.16093326,283.061798,-387.168701,-21.1162243,35.7275276,-78.6962128,107.636223,1194.0,576.309143,2387,244620.3530635177
2025-10-07T19:57:00.609315+00:00,919,480.089355,10.4221687,-1.47732151,-7.69929838,-0.194953576,-0.744994104,-0.385386497,1.26860869,284.671,-385.8508,-23.8202763,35.7275429,-78.6962,110.340271,1195.0,576.565369,2387,244620.6093147995
2025-10-07T19:57:00.865566+00:00,919,479.937866,10.3978748,-1.23430049,-7.72963572,-0.215238303,-0.762655854,-0.337607592,0.643585443,284.391174,-385.738037,-25.8497047,35.7275391,-78.6962,112.369698,1196.0,576.821655,2387,244620.8655660811
2025-10-07T19:57:01.121817+00:00,919,479.882721,10.3732,-1.25480938,-7.72963572,-0.215173751,-0.763827,-0.338097185,0.647564054,284.194489,-385.825714,-25.679821,35.7275391,-78.6962,112.199814,1196.0,577.077881,2387,244621.1218173627
2025-10-07T19:57:01.378069+00:00,919,479.827637,10.3486786,-1.27484715,-7.72963572,-0.214601874,-0.763827,-0.338097185,0.647564054,283.998749,-385.912354,-25.5138817,35.7275352,-78.6962,112.033875,1196.0,577.334167,2387,244621.3780686352
2025-10-07T19:57:01.634320+00:00,919,479.772736,10.3241501,-1.29488933,-7.72963572,-0.214029804,-0.763827,-0.338097185,0.647564054,283.803,-385.999,-25.3479443,35.7275352,-78.6962,111.867935,1196.0,577.590393,2387,244621.6343199168
2025-10-07T19:57:01.890571+00:00,919,479.913605,10.8637257,-1.68266249,-7.44898,-0.142263457,0.115262955,0.182023481,1.43541718,287.552979,-383.595978,-22.010952,35.7275658,-78.6961746,108.530945,1197.0,577.846619,2387,244621.89057119863
2025-10-07T19:57:02.146822+00:00,919,479.876709,10.8703671,-1.72617662,-7.44898,-0.141987622,0.112209707,0.180857703,1.43399644,287.578705,-383.551453,-21.6440182,35.7275696,-78.6961746,108.164017,1197.0,578.102905,2387,244622.14682248022
2025-10-07T19:57:02.403074+00:00,919,479.840485,10.8774319,-1.76975286,-7.44898,-0.140876,0.112209707,0.180857703,1.43399644,287.607452,-383.505096,-21.2765541,35.7275696,-78.6961746,107.796555,1197.0,578.359131,2387,244622.40307376205
2025-10-07T19:57:02.659325+00:00,919,479.811249,10.9516916,-1.89890313,-7.31382132,-0.136738896,0.208491221,0.243126348,1.6113131,288.09549,-383.161316,-20.1808262,35.7275734,-78.696167,106.700821,1198.0,578.615417,2387,244622.65932504387
2025-10-07T19:57:02.915576+00:00,919,479.857178,11.2178755,-2.18159819,-6.89873552,-0.0963914618,0.59119314,0.471851617,2.1061697,289.914337,-381.96463,-17.7663078,35.7275887,-78.6961517,104.286301,1199.0,578.871643,2387,244622.91557632593
2025-10-07T19:57:03.171828+00:00,919,479.840698,11.1345491,-1.88750625,-6.74654961,-0.105861299,0.428524435,0.387343049,1.31991076,289.33493,-382.259949,-20.2422161,35.7275848,-78.6961594,106.762207,1200.0,579.12793,2387,244623.17182760776
2025-10-07T19:57:03.428079+00:00,919,479.753021,11.1264095,-2.1467638,-6.71130943,-0.118656091,0.380134702,0.350088269,1.82753062,289.24,-382.330536,-18.0715694,35.727581,-78.6961594,104.591568,1201.0,579.384155,2387,244623.42807888958
2025-10-07T19:57:03.684330+00:00,919,479.72287,11.143445,-2.20219612,-6.71130943,-0.116714023,0.380155057,0.350085139,1.8272891,289.337372,-382.240845,-17.6034641,35.7275848,-78.6961594,104.123459,1201.0,579.640381,2387,244623.6843301714
2025-10-07T19:57:03.940581+00:00,919,479.693207,11.16049,-2.25765181,-6.71130943,-0.114794888,0.380155057,0.350085139,1.8272891,289.434784,-382.151123,-17.1352196,35.7275848,-78.6961594,103.655212,1201.0,579.896667,2387,244623.94058145324
2025-10-07T19:57:04.196833+00:00,919,479.624512,11.0891819,-2.33664846,-6.4593,-0.135489479,0.226981521,0.260177493,1.88342452,288.91925,-382.483429,-16.4858379,35.727581,-78.6961594,103.005836,1202.0,580.152893,2387,244624.19683273506
2025-10-07T19:57:04.453084+00:00,919,479.590179,11.1009054,-2.39387918,-6.4593,-0.133293137,0.22739014,0.260195076,1.88292432,288.977783,-382.416595,-16.0037556,35.727581,-78.6961594,102.52375,1202.0,580.40918,2387,244624.45308401666
2025-10-07T19:57:04.709335+00:00,919,479.758301,10.4910603,-2.23095322,-7.12816477,-0.0745419189,-0.742880285,-0.513415575,1.25773692,284.987091,-385.544525,-17.48806,35.7275429,-78.6962,104.008057,1203.0,580.665405,2387,244624.70933529825
2025-10-07T19:57:04.965587+00:00,919,479.739258,10.4647417,-2.27024055,-7.12816477,-0.0731756166,-0.740088165,-0.511552036,1.25967038,284.799774,-385.673798,-17.1636066,35.7275429,-78.6962,103.683601,1203.0,580.921631,2387,244624.96558657984
2025-10-07T19:57:05.221838+00:00,919,479.695465,10.3015575,-2.12162113,-7.43255854,-0.0897262469,-0.977327287,-0.64206028,0.753544807,283.668823,-386.393433,-18.43536,35.7275314,-78.6962051,104.955353,1204.0,581.177917,2387,244625.22183786143
2025-10-07T19:57:05.478089+00:00,919,479.667236,10.1520119,-2.28093481,-7.38913155,-0.0997656,-1.17043209,-0.780023813,1.11112499,282.647949,-387.165894,-17.1291943,35.7275238,-78.6962128,103.649193,1205.0,581.434143,2387,244625.47808914326
2025-10-07T19:57:05.734340+00:00,919,479.641937,10.1098633,-2.31583142,-7.38913155,-0.0978706852,-1.1694299,-0.779535055,1.11137497,282.34906,-387.365051,-16.8440933,35.72752,-78.6962128,103.36409,1205.0,581.69043,2387,244625.7343404251
2025-10-07T19:57:05.990592+00:00,919,479.560913,10.5778008,-2.49778986,-7.17875719,-0.138115838,-0.341260076,-0.141864419,1.5389967,285.458252,-385.045746,-15.2331314,35.7275505,-78.6961899,101.753128,1206.0,581.946655,2387,244625.9905917069
2025-10-07T19:57:06.246843+00:00,919,479.525818,10.5677729,-2.54496169,-7.17875719,-0.136345938,-0.3416951,-0.142709494,1.53825247,285.370239,-385.082642,-14.8393898,35.7275467,-78.6961899,101.359383,1206.0,582.202942,2387,244626.24684298874
2025-10-07T19:57:06.503094+00:00,919,479.491058,10.5578089,-2.59219122,-7.17875719,-0.135017991,-0.3416951,-0.142709494,1.53825247,285.282684,-385.119202,-14.4452105,35.7275467,-78.6961899,100.96521,1206.0,582.459167,2387,244626.50309427033
2025-10-07T19:57:06.759346+00:00,919,479.46637,10.5614119,-2.48502564,-6.99346828,-0.126762956,-0.314549953,-0.120094486,1.12660968,285.291779,-385.04718,-15.3399267,35.7275467,-78.6961899,101.859924,1207.0,582.715393,2387,244626.75934555216
2025-10-07T19:57:07.015597+00:00,919,479.451599,10.5304613,-2.40677142,-7.31959534,-0.117792845,-0.346935838,-0.144393772,0.824319899,285.074,-385.163208,-15.9995518,35.7275467,-78.6961899,102.519547,1208.0,582.97168,2387,244627.01559683398
2025-10-07T19:57:07.271848+00:00,919,479.523224,11.0047922,-2.85175467,-7.17388201,-0.0657064691,0.490453094,0.388649434,1.97310805,288.293152,-382.989532,-12.1906061,35.7275734,-78.696167,98.7106,1209.0,583.227905,2387,244627.27184811558
2025-10-07T19:57:07.528099+00:00,919,479.506653,11.0252428,-2.91158938,-7.17388201,-0.0635310933,0.489629239,0.388195306,1.97207236,288.418091,-382.890442,-11.6857929,35.7275772,-78.696167,98.2057877,1209.0,583.484192,2387,244627.52809939717
2025-10-07T19:57:07.784351+00:00,919,479.615814,10.8653393,-3.46741867,-7.57502413,-0.0139599936,0.200326398,0.106338903,3.31632209,287.384521,-383.916016,-7.06835079,35.7275658,-78.6961746,93.5883484,1210.0,583.740417,2387,244627.78435067853
2025-10-07T19:57:08.040602+00:00,919,479.613,10.8744984,-3.5684638,-7.57502413,-0.00802531652,0.200237647,0.106251784,3.31385469,287.435699,-383.888855,-6.22103739,35.7275658,-78.6961746,92.7410355,1210.0,583.996704,2387,244628.04060196012
2025-10-07T19:57:08.296853+00:00,919,479.611694,10.8836813,-3.66973209,-7.57502413,-0.00213051774,0.200237647,0.106251784,3.31385469,287.487,-383.861633,-5.37185812,35.7275658,-78.6961746,91.8918533,1210.0,584.25293,2387,244628.2968532417
2025-10-07T19:57:08.553105+00:00,919,479.611908,10.8928661,-3.77100062,-7.57502413,0.00376430131,0.200237647,0.106251784,3.31385469,287.53833,-383.834412,-4.52267838,35.7275658,-78.6961746,91.0426712,1210.0,584.509155,2387,244628.55310452354
2025-10-07T19:57:08.809356+00:00,919,479.613617,10.9020538,-3.87226868,-7.57502413,0.00965908449,0.200237647,0.106251784,3.31385469,287.58963,-383.80719,-3.67349887,35.7275696,-78.6961746,90.1935,1210.0,584.765442,2387,244628.80935580513
2025-10-07T19:57:09.065607+00:00,919,479.616852,10.9112434,-3.97353554,-7.57502413,0.0155537771,0.200237647,0.106251784,3.31385469,287.64093,-383.779938,-2.82431936,35.7275696,-78.6961746,89.3443146,1210.0,585.021667,2387,244629.06560708696
2025-10-07T19:57:09.321858+00:00,919,479.358978,10.9848938,-4.19383955,-7.5111084,-0.089223966,0.217596248,0.266052574,3.587533,287.948456,-383.235962,-0.96609658,35.7275696,-78.696167,87.4860916,1211.0,585.277954,2387,244629.32185836878
2025-10-07T19:57:09.578110+00:00,919,479.338928,10.9975624,-4.30252361,-7.5111084,-0.0797833279,0.218860835,0.263800919,3.58309436,288.004791,-383.169739,-0.0546162575,35.7275734,-78.696167,86.5746155,1211.0,585.53418,2387,244629.57810965038
2025-10-07T19:57:09.834361+00:00,919,479.219055,11.0738754,-3.25484943,-7.8509326,-0.155814037,0.315970808,0.409599572,1.04201853,288.55365,-382.505249,-8.79985237,35.7275772,-78.6961594,95.3198471,1212.0,585.790405,2387,244629.8343609322
2025-10-07T19:57:10.090612+00:00,919,479.179718,11.0898399,-3.28733158,-7.8509326,-0.154316604,0.316040933,0.408533424,1.04896581,288.634338,-382.401337,-8.52452,35.7275772,-78.6961594,95.0445175,1212.0,586.046692,2387,244630.0906122138
2025-10-07T19:57:10.346863+00:00,919,479.140259,11.1058731,-3.31903481,-7.8509326,-0.15359816,0.316040933,0.408533424,1.04896581,288.715332,-382.296631,-8.25572109,35.7275772,-78.6961594,94.7757187,1212.0,586.302917,2387,244630.34686349562
2025-10-07T19:57:10.603115+00:00,919,479.101,11.1219101,-3.35074306,-7.8509326,-0.152879551,0.316040933,0.408533424,1.04896581,288.796295,-382.191956,-7.98692274,35.7275772,-78.6961594,94.5069199,1212.0,586.559204,2387,244630.60311477768
2025-10-07T19:57:10.859366+00:00,919,479.06192,11.1379509,-3.3824563,-7.8509326,-0.152160749,0.316040933,0.408533424,1.04896581,288.877289,-382.08725,-7.71812391,35.727581,-78.6961594,94.238121,1212.0,586.81543,2387,244630.85936605974
2025-10-07T19:57:11.115617+00:00,919,479.023,11.1539955,-3.41417432,-7.8509326,-0.151441768,0.316040933,0.408533424,1.04896581,288.958282,-381.982574,-7.44932508,35.727581,-78.6961517,93.9693222,1212.0,587.071716,2387,244631.11561734157
2025-10-07T19:57:11.371869+00:00,919,478.984314,11.170043,-3.44589734,-7.8509326,-0.150722623,0.316040933,0.408533424,1.04896581,289.039276,-381.877899,-7.18052626,35.727581,-78.6961517,93.7005234,1212.0,587.327942,2387,244631.37186862316
2025-10-07T19:57:11.628120+00:00,919,478.489471,11.3750229,-3.19506955,-7.99460793,-0.291805476,0.459420323,0.70411557,0.549696326,290.118591,-380.392212,-9.2271471,35.7275925,-78.6961365,95.7471466,1213.0,587.584167,2387,244631.62811990498
2025-10-07T19:57:11.884371+00:00,919,478.373383,11.3855143,-3.24196386,-7.72359324,-0.281866372,0.44759348,0.681945443,0.60866642,290.114929,-380.258392,-8.83150673,35.7275925,-78.6961365,95.3515,1214.0,587.840454,2387,244631.88437118658
2025-10-07T19:57:12.140622+00:00,919,478.301575,11.4095135,-3.2602222,-7.72359324,-0.281333715,0.447212517,0.681592584,0.610363066,290.229218,-380.084442,-8.67314,35.7275925,-78.6961365,95.1931381,1214.0,588.09668,2387,244632.1406224591
2025-10-07T19:57:12.396874+00:00,919,478.229523,11.4335938,-3.27824759,-7.72359324,-0.28082037,0.447212517,0.681592584,0.610363066,290.343811,-379.90976,-8.51673317,35.7275925,-78.6961288,95.0367279,1214.0,588.352966,2387,244632.39687374068
2025-10-07T19:57:12.653125+00:00,919,478.157654,11.4576836,-3.296278,-7.72359324,-0.280306786,0.447212517,0.681592584,0.610363066,290.458435,-379.735107,-8.36032677,35.7275925,-78.6961288,94.8803253,1214.0,588.609192,2387,244632.65312502228
2025-10-07T19:57:12.909376+00:00,919,478.158661,11.5648956,-3.46091104,-7.64096117,-0.232279643,0.57227993,0.715964794,0.886254311,291.15564,-379.230255,-6.9658885,35.7276,-78.6961212,93.4858856,1215.0,588.865479,2387,244632.90937630387
2025-10-07T19:57:13.165628+00:00,919,478.098755,11.5928221,-3.48732305,-7.64096117,-0.23259,0.571145177,0.716557324,0.885506451,291.301422,-379.046844,-6.73919916,35.7276,-78.6961212,93.2591934,1215.0,589.121704,2387,244633.1656275957
2025-10-07T19:57:13.421879+00:00,919,478.039246,11.6208286,-3.51376581,-7.64096117,-0.231748521,0.571145177,0.716557324,0.885506451,291.447754,-378.86322,-6.51228714,35.7276039,-78.6961212,93.0322876,1215.0,589.37793,2387,244633.42187887753
2025-10-07T19:57:13.678130+00:00,919,478.487732,13.1265593,-3.64259,-7.23946047,-0.00404276,2.50437593,2.0223906,1.14610219,301.553864,-371.46933,-5.13266516,35.7276955,-78.6960373,91.6526642,1216.0,589.634216,2387,244633.67813015936
2025-10-07T19:57:13.934381+00:00,919,478.486328,13.2253857,-3.67499042,-7.23946047,0.000141566139,2.49632525,2.01844478,1.14425933,302.188293,-370.955505,-4.84095,35.7277,-78.6960297,91.3609467,1216.0,589.890442,2387,244633.93438144118
2025-10-07T19:57:14.190633+00:00,919,478.487152,13.3249722,-3.70754147,-7.23946047,0.00636196556,2.49632525,2.01844478,1.14425933,302.827972,-370.438293,-4.54773188,35.7277069,-78.6960297,91.0677261,1216.0,590.146729,2387,244634.190632723
2025-10-07T19:57:14.446884+00:00,919,478.489594,13.4245663,-3.74008107,-7.23946047,0.0125823012,2.49632525,2.01844478,1.14425933,303.467651,-369.921051,-4.25451422,35.7277107,-78.696022,90.7745132,1216.0,590.402954,2387,244634.4468840046
2025-10-07T19:57:14.703135+00:00,919,478.493622,13.5241661,-3.77260876,-7.23946047,0.0188025106,2.49632525,2.01844478,1.14425933,304.10733,-369.403809,-3.96129608,35.7277184,-78.6960144,90.4812927,1216.0,590.65918,2387,244634.7031352862
2025-10-07T19:57:14.959387+00:00,919,478.499237,13.6237707,-3.80512452,-7.23946047,0.0250225328,2.49632525,2.01844478,1.14425933,304.747,-368.886597,-3.66807818,35.7277222,-78.6960068,90.1880798,1216.0,590.915466,2387,244634.9593865678
2025-10-07T19:57:15.215638+00:00,919,478.506439,13.723381,-3.83762813,-7.23946047,0.0312423054,2.49632525,2.01844478,1.14425933,305.386719,-368.369354,-3.37486029,35.7277298,-78.6960068,89.8948593,1216.0,591.171692,2387,244635.21563784938
2025-10-07T19:57:15.471889+00:00,919,478.515228,13.8229952,-3.87011886,-7.23946047,0.0374617651,2.49632525,2.01844478,1.14425933,306.026398,-367.852142,-3.08164239,35.7277336,-78.696,89.6016388,1216.0,591.428,2387,244635.4718891312
2025-10-07T19:57:15.728140+00:00,919,478.525635,13.9226131,-3.90259671,-7.23946047,0.0436808504,2.49632525,2.01844478,1.14425933,306.666077,-367.3349,-2.78842449,35.7277412,-78.6959915,89.3084259,1216.0,591.684204,2387,244635.72814041303
2025-10-07T19:57:15.984392+00:00,919,478.537628,14.022234,-3.93506122,-7.23946047,0.0498995,2.49632525,2.01844478,1.14425933,307.305756,-366.817688,-2.49520659,35.7277451,-78.6959839,89.0152054,1216.0,591.940491,2387,244635.98439169486
2025-10-07T19:57:16.240643+00:00,919,478.551208,14.1218576,-3.96751213,-7.23946047,0.0561176501,2.49632525,2.01844478,1.14425933,307.945465,-366.300446,-2.2019887,35.7277527,-78.6959839,88.7219849,1216.0,592.196716,2387,244636.24064297669
2025-10-07T19:57:16.496894+00:00,919,478.566376,14.2214823,-3.99994922,-7.23946047,0.0623352416,2.49632525,2.01844478,1.14425933,308.585144,-365.783203,-1.90877068,35.7277565,-78.6959763,88.4287643,1216.0,592.452942,2387,244636.4968942585
2025-10-07T19:57:16.753146+00:00,919,479.00885,12.616107,-4.75007629,-7.46420479,0.0924612731,0.677216113,0.444413573,2.17850327,298.390289,-374.695404,4.00952673,35.7276649,-78.6960754,82.5104675,1217.0,592.709229,2387,244636.75314554034
2025-10-07T19:57:17.009397+00:00,919,478.921173,12.5128956,-4.9277544,-7.4473772,0.0326521732,0.4918392,0.382619321,2.33971024,297.624878,-375.173279,5.47195435,35.7276573,-78.6960831,81.0480423,1218.0,592.965454,2387,244637.00939682216
2025-10-07T19:57:17.265648+00:00,919,478.940857,11.4213562,-4.94042969,-7.71435261,0.0164391436,-0.768732727,-0.575804532,2.22315741,290.463104,-380.771362,5.35814,35.7275925,-78.6961441,81.1618576,1219.0,593.221741,2387,244637.26564810376
2025-10-07T19:57:17.521899+00:00,919,478.739105,10.7201319,-4.54879189,-7.64064789,-0.0289422218,-1.54009533,-1.10238504,1.43995392,285.75412,-384.098846,1.95005536,35.7275505,-78.6961823,84.5699387,1220.0,593.477966,2387,244637.52189938535
2025-10-07T19:57:17.778151+00:00,919,478.732178,10.6633072,-4.59428835,-7.64064789,-0.0256103631,-1.53809214,-1.1012857,1.44074714,285.362366,-384.379333,2.31940889,35.7275467,-78.6961823,84.2005844,1220.0,593.734253,2387,244637.77815066694
2025-10-07T19:57:18.034402+00:00,919,478.726,10.6061201,-4.63977051,-7.64064789,-0.0225840677,-1.53809214,-1.1012857,1.44074714,284.968231,-384.66153,2.68860221,35.7275429,-78.6961823,83.8314,1220.0,593.990479,2387,244638.0344019483
2025-10-07T19:57:18.290653+00:00,919,478.562,10.1875658,-4.40209389,-7.14594746,-0.048110988,-1.97539866,-1.38059366,0.864846945,282.103149,-386.573425,0.625832438,35.72752,-78.6962051,85.8941574,1221.0,594.246704,2387,244638.29065323013
2025-10-07T19:57:18.546905+00:00,919,478.412323,10.0994625,-4.3317585,-6.71071625,-0.0801565796,-1.9974587,-1.35388649,0.655872941,281.4328,-386.877167,0.0224899258,35.7275124,-78.6962128,86.4975128,1222.0,594.503,2387,244638.54690451172
2025-10-07T19:57:18.803156+00:00,919,478.201904,9.71473598,-4.39872456,-6.38948727,-0.102391019,-2.41114616,-1.60232854,0.756020069,278.704315,-388.588104,0.512441,35.7274895,-78.696228,86.0075531,1223.0,594.759216,2387,244638.80315579355
2025-10-07T19:57:19.059407+00:00,919,478.176361,9.62624168,-4.42387152,-6.38948727,-0.0975184292,-2.41052628,-1.60198808,0.756499708,278.087097,-388.998352,0.706638396,35.7274818,-78.6962357,85.8133545,1223.0,595.015503,2387,244639.05940707537
2025-10-07T19:57:19.315658+00:00,919,478.151978,9.53766441,-4.44897079,-6.38948727,-0.0927272961,-2.41052628,-1.60198808,0.756499708,277.469391,-389.408875,0.90049243,35.727478,-78.6962357,85.6195068,1223.0,595.271729,2387,244639.31565835697
2025-10-07T19:57:19.571910+00:00,919,478.038361,10.1280975,-4.60493183,-5.83052444,-0.160603121,-1.48560381,-0.876174748,1.13257837,281.361969,-386.45932,2.30628538,35.7275124,-78.6962051,84.2137146,1224.0,595.527954,2387,244639.5719096388
2025-10-07T19:57:19.828161+00:00,919,477.99765,10.0757694,-4.64077616,-5.83052444,-0.158072636,-1.48665881,-0.877266526,1.13168502,280.980072,-386.684937,2.59558511,35.7275085,-78.6962051,83.9244156,1224.0,595.784241,2387,244639.82816092062
2025-10-07T19:57:20.084412+00:00,919,477.860687,9.61571,-4.45336056,-5.44241381,-0.162158594,-2.0861752,-1.29023027,0.497794628,277.82782,-388.795135,0.95021522,35.727478,-78.696228,85.5697861,1225.0,596.040466,2387,244640.0844122022
2025-10-07T19:57:20.340663+00:00,919,477.819733,9.54064846,-4.47042847,-5.44241381,-0.158845499,-2.08589721,-1.28998744,0.499306,277.293518,-389.125763,1.0792942,35.7274742,-78.6962357,85.4407,1225.0,596.296753,2387,244640.34066347472
2025-10-07T19:57:20.596915+00:00,919,477.685211,9.61891937,-4.57420588,-5.20255947,-0.181145906,-1.85795903,-1.10127008,0.752020717,277.728394,-388.646729,1.95770788,35.727478,-78.696228,84.5622864,1226.0,596.553,2387,244640.59691475608
2025-10-07T19:57:20.853166+00:00,919,477.692322,9.3070364,-4.88542843,-4.64023781,-0.130207464,-2.25772595,-1.41720307,1.55708218,275.566284,-390.170441,4.49768257,35.727459,-78.6962433,82.022316,1227.0,596.809265,2387,244640.85316603768
2025-10-07T19:57:21.109417+00:00,919,477.65451,9.53629303,-5.04626656,-4.38138866,-0.129799694,-1.73120213,-1.04484129,1.9004575,277.065765,-389.042267,5.87751293,35.7274742,-78.6962357,80.6424866,1228.0,597.065491,2387,244641.10941731904
2025-10-07T19:57:21.365669+00:00,919,477.600616,9.43245411,-5.09227133,-4.39304,-0.127936527,-1.80913734,-1.09684455,1.85571158,276.322662,-389.498627,6.24216604,35.7274666,-78.6962357,80.277832,1229.0,597.321716,2387,244641.36566860063
2025-10-07T19:57:21.621920+00:00,919,477.568359,9.36850929,-5.15067482,-4.39304,-0.123774201,-1.80932415,-1.09688842,1.85530043,275.858948,-389.779755,6.71733809,35.7274628,-78.6962433,79.8026581,1229.0,597.578,2387,244641.62191988245
2025-10-07T19:57:21.878171+00:00,919,477.485199,9.47474861,-5.06479502,-4.54333,-0.144711584,-1.48898947,-0.858623862,1.41246831,276.547638,-389.200836,6.01908255,35.7274666,-78.6962357,80.5009155,1230.0,597.834229,2387,244641.87817116405
2025-10-07T19:57:22.134422+00:00,919,477.469788,9.61299419,-5.16318893,-4.44911528,-0.127626553,-1.1174376,-0.612971663,1.59472656,277.452484,-388.523407,6.86270666,35.727478,-78.696228,79.6572876,1231.0,598.090515,2387,244642.13442244587
2025-10-07T19:57:22.390674+00:00,919,477.49939,9.75021458,-5.35440874,-4.30145597,-0.0964416,-0.770024061,-0.388857216,2.05845356,278.352844,-387.883331,8.48031712,35.7274857,-78.6962204,78.0396805,1232.0,598.346741,2387,244642.39067372747
2025-10-07T19:57:22.646925+00:00,919,477.687225,10.2053833,-5.94001389,-4.43518257,0.00645489199,0.178224027,0.253944606,3.78627086,281.369049,-385.792419,13.4450483,35.7275124,-78.6962,73.0749435,1233.0,598.603,2387,244642.6469250093
2025-10-07T19:57:22.903176+00:00,919,477.689819,10.216918,-6.05602312,-4.43518257,0.0141277723,0.177391246,0.253331661,3.78425384,281.414062,-385.727814,14.4137735,35.7275124,-78.6962,72.1062241,1233.0,598.859253,2387,244642.90317629089
2025-10-07T19:57:23.159428+00:00,919,477.750916,10.0893602,-6.51332188,-4.96000957,0.0347537473,-0.145410657,0.0813446,4.8790679,280.452026,-386.343506,18.2025146,35.7275047,-78.6962051,68.317482,1234.0,599.115479,2387,244643.15942757248
2025-10-07T19:57:23.415679+00:00,919,477.779755,10.1739349,-6.91652966,-4.8821969,0.037488766,-0.0323977731,0.247904733,5.68530416,280.893372,-385.884491,21.5774345,35.7275085,-78.6962,64.9425659,1235.0,599.371765,2387,244643.41567885384
2025-10-07T19:57:23.671930+00:00,919,477.854401,10.5187855,-7.29804134,-4.79262543,0.0599620193,0.586473584,0.768062115,6.35336304,283.089417,-384.17334,24.8211269,35.7275276,-78.6961823,61.6988678,1236.0,599.628,2387,244643.67193013543
2025-10-07T19:57:23.928181+00:00,919,477.872681,10.5518599,-7.49253225,-4.79262543,0.0825781748,0.586321473,0.76721853,6.35168695,283.239349,-383.976959,26.4475842,35.7275276,-78.6961746,60.0724106,1236.0,599.884277,2387,244643.9281814168
2025-10-07T19:57:24.184433+00:00,919,477.896667,10.5850096,-7.68714237,-4.79262543,0.10470666,0.586321473,0.76721853,6.35168695,283.389618,-383.780365,28.0752106,35.7275314,-78.6961746,58.4447861,1236.0,600.140503,2387,244644.18443269815
2025-10-07T19:57:24.440684+00:00,919,477.926361,10.618185,-7.88172865,-4.79262543,0.126831427,0.586321473,0.76721853,6.35168695,283.539856,-383.583771,29.7028389,35.7275314,-78.6961746,56.8171539,1236.0,600.396729,2387,244644.44068397974
2025-10-07T19:57:24.696935+00:00,919,477.916199,10.9971762,-7.92908192,-4.64426374,0.0773892,1.18328643,1.25997305,5.94878,286.020416,-381.688599,30.1673298,35.7275543,-78.6961517,56.3526611,1237.0,600.653,2387,244644.69693526157
2025-10-07T19:57:24.953187+00:00,919,477.849854,11.1035089,-7.79761648,-4.5189786,0.0113656484,1.27490985,1.33342433,5.0908432,286.743286,-381.146423,29.0893173,35.727562,-78.6961441,57.4306793,1238.0,600.909241,2387,244644.95318654316
2025-10-07T19:57:25.209438+00:00,919,477.854828,11.1633892,-7.95320511,-4.5189786,0.0278853793,1.27415168,1.33205879,5.09321356,287.068329,-380.805878,30.3958168,35.727562,-78.6961441,56.1241837,1238.0,601.165527,2387,244645.20943782476
2025-10-07T19:57:25.465689+00:00,919,477.863983,11.2235079,-8.10861206,-4.5189786,0.0436175056,1.27415168,1.33205879,5.09321356,287.394836,-380.464539,31.7009583,35.7275658,-78.6961365,54.8190308,1238.0,601.421753,2387,244645.46568910635
2025-10-07T19:57:25.721940+00:00,919,477.877167,11.2836695,-8.26400185,-4.5189786,0.0593485273,1.27415168,1.33205879,5.09321356,287.721344,-380.123199,33.0061,35.7275696,-78.6961365,53.5138931,1238.0,601.67804,2387,244645.72194038794
2025-10-07T19:57:25.978192+00:00,919,478.622711,8.73790169,-8.13571167,-4.22990084,0.226214677,-2.60257149,-1.73014474,4.24745035,271.196198,-393.11319,31.5333233,35.7274208,-78.6962814,54.9866714,1239.0,601.934265,2387,244645.97819166977
2025-10-07T19:57:26.234443+00:00,919,478.682526,8.6446476,-8.26814175,-4.22990084,0.241884321,-2.59741473,-1.72737455,4.25025225,270.535492,-393.55191,32.6256218,35.7274132,-78.6962814,53.8943748,1239.0,602.190491,2387,244646.23444295113
2025-10-07T19:57:26.490694+00:00,919,478.270294,8.96228218,-8.35497379,-4.53439617,0.0254263915,-2.05255938,-1.10433769,4.15787458,272.417542,-391.685364,33.3730392,35.7274323,-78.6962585,53.1469536,1240.0,602.446777,2387,244646.4906942325
2025-10-07T19:57:26.746946+00:00,919,478.278381,8.89340401,-8.4845438,-4.53439617,0.0396616794,-2.0492022,-1.10433471,4.15996933,271.89386,-391.966583,34.4407616,35.7274246,-78.6962662,52.0792313,1240.0,602.703,2387,244646.74694551385
2025-10-07T19:57:27.003197+00:00,919,477.975586,9.34277439,-7.6155858,-4.86429214,-0.120649189,-1.21949792,-0.583692253,1.84516311,275.149292,-389.884979,27.2625065,35.7274551,-78.6962433,59.2574921,1241.0,602.95929,2387,244647.0031967952
2025-10-07T19:57:27.259448+00:00,919,477.945404,9.30264,-7.6741395,-4.86429214,-0.11654669,-1.21956503,-0.584870815,1.8513155,274.836578,-390.03476,27.741436,35.7274513,-78.6962433,58.7785568,1241.0,603.215515,2387,244647.2594480768
2025-10-07T19:57:27.515699+00:00,919,477.915924,9.26249313,-7.73215389,-4.86429214,-0.113735281,-1.21956503,-0.584870815,1.8513155,274.524048,-390.184631,28.2158394,35.7274513,-78.6962433,58.3041573,1241.0,603.471802,2387,244647.5156993584
2025-10-07T19:57:27.771951+00:00,919,477.537354,10.3726988,-7.45168877,-4.35099697,-0.231822655,0.436833113,0.684117,1.1235826,281.866333,-384.596405,26.0563068,35.7275162,-78.6961823,60.4636879,1242.0,603.728,2387,244647.77195064
2025-10-07T19:57:28.028202+00:00,919,477.478699,10.3963842,-7.48691511,-4.35099697,-0.229762927,0.433459967,0.680727482,1.12925649,281.974609,-384.424133,26.3504829,35.7275162,-78.6961823,60.1695175,1242.0,603.984253,2387,244648.02820192158
2025-10-07T19:57:28.284453+00:00,919,477.240662,10.6677265,-7.03816557,-4.31807518,-0.259555072,0.841016591,0.946320713,-0.00529251853,283.817657,-383.005127,22.655426,35.7275352,-78.696167,63.8645668,1243.0,604.24054,2387,244648.28445319386
2025-10-07T19:57:28.540704+00:00,919,477.174561,10.7056551,-7.03825951,-4.31807518,-0.258762419,0.837726176,0.944246352,0.000461037096,284.029877,-382.765106,22.6601276,35.7275352,-78.696167,63.8598709,1243.0,604.496765,2387,244648.54070447545
2025-10-07T19:57:28.796956+00:00,919,477.108368,10.7439613,-7.03779221,-4.31807518,-0.257942557,0.837726176,0.944246352,0.000461037096,284.244537,-382.523132,22.6602459,35.7275391,-78.6961594,63.8597488,1243.0,604.753052,2387,244648.79695575705
2025-10-07T19:57:29.053207+00:00,919,477.051,11.3899822,-7.19035101,-3.9528203,-0.200886354,1.81061292,1.65557194,0.408124596,288.411163,-379.233856,24.048748,35.7275772,-78.6961212,62.4712448,1244.0,605.009277,2387,244649.05320703864
2025-10-07T19:57:29.309458+00:00,919,476.999695,11.465313,-7.20170355,-3.9528203,-0.198631361,1.80579507,1.65324545,0.409195393,288.869934,-378.813171,24.1551418,35.727581,-78.6961212,62.3648529,1244.0,605.265503,2387,244649.30945832023
2025-10-07T19:57:29.565710+00:00,919,476.949219,11.5412607,-7.21284676,-3.9528203,-0.195341945,1.80579507,1.65324545,0.409195393,289.332672,-378.389526,24.2599983,35.7275848,-78.6961136,62.26,1244.0,605.52179,2387,244649.56570960183
2025-10-07T19:57:29.821961+00:00,919,475.938385,12.0113373,-6.86545706,-5.32180786,-2.3619585,1.33838618,3.98306251,-0.936921239,291.923798,-375.285278,21.419878,35.7276077,-78.6960831,65.1001205,1245.0,605.778,2387,244649.82196088342
2025-10-07T19:57:30.078212+00:00,919,475.350647,12.116437,-6.84152555,-5.32180786,-2.25704432,1.36305988,3.88066912,-0.883295119,292.254639,-374.293152,21.2161922,35.7276115,-78.6960678,65.3038,1245.0,606.034302,2387,244650.078212165
2025-10-07T19:57:30.334463+00:00,919,474.773132,12.2236519,-6.81468201,-5.32180786,-2.25023746,1.36305988,3.88066912,-0.883295119,292.603912,-373.298706,20.9898472,35.7276115,-78.6960602,65.5301514,1245.0,606.290527,2387,244650.33446344637
2025-10-07T19:57:30.590715+00:00,919,474.197388,12.3311148,-6.78775,-5.32180786,-2.24340606,1.36305988,3.88066912,-0.883295119,292.953186,-372.304291,20.7635021,35.7276154,-78.6960449,65.7565,1245.0,606.546814,2387,244650.59071472796
2025-10-07T19:57:30.846966+00:00,919,473.623383,12.4388266,-6.76072788,-5.32180786,-2.23654962,1.36305988,3.88066912,-0.883295119,293.30249,-371.309875,20.5371571,35.7276192,-78.6960373,65.9828415,1245.0,606.80304,2387,244650.84696600956
2025-10-07T19:57:31.103217+00:00,919,473.051147,12.5467873,-6.73361731,-5.32180786,-2.22966838,1.36305988,3.88066912,-0.883295119,293.651764,-370.31543,20.310812,35.727623,-78.6960297,66.2091827,1245.0,607.059265,2387,244651.10321729115
2025-10-07T19:57:31.359469+00:00,919,475.744476,12.1857367,-6.07954,-5.48535919,-0.38707605,1.58599627,1.62735522,-2.67952085,293.216644,-374.344788,14.9272499,35.7276192,-78.6960678,71.5927505,1246.0,607.315552,2387,244651.35946857274
2025-10-07T19:57:31.615720+00:00,919,475.651917,12.2534018,-5.99683475,-5.48535919,-0.378346384,1.58513904,1.62396467,-2.67635965,293.625,-373.933136,14.2519836,35.727623,-78.6960678,72.268013,1246.0,607.571777,2387,244651.61571985434
2025-10-07T19:57:31.871971+00:00,919,475.555817,12.3211727,-5.91283226,-5.48535919,-0.371788114,1.58513904,1.62396467,-2.67635965,294.031189,-373.517,13.5661631,35.7276268,-78.6960602,72.9538422,1246.0,607.828064,2387,244651.8719711357
2025-10-07T19:57:32.128222+00:00,919,475.461365,12.3889513,-5.82878828,-5.48535919,-0.365225911,1.58513904,1.62396467,-2.67635965,294.437408,-373.100861,12.8803425,35.7276306,-78.6960602,73.6396561,1246.0,608.08429,2387,244652.1282224173
2025-10-07T19:57:32.384474+00:00,919,475.368622,12.4567347,-5.74470282,-5.48535919,-0.358659863,1.58513904,1.62396467,-2.67635965,294.843597,-372.684723,12.1945219,35.7276344,-78.6960526,74.32547,1246.0,608.340576,2387,244652.38447369888
2025-10-07T19:57:32.640725+00:00,919,475.277557,12.5245256,-5.66057682,-5.48535919,-0.352089971,1.58513904,1.62396467,-2.67635965,295.249786,-372.268555,11.5087013,35.7276382,-78.6960449,75.0113,1246.0,608.596802,2387,244652.64072498048
2025-10-07T19:57:32.896976+00:00,919,476.161102,12.1404238,-7.19135666,-5.58598232,-0.0857044533,0.885120332,0.861454546,0.94706291,292.767365,-374.743866,24.1603165,35.7276154,-78.6960754,62.3596802,1247.0,608.853,2387,244652.89697626184
2025-10-07T19:57:33.153228+00:00,919,476.137665,12.1812296,-7.21847057,-5.58598232,-0.0870126,0.888804734,0.867220163,0.94002223,293.006226,-374.512299,24.3923111,35.7276154,-78.6960754,62.1276855,1247.0,609.109314,2387,244653.15322754343
2025-10-07T19:57:33.409479+00:00,919,476.11554,12.2203112,-7.24669075,-5.58598232,-0.0857111067,0.888804734,0.867220163,0.94002223,293.233978,-374.29007,24.633194,35.7276192,-78.6960678,61.8868027,1247.0,609.36554,2387,244653.40947882502
2025-10-07T19:57:33.665730+00:00,919,476.09375,12.2594,-7.27491,-5.58598232,-0.0844094306,0.888804734,0.867220163,0.94002223,293.461731,-374.067841,24.8740749,35.7276192,-78.6960678,61.6459198,1247.0,609.621826,2387,244653.66573010638
2025-10-07T19:57:33.921981+00:00,919,476.072296,12.2984982,-7.30312872,-5.58598232,-0.0831075832,0.888804734,0.867220163,0.94002223,293.689514,-373.845612,25.1149578,35.727623,-78.6960678,61.4050369,1247.0,609.878052,2387,244653.92198138798
2025-10-07T19:57:34.178233+00:00,919,476.051147,12.3376045,-7.33134651,-5.58598232,-0.0818055645,0.888804734,0.867220163,0.94002223,293.917267,-373.623383,25.3558388,35.7276268,-78.6960602,61.1641541,1247.0,610.134277,2387,244654.17823266957
2025-10-07T19:57:34.434484+00:00,919,476.030365,12.3767185,-7.35956335,-5.58598232,-0.0805033669,0.888804734,0.867220163,0.94002223,294.14502,-373.401154,25.5967216,35.7276268,-78.6960602,60.9232788,1247.0,610.390564,2387,244654.43448395093
2025-10-07T19:57:34.690735+00:00,919,476.009888,12.4158421,-7.38777924,-5.58598232,-0.0792010054,0.888804734,0.867220163,0.94002223,294.372772,-373.178955,25.8376026,35.7276306,-78.6960602,60.6823959,1247.0,610.64679,2387,244654.69073523252
2025-10-07T19:57:34.946987+00:00,919,475.989777,12.4549732,-7.41599464,-5.58598232,-0.0778984725,0.888804734,0.867220163,0.94002223,294.600525,-372.956726,26.0784855,35.7276306,-78.6960526,60.4415092,1247.0,610.903076,2387,244654.94698651388
2025-10-07T19:57:35.203238+00:00,919,476.678375,10.6978836,-7.98892784,-5.5676012,0.0682365447,-1.07580006,-0.741588831,1.76458371,283.277,-382.157532,30.5298958,35.7275276,-78.6961594,55.9901,1248.0,611.159302,2387,244655.20323779547
2025-10-07T19:57:35.459489+00:00,919,476.698212,10.8110991,-7.45755959,-5.51924,0.0137161007,-0.874185205,-0.611451,0.826877892,284.274139,-381.767059,26.140274,35.7275391,-78.6961517,60.3797226,1249.0,611.415588,2387,244655.45948907707
2025-10-07T19:57:35.715740+00:00,919,476.701019,10.7791977,-7.48369,-5.51924,0.015212222,-0.871728,-0.610287309,0.826838911,284.053833,-381.92,26.3514824,35.7275352,-78.6961517,60.1685143,1249.0,611.671814,2387,244655.71574035843
2025-10-07T19:57:35.971992+00:00,919,476.705048,10.7467451,-7.50990391,-5.51924,0.01618829,-0.871728,-0.610287309,0.826838911,283.830444,-382.076385,26.5633621,35.7275352,-78.6961594,59.9566383,1249.0,611.92804,2387,244655.97199164002
2025-10-07T19:57:36.228243+00:00,919,476.70932,10.7142887,-7.53611517,-5.51924,0.0171643347,-0.871728,-0.610287309,0.826838911,283.607086,-382.232788,26.7752399,35.7275314,-78.6961594,59.7447548,1249.0,612.184326,2387,244656.22824291183
2025-10-07T19:57:36.484494+00:00,919,476.713837,10.6818295,-7.56232357,-5.51924,0.0181403514,-0.871728,-0.610287309,0.826838911,283.383698,-382.38916,26.9871178,35.7275314,-78.6961594,59.5328789,1249.0,612.440552,2387,244656.48449419343
2025-10-07T19:57:36.740745+00:00,919,476.718597,10.6493664,-7.58852911,-5.51924,0.0191163383,-0.871728,-0.610287309,0.826838911,283.160309,-382.545563,27.1989975,35.7275276,-78.6961594,59.321,1249.0,612.696838,2387,244656.7407454748
2025-10-07T19:57:36.996997+00:00,919,476.723633,10.6169,-7.61473179,-5.51924,0.0200922955,-0.871728,-0.610287309,0.826838911,282.93692,-382.701935,27.4108753,35.7275276,-78.6961594,59.1091232,1249.0,612.953064,2387,244656.99699675638
2025-10-07T19:57:37.253248+00:00,919,476.728912,10.5844307,-7.64093161,-5.51924,0.0210682228,-0.871728,-0.610287309,0.826838911,282.713562,-382.858337,27.6227531,35.7275238,-78.696167,58.8972435,1249.0,613.209351,2387,244657.25324803774
2025-10-07T19:57:37.509499+00:00,919,476.734436,10.5519581,-7.66712809,-5.51924,0.0220441148,-0.871728,-0.610287309,0.826838911,282.490173,-383.014709,27.8346329,35.7275238,-78.696167,58.6853638,1249.0,613.465576,2387,244657.50949931933
2025-10-07T19:57:37.765751+00:00,919,476.740204,10.5194826,-7.6933217,-5.51924,0.0230199732,-0.871728,-0.610287309,0.826838911,282.266785,-383.171112,28.0465107,35.72752,-78.696167,58.4734879,1249.0,613.721802,2387,244657.7657506007
2025-10-07T19:57:38.022002+00:00,919,476.746216,10.4870033,-7.71951199,-5.51924,0.0239957962,-0.871728,-0.610287309,0.826838911,282.043396,-383.327484,28.2583904,35.7275162,-78.696167,58.2616081,1249.0,613.978088,2387,244658.02200188205
2025-10-07T19:57:38.278253+00:00,919,476.752502,10.4545212,-7.74569941,-5.51924,0.0249715801,-0.871728,-0.610287309,0.826838911,281.82,-383.483887,28.4702682,35.7275162,-78.6961746,58.049736,1249.0,614.234314,2387,244658.27825316365
2025-10-07T19:57:38.534504+00:00,919,476.759033,10.4220362,-7.77188349,-5.51924,0.0259473249,-0.871728,-0.610287309,0.826838911,281.596649,-383.640259,28.6821461,35.7275124,-78.6961746,57.8378525,1249.0,614.490601,2387,244658.534504445
2025-10-07T19:57:38.790756+00:00,919,476.765808,10.3895473,-7.79806471,-5.51924,0.0269230306,-0.871728,-0.610287309,0.826838911,281.37326,-383.796661,28.8940258,35.7275124,-78.6961746,57.6259689,1249.0,614.746826,2387,244658.7907557266
2025-10-07T19:57:39.047007+00:00,919,476.772827,10.3570557,-7.82424259,-5.51924,0.0278986916,-0.871728,-0.610287309,0.826838911,281.149872,-383.953033,29.1059036,35.7275085,-78.6961746,57.4140968,1249.0,615.003052,2387,244659.04700700796
2025-10-07T19:57:39.303258+00:00,919,476.78009,10.3245611,-7.85041666,-5.51924,0.0288743097,-0.871728,-0.610287309,0.826838911,280.926483,-384.109436,29.3177814,35.7275085,-78.6961823,57.2022171,1249.0,615.259338,2387,244659.30325828932
2025-10-07T19:57:39.559510+00:00,919,476.787628,10.2920628,-7.87658787,-5.51924,0.0298498832,-0.871728,-0.610287309,0.826838911,280.703125,-384.265808,29.5296612,35.7275047,-78.6961823,56.9903336,1249.0,615.515564,2387,244659.5595095709
2025-10-07T19:57:39.815761+00:00,919,476.79541,10.2595625,-7.90275574,-5.51924,0.0308254082,-0.871728,-0.610287309,0.826838911,280.479736,-384.422211,29.741539,35.7275047,-78.6961823,56.7784576,1249.0,615.771851,2387,244659.81576085227
2025-10-07T19:57:40.072012+00:00,919,476.803406,10.2270584,-7.92892027,-5.51924,0.0318008848,-0.871728,-0.610287309,0.826838911,280.256348,-384.578583,29.9534187,35.7275,-78.6961823,56.5665741,1249.0,616.028076,2387,244660.07201213387
2025-10-07T19:57:40.328263+00:00,919,476.811707,10.1945515,-7.95508146,-5.51924,0.032776311,-0.871728,-0.610287309,0.826838911,280.032959,-384.735,30.1652966,35.7275,-78.6961823,56.3547058,1249.0,616.284363,2387,244660.32826341523
2025-10-07T19:57:40.584515+00:00,919,476.820221,10.1620417,-7.98123884,-5.51924,0.0337516889,-0.871728,-0.610287309,0.826838911,279.809601,-384.891357,30.3771744,35.7274971,-78.6961899,56.1428299,1249.0,616.540588,2387,244660.5845146966
2025-10-07T19:57:40.840766+00:00,919,476.828979,10.129528,-8.00739288,-5.51924,0.0347270109,-0.871728,-0.610287309,0.826838911,279.586212,-385.04776,30.5890541,35.7274971,-78.6961899,55.9309387,1249.0,616.796814,2387,244660.84076597818
2025-10-07T19:57:41.097017+00:00,919,476.838,10.0970125,-8.03354359,-5.51924,0.035702277,-0.871728,-0.610287309,0.826838911,279.362823,-385.204132,30.8009319,35.7274933,-78.6961899,55.7190628,1249.0,617.053101,2387,244661.09701725954
2025-10-07T19:57:41.353269+00:00,919,476.84729,10.0644932,-8.05969,-5.51924,0.0366774909,-0.871728,-0.610287309,0.826838911,279.139435,-385.360504,31.0128098,35.7274933,-78.6961899,55.5071869,1249.0,617.309326,2387,244661.3532685409
2025-10-07T19:57:41.609520+00:00,919,476.856812,10.0319719,-8.0858345,-5.51924,0.0376526453,-0.871728,-0.610287309,0.826838911,278.916077,-385.516907,31.2246895,35.7274895,-78.6962,55.295311,1249.0,617.565613,2387,244661.60951982226
2025-10-07T19:57:41.865771+00:00,919,476.866577,9.99944687,-8.11197376,-5.51924,0.03862774,-0.871728,-0.610287309,0.826838911,278.692688,-385.673279,31.4365673,35.7274895,-78.6962,55.0834312,1249.0,617.821838,2387,244661.86577110385
2025-10-07T19:57:42.122022+00:00,919,476.876617,9.96692,-8.13811,-5.51924,0.0396027714,-0.871728,-0.610287309,0.826838911,278.469299,-385.829681,31.648447,35.7274857,-78.6962,54.8715439,1249.0,618.078125,2387,244662.1220223852
2025-10-07T19:57:42.378274+00:00,919,476.886871,9.93438911,-8.16424274,-5.51924,0.0405777469,-0.871728,-0.610287309,0.826838911,278.245911,-385.986053,31.8603249,35.7274818,-78.6962,54.659668,1249.0,618.334351,2387,244662.37827366657
2025-10-07T19:57:42.634525+00:00,919,476.8974,9.90185547,-8.19037151,-5.51924,0.0415526517,-0.871728,-0.610287309,0.826838911,278.022552,-386.142456,32.0722046,35.7274818,-78.6962,54.4477959,1249.0,618.590576,2387,244662.63452494817
2025-10-07T19:57:42.890776+00:00,919,476.908173,9.86932,-8.21649647,-5.51924,0.0425274968,-0.871728,-0.610287309,0.826838911,277.799164,-386.298828,32.2840805,35.727478,-78.6962051,54.2359123,1249.0,618.846863,2387,244662.89077622953
2025-10-07T19:57:43.147028+00:00,919,476.919189,9.83678055,-8.24261761,-5.51924,0.0435022712,-0.871728,-0.610287309,0.826838911,277.575775,-386.455231,32.4959602,35.727478,-78.6962051,54.0240402,1249.0,619.103088,2387,244663.1470275109
2025-10-07T19:57:43.403279+00:00,919,476.930481,9.80423927,-8.26873398,-5.51924,0.0444769785,-0.871728,-0.610287309,0.826838911,277.352386,-386.611603,32.70784,35.7274742,-78.6962051,53.8121567,1249.0,619.359375,2387,244663.40327879202
2025-10-07T19:57:43.659530+00:00,919,476.942,9.77169514,-8.29484749,-5.51924,0.0454516187,-0.871728,-0.610287309,0.826838911,277.129,-386.768,32.9197159,35.7274742,-78.6962051,53.6002769,1249.0,619.615601,2387,244663.65953007314
2025-10-07T19:57:43.915781+00:00,919,476.953766,9.73914814,-8.32095718,-5.51924,0.0464261845,-0.871728,-0.610287309,0.826838911,276.90564,-386.924377,33.1315956,35.7274704,-78.6962128,53.3884,1249.0,619.871826,2387,244663.91578135427
2025-10-07T19:57:44.172033+00:00,919,476.96579,9.70659828,-8.34706306,-5.51924,0.0474006794,-0.871728,-0.610287309,0.826838911,276.682251,-387.08078,33.3434753,35.7274704,-78.6962128,53.1765213,1249.0,620.128113,2387,244664.17203263563
2025-10-07T19:57:44.428284+00:00,919,476.978058,9.67404556,-8.37316418,-5.51924,0.0483750962,-0.871728,-0.610287309,0.826838911,276.458862,-387.237152,33.5553513,35.7274666,-78.6962128,52.9646454,1249.0,620.384338,2387,244664.428283917
2025-10-07T19:57:44.684535+00:00,919,476.99057,9.64149,-8.39926147,-5.51924,0.0493494384,-0.871728,-0.610287309,0.826838911,276.235474,-387.393555,33.767231,35.7274666,-78.6962128,52.7527657,1249.0,620.640625,2387,244664.68453519835
2025-10-07T19:57:44.940786+00:00,919,477.003357,9.6089325,-8.42535496,-5.51924,0.0503237061,-0.871728,-0.610287309,0.826838911,276.012115,-387.549927,33.9791107,35.7274628,-78.6962204,52.5408897,1249.0,620.896851,2387,244664.9407864797
2025-10-07T19:57:45.197038+00:00,919,466.748291,17.5270367,-7.43748,-6.98457193,-0.463703513,2.4802444,2.99279833,0.171403289,319.81076,-338.897552,26.8979607,35.7278595,-78.6956787,59.622036,1250.0,621.153137,2387,244665.19703776107
2025-10-07T19:57:45.453289+00:00,919,466.637238,17.6417255,-7.44039,-6.98457193,-0.456557572,2.47717547,2.99065661,0.171928406,320.404694,-338.179169,26.9442844,35.7278633,-78.6956711,59.5757141,1250.0,621.409363,2387,244665.45328904266
2025-10-07T19:57:45.709540+00:00,919,466.172882,16.8817863,-7.38232756,-8.1172266,-0.486257941,2.0791297,2.58985019,0.110387869,315.646027,-342.045898,26.2560596,35.7278214,-78.6957169,60.2639389,1251.0,621.665588,2387,244665.70954032402
2025-10-07T19:57:45.965792+00:00,919,466.050842,16.9825878,-7.38389444,-8.1172266,-0.482500523,2.07481623,2.58861876,0.111182541,316.158447,-341.40332,26.2867641,35.7278252,-78.6957092,60.2332344,1251.0,621.921875,2387,244665.96579160538
2025-10-07T19:57:46.222043+00:00,919,465.927948,17.0869331,-7.38507557,-8.1172266,-0.476567984,2.07481623,2.58861876,0.111182541,316.690125,-340.74,26.3152542,35.727829,-78.6957,60.2047424,1251.0,622.178101,2387,244666.22204288674
2025-10-07T19:57:46.478294+00:00,919,465.80661,17.1913357,-7.38623333,-8.1172266,-0.470630795,2.07481623,2.58861876,0.111182541,317.221802,-340.07666,26.3437443,35.7278366,-78.695694,60.1762505,1251.0,622.434387,2387,244666.4782941681
2025-10-07T19:57:46.734545+00:00,919,465.686768,17.2957916,-7.38736725,-8.1172266,-0.464689,2.07481623,2.58861876,0.111182541,317.753479,-339.41333,26.3722363,35.7278404,-78.6956863,60.1477661,1251.0,622.690613,2387,244666.7345454497
2025-10-07T19:57:46.990797+00:00,919,465.568451,17.400301,-7.38847733,-8.1172266,-0.458742619,2.07481623,2.58861876,0.111182541,318.285156,-338.75,26.4007263,35.7278442,-78.6956787,60.1192703,1251.0,622.946899,2387,244666.99079673106
2025-10-07T19:57:47.247048+00:00,919,465.45166,17.5048637,-7.38956356,-8.1172266,-0.45279175,2.07481623,2.58861876,0.111182541,318.816833,-338.086639,26.4292164,35.7278481,-78.6956711,60.0907822,1251.0,623.203125,2387,244667.24704801242
2025-10-07T19:57:47.503299+00:00,919,465.336395,17.6094799,-7.39062643,-8.1172266,-0.446836412,2.07481623,2.58861876,0.111182541,319.348511,-337.423309,26.4577084,35.7278557,-78.6956635,60.0622902,1251.0,623.459351,2387,244667.50329929378
2025-10-07T19:57:47.759551+00:00,919,465.560944,18.3678741,-6.80998278,-8.99102211,-0.270923167,2.61734724,2.89206958,-0.471851379,324.184753,-333.420441,21.9563,35.7278976,-78.6956177,64.5636902,1252.0,623.715637,2387,244667.75955057514
2025-10-07T19:57:48.015802+00:00,919,465.490448,18.4889851,-6.79300117,-8.99102211,-0.265811771,2.61098075,2.89080453,-0.46458441,324.841736,-332.688904,21.8469429,35.7279053,-78.69561,64.6730576,1252.0,623.971863,2387,244668.0158018565
2025-10-07T19:57:48.272053+00:00,919,465.423401,18.6119556,-6.7747221,-8.99102211,-0.25737679,2.61098075,2.89080453,-0.46458441,325.510803,-331.948151,21.7278919,35.7279091,-78.6956,64.7921066,1252.0,624.228149,2387,244668.27205313786
2025-10-07T19:57:48.528304+00:00,919,465.358521,18.734951,-6.75640678,-8.99102211,-0.248938203,2.61098075,2.89080453,-0.46458441,326.179871,-331.207367,21.6088409,35.7279167,-78.6955948,64.9111557,1252.0,624.484375,2387,244668.52830441945
2025-10-07T19:57:48.784556+00:00,919,465.295837,18.8579693,-6.73805523,-8.99102211,-0.240496159,2.61098075,2.89080453,-0.46458441,326.848938,-330.466614,21.4897919,35.7279205,-78.6955872,65.0302048,1252.0,624.740601,2387,244668.7845557008
2025-10-07T19:57:49.040807+00:00,919,465.235291,18.9810123,-6.71966839,-8.99102211,-0.232050762,2.61098075,2.89080453,-0.46458441,327.518,-329.72583,21.3707409,35.7279282,-78.6955795,65.1492615,1252.0,624.996887,2387,244669.04080698217
2025-10-07T19:57:49.297058+00:00,919,465.17691,19.1040764,-6.70124626,-8.99102211,-0.223602131,2.61098075,2.89080453,-0.46458441,328.187073,-328.985046,21.2516899,35.727932,-78.6955719,65.2683,1252.0,625.253113,2387,244669.29705826353
2025-10-07T19:57:49.553310+00:00,919,465.120667,19.2271633,-6.68278885,-8.99102211,-0.215150371,2.61098075,2.89080453,-0.46458441,328.85614,-328.244293,21.1326408,35.7279396,-78.6955643,65.3873596,1252.0,625.509399,2387,244669.5533095449
2025-10-07T19:57:49.809561+00:00,919,465.06662,19.3502674,-6.66429615,-8.99102211,-0.206695601,2.61098075,2.89080453,-0.46458441,329.525208,-327.50351,21.0135899,35.7279472,-78.6955566,65.5064087,1252.0,625.765625,2387,244669.80956082625
2025-10-07T19:57:50.065812+00:00,919,465.01474,19.4733925,-6.64576912,-8.99102211,-0.198237941,2.61098075,2.89080453,-0.46458441,330.194275,-326.762726,20.8945389,35.727951,-78.6955414,65.6254578,1252.0,626.021912,2387,244670.0658121076
2025-10-07T19:57:50.322063+00:00,919,464.965027,19.5965347,-6.62720776,-8.99102211,-0.189777508,2.61098075,2.89080453,-0.46458441,330.863342,-326.021973,20.7754898,35.7279587,-78.6955338,65.7445068,1252.0,626.278137,2387,244670.32206338897
2025-10-07T19:57:50.578315+00:00,919,464.91748,19.7196922,-6.60861158,-8.99102211,-0.181314439,2.61098075,2.89080453,-0.46458441,331.53241,-325.281189,20.6564388,35.7279625,-78.6955261,65.8635559,1252.0,626.534363,2387,244670.57831467033
2025-10-07T19:57:50.834566+00:00,919,464.872101,19.8428669,-6.58998203,-8.99102211,-0.172848806,2.61098075,2.89080453,-0.46458441,332.201477,-324.540436,20.5373878,35.7279701,-78.6955185,65.9826126,1252.0,626.790649,2387,244670.8345659517
2025-10-07T19:57:51.090817+00:00,919,464.828918,19.9660549,-6.57131815,-8.99102211,-0.164380774,2.61098075,2.89080453,-0.46458441,332.870544,-323.799652,20.4183388,35.7279778,-78.6955109,66.1016541,1252.0,627.046875,2387,244671.09081723305
2025-10-07T19:57:51.347069+00:00,919,464.787872,20.0892563,-6.55262136,-8.99102211,-0.155910432,2.61098075,2.89080453,-0.46458441,333.539612,-323.058868,20.2992878,35.7279816,-78.6955,66.2207108,1252.0,627.303162,2387,244671.3470685144
2025-10-07T19:57:51.603320+00:00,919,464.749,20.2124691,-6.53389072,-8.99102211,-0.1474379,2.61098075,2.89080453,-0.46458441,334.208679,-322.318115,20.1802368,35.7279892,-78.6954956,66.3397598,1252.0,627.559387,2387,244671.60331979577
2025-10-07T19:57:51.859571+00:00,919,464.712311,20.3356934,-6.51512766,-8.99102211,-0.138963312,2.61098075,2.89080453,-0.46458441,334.877747,-321.577332,20.0611877,35.727993,-78.695488,66.4588089,1252.0,627.815674,2387,244671.85957107713
2025-10-07T19:57:52.115822+00:00,919,464.677795,20.4589272,-6.49633169,-8.99102211,-0.130486757,2.61098075,2.89080453,-0.46458441,335.546814,-320.836548,19.9421368,35.728,-78.6954803,66.5778656,1252.0,628.071899,2387,244672.1158223585
2025-10-07T19:57:52.372074+00:00,919,464.645416,20.5821686,-6.47750282,-8.99102211,-0.122008391,2.61098075,2.89080453,-0.46458441,336.215881,-320.095795,19.8230858,35.7280045,-78.6954727,66.6969147,1252.0,628.328125,2387,244672.37207363985
2025-10-07T19:57:52.628325+00:00,919,464.615265,20.7054176,-6.45864201,-8.99102211,-0.113528304,2.61098075,2.89080453,-0.46458441,336.884949,-319.355,19.7040367,35.7280121,-78.6954651,66.8159637,1252.0,628.584412,2387,244672.6283249212
2025-10-07T19:57:52.884576+00:00,919,464.58725,20.8286743,-6.43974924,-8.99102211,-0.10504663,2.61098075,2.89080453,-0.46458441,337.554016,-318.614258,19.5849857,35.7280197,-78.6954575,66.9350128,1252.0,628.840637,2387,244672.88457620257
2025-10-07T19:57:53.140827+00:00,919,464.561401,20.9519348,-6.42082453,-8.99102211,-0.0965634733,2.61098075,2.89080453,-0.46458441,338.223083,-317.873474,19.4659348,35.7280235,-78.6954498,67.0540619,1252.0,629.096924,2387,244673.14082747416
2025-10-07T19:57:53.397079+00:00,919,454.474915,21.0744362,-4.59660387,-8.6245,-1.06199217,2.00512862,3.66977835,-2.27506018,332.167206,-310.14679,4.62260675,35.7279701,-78.6953583,81.8973923,1253.0,629.353149,2387,244673.39707875552
2025-10-07T19:57:53.653330+00:00,919,454.194702,21.2111073,-4.51115704,-8.6245,-1.03719199,2.02199888,3.67033,-2.29911447,332.718964,-309.152161,3.9815352,35.7279739,-78.6953506,82.5384598,1253.0,629.609375,2387,244673.65333003688
2025-10-07T19:57:53.909581+00:00,919,453.61441,21.0036354,-4.81286764,-8.1192,-0.611295879,2.14317393,3.14371252,-1.95934927,331.100403,-309.998108,6.30488491,35.7279587,-78.6953583,80.2151184,1254.0,629.865662,2387,244673.90958131824
2025-10-07T19:57:54.165833+00:00,919,453.640289,20.6218071,-4.65584087,-8.31863499,-0.250893146,2.03692627,2.47803855,-2.12881851,329.096649,-312.186432,4.95620823,35.7279434,-78.6953812,81.5637894,1255.0,630.121887,2387,244674.1658325996
2025-10-07T19:57:54.422084+00:00,919,453.577271,20.7232056,-4.58343077,-8.31863499,-0.241694257,2.03783393,2.477741,-2.12903857,329.618652,-311.551636,4.4108634,35.7279472,-78.6953735,82.1091309,1255.0,630.378174,2387,244674.42208388096
2025-10-07T19:57:54.678335+00:00,919,453.516388,20.8246384,-4.51095724,-8.31863499,-0.233350232,2.03783393,2.477741,-2.12903857,330.140869,-310.916718,3.86529469,35.727951,-78.6953659,82.6547,1255.0,630.634399,2387,244674.67833516232
2025-10-07T19:57:54.934586+00:00,919,453.457672,20.9260769,-4.43845081,-8.31863499,-0.2250029,2.03783393,2.477741,-2.12903857,330.663055,-310.281799,3.31972575,35.7279549,-78.6953659,83.2002716,1255.0,630.890686,2387,244674.93458644368
2025-10-07T19:57:55.190838+00:00,919,453.434326,20.4919395,-4.25292873,-9.73436642,-0.256924421,1.40227568,1.83143628,-2.41716981,328.336029,-312.722198,1.73145127,35.7279358,-78.6953888,84.7885437,1256.0,631.146912,2387,244675.19083772504
2025-10-07T19:57:55.447089+00:00,919,453.085144,20.4102478,-4.57744741,-10.4216986,-0.16630967,1.26877093,1.54809022,-1.49903703,327.564728,-313.000397,4.27221346,35.7279282,-78.6954,82.2477798,1257.0,631.403137,2387,244675.4470890064
2025-10-07T19:57:55.703340+00:00,919,453.043121,20.4738503,-4.52636814,-10.4216986,-0.164163575,1.26975942,1.55113053,-1.5010649,327.892548,-312.601105,3.88570881,35.727932,-78.6953888,82.6342926,1257.0,631.659424,2387,244675.70334028776
2025-10-07T19:57:55.959592+00:00,919,452.072266,20.4831543,-4.97141552,-10.3662539,-0.313928246,1.10146368,1.60272789,-0.308992803,327.123871,-311.937042,7.389,35.7279243,-78.6953812,79.131,1258.0,631.915649,2387,244675.95959156912
2025-10-07T19:57:56.215843+00:00,919,451.991516,20.5455685,-4.959023,-10.3662539,-0.313847154,1.10053551,1.60470784,-0.311049223,327.40686,-311.52478,7.30717516,35.7279282,-78.6953735,79.2128296,1258.0,632.171936,2387,244676.21584285048
2025-10-07T19:57:56.472094+00:00,919,452.679901,19.9761906,-5.86695862,-10.6496267,-0.056703914,0.255271047,0.437729508,2.05897093,324.509979,-315.288849,14.3297367,35.7279,-78.6954193,72.1902542,1259.0,632.428162,2387,244676.47209413137
2025-10-07T19:57:56.728345+00:00,919,453.092,20.1015739,-5.66513109,-10.9079065,0.156560555,0.572406173,0.423663795,1.40638888,325.563446,-314.860962,12.7823887,35.7279091,-78.6954117,73.7376099,1260.0,632.684448,2387,244676.7283454125
2025-10-07T19:57:56.984597+00:00,919,453.13147,20.126112,-5.7095356,-10.9079065,0.15719001,0.572707057,0.424975693,1.40422213,325.710144,-314.751251,13.140995,35.7279129,-78.6954117,73.3790054,1260.0,632.940674,2387,244676.98459669363
2025-10-07T19:57:57.240848+00:00,919,453.592438,21.1631279,-5.86337948,-11.305625,0.397312641,2.25920153,1.92605698,1.80869389,331.598022,-309.150421,14.6584139,35.7279663,-78.6953506,71.8615799,1261.0,633.196899,2387,244677.24084797475
2025-10-07T19:57:57.497099+00:00,919,453.694397,21.2609024,-5.91795969,-11.305625,0.402519733,2.25685477,1.92571974,1.80791795,332.175323,-308.657623,15.1210251,35.7279701,-78.695343,71.3989716,1261.0,633.453186,2387,244677.4970992561
2025-10-07T19:57:57.753351+00:00,919,454.129333,22.0990982,-6.5804491,-11.3457613,0.605980575,3.40953803,3.1085031,3.51945925,336.663086,-304.082642,20.6196041,35.7280121,-78.6953,65.9004,1262.0,633.709412,2387,244677.75335053747
2025-10-07T19:57:58.009602+00:00,919,454.223358,21.9791584,-6.4180274,-11.5795965,0.295675129,2.74873185,2.76307,2.72331905,336.174255,-304.849335,19.3035126,35.7280045,-78.6953049,67.2164841,1263.0,633.965698,2387,244678.00960181883
2025-10-07T19:57:58.265853+00:00,919,454.30069,22.1088543,-6.50092268,-11.5795965,0.309676,2.74918318,2.7615819,2.72286534,336.878052,-304.141876,20.0007172,35.7280121,-78.6953,66.5192795,1263.0,634.221924,2387,244678.2658531002
2025-10-07T19:57:58.522104+00:00,919,454.71933,22.2444057,-6.57835197,-11.6554308,0.243060797,2.66726518,2.7872014,2.69017911,337.866302,-303.625916,20.672224,35.7280197,-78.6952896,65.8477707,1264.0,634.478149,2387,244678.52210438155
2025-10-07T19:57:58.778356+00:00,919,454.784363,22.3727055,-6.6601429,-11.6554308,0.258110017,2.66871738,2.78485417,2.69000673,338.549713,-302.913544,21.3608971,35.7280273,-78.695282,65.1591,1264.0,634.734436,2387,244678.77835566291
2025-10-07T19:57:59.034607+00:00,919,454.729675,22.6151581,-6.49759483,-11.9890957,0.246879086,2.86593819,2.99645829,2.06294394,339.853302,-301.45166,20.1420784,35.7280388,-78.6952667,66.3779144,1265.0,634.990662,2387,244679.03460694427
2025-10-07T19:57:59.290858+00:00,919,453.626709,22.5236397,-6.64885664,-12.0233822,-0.0934855938,2.30571175,2.8928535,2.28779173,338.481476,-301.256409,21.2617,35.7280273,-78.6952591,65.2583,1266.0,635.246948,2387,244679.2908582254
2025-10-07T19:57:59.547110+00:00,919,453.604889,22.6466827,-6.71855879,-12.0233822,-0.0827201307,2.30561757,2.89261889,2.28784442,339.072571,-300.516022,21.8478203,35.7280312,-78.6952515,64.6721802,1266.0,635.503174,2387,244679.54710950653
2025-10-07T19:57:59.803361+00:00,919,453.585052,22.7698326,-6.7882576,-12.0233822,-0.07203646,2.30561757,2.89261889,2.28784442,339.663391,-299.77478,22.4340839,35.7280388,-78.6952438,64.085907,1266.0,635.75946,2387,244679.80336078766
2025-10-07T19:58:00.059612+00:00,919,453.567963,22.8930264,-6.85793066,-12.0233822,-0.0613514818,2.30561757,2.89261889,2.28784442,340.254211,-299.033539,23.0203476,35.7280426,-78.6952362,63.499649,1266.0,636.015686,2387,244680.05961206878
2025-10-07T19:58:00.315863+00:00,919,452.035919,22.527771,-7.08081,-12.1014404,-0.63115567,1.1709429,2.48132801,2.63343,337.102112,-300.156647,24.5894775,35.7280159,-78.6952515,61.9305191,1267.0,636.271912,2387,244680.3158633499
2025-10-07T19:58:00.572115+00:00,919,451.877777,22.6175613,-7.16409922,-12.1014404,-0.62037462,1.17390072,2.48037267,2.63262129,337.406189,-299.520264,25.2626686,35.7280159,-78.6952438,61.257328,1267.0,636.528198,2387,244680.57211463127
2025-10-07T19:58:00.828366+00:00,919,451.719818,22.7071056,-7.24763584,-12.1014404,-0.612388134,1.17390072,2.48037267,2.63262129,337.707,-298.884674,25.9372807,35.7280197,-78.6952362,60.5827141,1267.0,636.784424,2387,244680.82836591263
2025-10-07T19:58:01.084617+00:00,919,451.563934,22.7967453,-7.331213,-12.1014404,-0.604393303,1.17390072,2.48037267,2.63262129,338.007812,-298.249084,26.6118927,35.7280235,-78.6952286,59.9081039,1267.0,637.04071,2387,244681.084617194
2025-10-07T19:58:01.340868+00:00,919,451.410065,22.8864803,-7.41483,-12.1014404,-0.596390247,1.17390072,2.48037267,2.63262129,338.308624,-297.613464,27.2865067,35.7280235,-78.6952209,59.23349,1267.0,637.296936,2387,244681.34086847535
2025-10-07T19:58:01.597120+00:00,919,451.25827,22.9763107,-7.49848557,-12.1014404,-0.588379,1.17390072,2.48037267,2.63262129,338.609436,-296.977875,27.9611187,35.7280273,-78.6952133,58.5588837,1267.0,637.553162,2387,244681.5971197567
2025-10-07T19:58:01.853371+00:00,919,450.352112,22.2491608,-6.9095,-12.0588865,-0.693070173,0.22624433,1.38129556,1.19241571,334.487885,-300.670135,23.0730839,35.7279892,-78.6952591,63.4469109,1268.0,637.809448,2387,244681.85337103807
2025-10-07T19:58:02.109622+00:00,919,450.180267,22.2943306,-6.94947147,-12.0588865,-0.695523322,0.233678266,1.39655256,1.2003963,334.575134,-300.290894,23.3907986,35.727993,-78.6952515,63.1292,1268.0,638.065674,2387,244682.10962231943
2025-10-07T19:58:02.365874+00:00,919,449.589874,21.8507862,-7.21553135,-12.5482807,-0.67345351,-0.361153513,0.741358638,1.62869978,331.69046,-302.442749,25.3158035,35.7279663,-78.6952744,61.2041893,1269.0,638.32196,2387,244682.36587360056
2025-10-07T19:58:02.622125+00:00,919,449.418518,21.8648872,-7.2698946,-12.5482807,-0.674669743,-0.358499378,0.748678863,1.63021207,331.609283,-302.241547,25.7356186,35.7279663,-78.6952744,60.7843781,1269.0,638.578186,2387,244682.6221248817
2025-10-07T19:58:02.878376+00:00,919,448.836487,21.1695423,-6.50870323,-12.2694807,-0.611748874,-1.04461527,-0.223584473,-0.0226841103,327.891388,-305.874237,19.5548477,35.727932,-78.6953125,66.9651489,1270.0,638.834473,2387,244682.87837616258
2025-10-07T19:58:03.134627+00:00,919,448.387207,21.0486984,-6.48418474,-11.9425783,-0.548654795,-1.1036402,-0.380415052,-0.0878733173,326.933716,-306.255676,19.3100967,35.7279243,-78.6953201,67.2099,1271.0,639.090698,2387,244683.1346274437
2025-10-07T19:58:03.390879+00:00,919,448.24649,21.0148621,-6.48348,-11.9425783,-0.549711645,-1.10402179,-0.378283471,-0.0862226635,326.651978,-306.351654,19.2891541,35.7279205,-78.6953201,67.2308426,1271.0,639.346924,2387,244683.39087872507
2025-10-07T19:58:03.647130+00:00,919,448.105682,20.9808064,-6.48263359,-11.9425783,-0.549101293,-1.10402179,-0.378283471,-0.0862226635,326.36908,-306.448578,19.2670593,35.7279167,-78.6953201,67.2529373,1271.0,639.60321,2387,244683.64713000643
2025-10-07T19:58:03.903381+00:00,919,447.965057,20.9467297,-6.48178482,-11.9425783,-0.548490345,-1.10402179,-0.378283471,-0.0862226635,326.086151,-306.545502,19.2449646,35.7279167,-78.6953201,67.2750397,1271.0,639.859436,2387,244683.9033812878
2025-10-07T19:58:04.159633+00:00,919,447.824585,20.912632,-6.48093271,-11.9425783,-0.547878802,-1.10402179,-0.378283471,-0.0862226635,325.803253,-306.642456,19.2228699,35.7279129,-78.6953201,67.2971268,1271.0,640.115723,2387,244684.15963256915
2025-10-07T19:58:04.415884+00:00,919,447.684265,20.8785133,-6.48007822,-11.9425783,-0.547266662,-1.10402179,-0.378283471,-0.0862226635,325.520355,-306.73938,19.2007751,35.7279091,-78.6953201,67.3192215,1271.0,640.371948,2387,244684.4158838505
2025-10-07T19:58:04.672135+00:00,919,447.544128,20.8443737,-6.47922039,-11.9425783,-0.546654,-1.10402179,-0.378283471,-0.0862226635,325.237457,-306.836334,19.1786804,35.7279091,-78.6953278,67.3413239,1271.0,640.628235,2387,244684.67213513187
2025-10-07T19:58:04.928386+00:00,919,447.404114,20.8102112,-6.47836,-11.9425783,-0.546040714,-1.10402179,-0.378283471,-0.0862226635,324.954529,-306.933258,19.1565857,35.7279053,-78.6953278,67.3634109,1271.0,640.88446,2387,244684.92838641323
2025-10-07T19:58:05.184638+00:00,919,447.264282,20.7760296,-6.4774971,-11.9425783,-0.545426846,-1.10402179,-0.378283471,-0.0862226635,324.671631,-307.030182,19.134491,35.7279,-78.6953278,67.3855057,1271.0,641.140686,2387,244685.1846376946
2025-10-07T19:58:05.440889+00:00,919,447.124573,20.7418251,-6.47663069,-11.9425783,-0.544812441,-1.10402179,-0.378283471,-0.0862226635,324.388733,-307.127136,19.1123962,35.7279,-78.6953278,67.4076,1271.0,641.397,2387,244685.44088897548
2025-10-07T19:58:05.697140+00:00,919,446.985046,20.7076,-6.47576189,-11.9425783,-0.54419744,-1.10402179,-0.378283471,-0.0862226635,324.105804,-307.22406,19.0903015,35.7278976,-78.6953278,67.4296951,1271.0,641.653198,2387,244685.6971402566
2025-10-07T19:58:05.953392+00:00,919,446.845673,20.6733532,-6.47489,-11.9425783,-0.543581903,-1.10402179,-0.378283471,-0.0862226635,323.822906,-307.321,19.0682068,35.7278938,-78.6953278,67.4517899,1271.0,641.909485,2387,244685.95339153774
2025-10-07T19:58:06.209643+00:00,919,451.986237,20.781702,-4.48089361,-11.2117825,0.831159472,0.108414024,-1.13786411,-3.56218576,328.802765,-310.108582,3.60329676,35.7279396,-78.6953583,82.9167,1272.0,642.16571,2387,244686.20964281887
2025-10-07T19:58:06.465894+00:00,919,452.222229,20.7546329,-4.36077833,-11.2117825,0.83544445,0.112586342,-1.12872434,-3.61492467,328.85614,-310.405487,2.65022302,35.7279396,-78.6953659,83.8697739,1272.0,642.421936,2387,244686.46589410023
2025-10-07T19:58:06.722145+00:00,919,452.480927,20.3686409,-4.70807457,-10.807354,0.481286943,-0.581611931,-1.34944117,-2.70005202,326.869049,-312.838104,5.28600788,35.7279205,-78.6953888,81.2339935,1273.0,642.678223,2387,244686.7221453816
2025-10-07T19:58:06.978397+00:00,919,452.654785,20.2150955,-4.46135426,-11.5884342,0.219397947,-0.885055363,-1.2692281,-3.10596,326.218536,-313.794464,3.29810643,35.7279167,-78.6954041,83.2218857,1274.0,642.934448,2387,244686.97839666295
2025-10-07T19:58:07.234648+00:00,919,452.711609,20.1618958,-4.36240196,-11.5884342,0.225904018,-0.885139406,-1.26890981,-3.10560632,325.991425,-314.119598,2.50263953,35.7279129,-78.6954041,84.0173569,1274.0,643.190735,2387,244687.2346479443
2025-10-07T19:58:07.490899+00:00,919,452.770355,20.1087475,-4.2634263,-11.5884342,0.232688,-0.885139406,-1.26890981,-3.10560632,325.764618,-314.444763,1.70682395,35.7279129,-78.6954117,84.8131714,1274.0,643.44696,2387,244687.49089922567
2025-10-07T19:58:07.747151+00:00,919,452.830841,20.0556259,-4.16447306,-11.5884342,0.239469275,-0.885139406,-1.26890981,-3.10560632,325.537811,-314.769928,0.911008358,35.7279091,-78.6954117,85.6089935,1274.0,643.703247,2387,244687.74715050703
2025-10-07T19:58:08.003402+00:00,919,452.893097,20.0025311,-4.06554317,-11.5884342,0.246247813,-0.885139406,-1.26890981,-3.10560632,325.310974,-315.095093,0.115192734,35.7279091,-78.6954193,86.404808,1274.0,643.959473,2387,244688.0034017884
2025-10-07T19:58:08.259653+00:00,919,452.957062,19.9494648,-3.96663713,-11.5884342,0.253023505,-0.885139406,-1.26890981,-3.10560632,325.084167,-315.420258,-0.680622876,35.7279053,-78.6954193,87.2006226,1274.0,644.215698,2387,244688.25965306952
2025-10-07T19:58:08.515904+00:00,919,453.022766,19.8964272,-3.86775589,-11.5884342,0.259796292,-0.885139406,-1.26890981,-3.10560632,324.85733,-315.745392,-1.47643852,35.7279053,-78.6954193,87.9964371,1274.0,644.472,2387,244688.51590435064
2025-10-07T19:58:08.772156+00:00,919,453.09021,19.8434162,-3.76890063,-11.5884342,0.266566098,-0.885139406,-1.26890981,-3.10560632,324.630524,-316.070557,-2.27225399,35.7279,-78.6954269,88.7922516,1274.0,644.72821,2387,244688.77215563177
2025-10-07T19:58:09.028407+00:00,919,453.159393,19.7904339,-3.67007208,-11.5884342,0.273332864,-0.885139406,-1.26890981,-3.10560632,324.403717,-316.395721,-3.0680697,35.7279,-78.6954269,89.5880661,1274.0,644.984497,2387,244689.02840691266
2025-10-07T19:58:09.284658+00:00,919,453.230286,19.7374802,-3.5712707,-11.5884342,0.280096471,-0.885139406,-1.26890981,-3.10560632,324.17688,-316.720886,-3.8638854,35.7278976,-78.6954346,90.3838806,1274.0,645.240723,2387,244689.28465818355
2025-10-07T19:58:09.540909+00:00,919,453.302917,19.6845551,-3.4724977,-11.5884342,0.28685686,-0.885139406,-1.26890981,-3.10560632,323.950073,-317.046051,-4.65970087,35.7278938,-78.6954346,91.1797,1274.0,645.497,2387,244689.54090946467
2025-10-07T19:58:09.797161+00:00,919,453.377289,19.6316566,-3.37375355,-11.5884342,0.29361397,-0.885139406,-1.26890981,-3.10560632,323.723267,-317.371216,-5.45551634,35.7278938,-78.6954422,91.9755173,1274.0,645.753235,2387,244689.7971607458
2025-10-07T19:58:10.053412+00:00,919,453.4534,19.5787868,-3.27503967,-11.5884342,0.300367713,-0.885139406,-1.26890981,-3.10560632,323.496429,-317.696381,-6.25133228,35.72789,-78.6954422,92.7713318,1274.0,646.00946,2387,244690.0534120267
2025-10-07T19:58:10.309663+00:00,919,453.53125,19.5259457,-3.17635632,-11.5884342,0.307118028,-0.885139406,-1.26890981,-3.10560632,323.269623,-318.021515,-7.04714775,35.72789,-78.6954498,93.5671463,1274.0,646.265747,2387,244690.30966331807
2025-10-07T19:58:10.565915+00:00,919,453.610809,19.4731331,-3.07770443,-11.5884342,0.313864827,-0.885139406,-1.26890981,-3.10560632,323.042786,-318.34668,-7.84296322,35.7278862,-78.6954498,94.3629608,1274.0,646.522,2387,244690.56591459943
2025-10-07T19:58:10.822166+00:00,919,453.692108,19.4203491,-2.97908497,-11.5884342,0.32060802,-0.885139406,-1.26890981,-3.10560632,322.815979,-318.671844,-8.63877869,35.7278862,-78.6954575,95.1587753,1274.0,646.778259,2387,244690.8221658808
2025-10-07T19:58:11.078417+00:00,919,453.775116,19.3675938,-2.88049865,-11.5884342,0.327347577,-0.885139406,-1.26890981,-3.10560632,322.589172,-318.997,-9.43459415,35.7278824,-78.6954575,95.9545898,1274.0,647.034485,2387,244691.07841716215
2025-10-07T19:58:11.334668+00:00,919,453.859863,19.314867,-2.78194642,-11.5884342,0.334083378,-0.885139406,-1.26890981,-3.10560632,322.362335,-319.322174,-10.2304106,35.7278824,-78.6954651,96.750412,1274.0,647.29071,2387,244691.33466844328
2025-10-07T19:58:11.590920+00:00,919,453.94635,19.262167,-2.683429,-11.5884342,0.340815365,-0.885139406,-1.26890981,-3.10560632,322.135529,-319.647339,-11.026226,35.7278786,-78.6954651,97.5462189,1274.0,647.547,2387,244691.5909197244
2025-10-07T19:58:11.847171+00:00,919,454.034546,19.2094975,-2.58494735,-11.5884342,0.347543478,-0.885139406,-1.26890981,-3.10560632,321.908722,-319.972473,-11.8220415,35.7278786,-78.6954727,98.342041,1274.0,647.803223,2387,244691.84717100553
2025-10-07T19:58:12.103422+00:00,919,454.124451,19.1568584,-2.48650193,-11.5884342,0.354267627,-0.885139406,-1.26890981,-3.10560632,321.681885,-320.297638,-12.617857,35.7278748,-78.6954727,99.1378555,1274.0,648.059509,2387,244692.10342228666
2025-10-07T19:58:12.359674+00:00,919,454.216095,19.1042461,-2.38809395,-11.5884342,0.360987753,-0.885139406,-1.26890981,-3.10560632,321.455078,-320.622803,-13.4136724,35.7278748,-78.6954803,99.93367,1274.0,648.315735,2387,244692.35967356802
2025-10-07T19:58:12.615925+00:00,919,454.309448,19.0516624,-2.28972387,-11.5884342,0.367703766,-0.885139406,-1.26890981,-3.10560632,321.228241,-320.947968,-14.2094879,35.7278709,-78.6954803,100.729485,1274.0,648.572,2387,244692.61592484938
2025-10-07T19:58:12.872176+00:00,919,454.404541,18.9991093,-2.19139266,-11.5884342,0.374415606,-0.885139406,-1.26890981,-3.10560632,321.001434,-321.273132,-15.0053034,35.7278709,-78.6954803,101.525299,1274.0,648.828247,2387,244692.87217613074
2025-10-07T19:58:13.128427+00:00,919,454.501343,18.9465847,-2.09310126,-11.5884342,0.381123215,-0.885139406,-1.26890981,-3.10560632,320.774628,-321.598297,-15.8011198,35.7278671,-78.695488,102.321121,1274.0,649.084473,2387,244693.1284274121
2025-10-07T19:58:13.384679+00:00,919,454.599884,18.8940887,-1.99485028,-11.5884342,0.387826473,-0.885139406,-1.26890981,-3.10560632,320.547791,-321.923431,-16.5969353,35.7278633,-78.695488,103.116928,1274.0,649.340759,2387,244693.38467869323
2025-10-07T19:58:13.640930+00:00,919,454.700104,18.8416214,-1.89664054,-11.5884342,0.394525349,-0.885139406,-1.26890981,-3.10560632,320.320984,-322.248596,-17.3927498,35.7278633,-78.6954956,103.91275,1274.0,649.597,2387,244693.6409299746
2025-10-07T19:58:13.897181+00:00,919,454.802063,18.7891846,-1.79847288,-11.5884342,0.401219755,-0.885139406,-1.26890981,-3.10560632,320.094177,-322.573761,-18.1885662,35.7278595,-78.6954956,104.708565,1274.0,649.853271,2387,244693.89718125595
2025-10-07T19:58:14.153433+00:00,919,454.905731,18.7367764,-1.70034814,-11.5884342,0.407909632,-0.885139406,-1.26890981,-3.10560632,319.86734,-322.898926,-18.9843826,35.7278595,-78.6955,105.504379,1274.0,650.109497,2387,244694.1534325373
2025-10-07T19:58:14.409684+00:00,919,455.011108,18.6843987,-1.60226703,-11.5884342,0.414594889,-0.885139406,-1.26890981,-3.10560632,319.640533,-323.224091,-19.7801971,35.7278557,-78.6955,106.300194,1274.0,650.365784,2387,244694.40968381843
2025-10-07T19:58:14.665935+00:00,919,455.118225,18.6320496,-1.50423038,-11.5884342,0.421275467,-0.885139406,-1.26890981,-3.10560632,319.413696,-323.549255,-20.5760136,35.7278557,-78.6955109,107.096008,1274.0,650.622,2387,244694.66593509956
2025-10-07T19:58:14.922186+00:00,919,455.22702,18.579731,-1.40623891,-11.5884342,0.427951276,-0.885139406,-1.26890981,-3.10560632,319.18689,-323.87439,-21.3718281,35.7278519,-78.6955109,107.89183,1274.0,650.878235,2387,244694.9221863807
2025-10-07T19:58:15.178438+00:00,919,455.337555,18.527441,-1.30829358,-11.5884342,0.434622288,-0.885139406,-1.26890981,-3.10560632,318.960083,-324.199554,-22.1676445,35.7278519,-78.6955185,108.687637,1274.0,651.134521,2387,244695.17843766182
2025-10-07T19:58:15.434689+00:00,919,455.449768,18.4751797,-1.21039498,-11.5884342,0.441288412,-0.885139406,-1.26890981,-3.10560632,318.733246,-324.524719,-22.963459,35.7278481,-78.6955185,109.483459,1274.0,651.390747,2387,244695.43468894318
2025-10-07T19:58:15.690940+00:00,919,455.56369,18.4229507,-1.11254394,-11.5884342,0.447949558,-0.885139406,-1.26890981,-3.10560632,318.506439,-324.849884,-23.7592754,35.7278481,-78.6955261,110.279274,1274.0,651.647034,2387,244695.69094022454
2025-10-07T19:58:15.947192+00:00,919,455.679352,18.3707485,-1.01474142,-11.5884342,0.454605669,-0.885139406,-1.26890981,-3.10560632,318.279633,-325.175049,-24.5550919,35.7278442,-78.6955261,111.075089,1274.0,651.903259,2387,244695.9471915059
2025-10-07T19:58:16.203443+00:00,919,455.796692,18.3185787,-0.916987956,-11.5884342,0.461256683,-0.885139406,-1.26890981,-3.10560632,318.052795,-325.500214,-25.3509064,35.7278442,-78.6955338,111.870903,1274.0,652.159485,2387,244696.20344278726
2025-10-07T19:58:16.459694+00:00,919,455.915741,18.2664375,-0.819284439,-11.5884342,0.467902511,-0.885139406,-1.26890981,-3.10560632,317.826,-325.825348,-26.1467228,35.7278404,-78.6955338,112.666718,1274.0,652.415771,2387,244696.45969406815
2025-10-07T19:58:16.715945+00:00,919,456.036499,18.2143269,-0.721631587,-11.5884342,0.474543095,-0.885139406,-1.26890981,-3.10560632,317.599152,-326.150513,-26.9425373,35.7278366,-78.6955414,113.462532,1274.0,652.672,2387,244696.71594534928
2025-10-07T19:58:16.972197+00:00,919,456.158936,18.1622448,-0.624030232,-11.5884342,0.481178373,-0.885139406,-1.26890981,-3.10560632,317.372345,-326.475677,-27.7383537,35.7278366,-78.6955414,114.258347,1274.0,652.928284,2387,244696.9721966304
2025-10-07T19:58:17.228448+00:00,919,446.470642,20.8550606,-6.05021,-12.4531603,-0.279363662,-0.0860845074,0.361271262,0.872799873,324.69043,-306.043457,15.797267,35.7279,-78.6953125,70.7227325,1275.0,653.184509,2387,244697.2284479013
2025-10-07T19:58:17.484699+00:00,919,446.420929,20.8512325,-6.06345558,-12.4531603,-0.292075634,-0.102806292,0.361211658,0.850900948,324.628815,-306.031128,15.8975296,35.7279,-78.6953125,70.622467,1275.0,653.440796,2387,244697.48469918242
2025-10-07T19:58:17.740950+00:00,919,446.573486,22.5629864,-6.87708664,-13.3832788,0.0695512667,0.888215721,1.01167822,1.53204167,333.311157,-296.336731,22.7180214,35.7279816,-78.6952057,63.8019791,1276.0,653.697,2387,244697.74095046354
2025-10-07T19:58:17.997202+00:00,919,446.593201,22.6070061,-6.92304945,-13.3832788,0.0672981739,0.883103311,1.01238132,1.52769029,333.528778,-296.092804,23.0893478,35.7279816,-78.6952057,63.4306526,1276.0,653.953247,2387,244697.99720174444
